id	title	author	date	a	b	v	x
260668		Bunyan, John	1810	['Ink']			
260729	The adventures of Ferdinand Count Fathom. By Dr. Smollett, author of Roderick Random; Peregrine Pickle, &c. &c. In two volumes. Vol. I.	Smollett, Tobias George	1817	['Ink']	['Numbers']	['v.1']	['The following numbers appear at the bottom of the first page of the dedication: 371481.']
260773	Rasselas, a tale. By Samuel Johnson, LL.D.	Johnson, Samuel	1816	['Pencil']	['Words']		['It is written, ""Passions subdued?"" on page 78, as well as ""of Fielding.""', 'On page 114, it is written, ""Marriage of 116""', 'On page 125, it is scribbled ""spirits"" at the top right hand corner.', 'On page 128, it is scribbled ""pyramids"" on the top left hand corner.', 'On page 135, it is scribbled ""guilt of virtue"" and ""conscience?"" on the top right hand corner."']
260807	The heroine, or adventures of Cherubina, by Eaton Stannard Barrett, Esq.  Third edition.  In three volumes.  Vol. I.	Barrett, Eaton Stannard	1815	['Ink']	['Words']	['v.1', 'v.2', 'v.3']	
260812	A narrative of the travels of John Vandeluer, on the Western continent. Containing an account of the conversion of an Indian chief and his family to Christianity. Being a letter written by him to his uncle in Philadelphia, in the year 1796.	Vandelure, John	1817	['Pencil']	['Words']		['The marginalia seems to have been written by a librarian.']
260815	Armata: a fragment. Sixth edition.	Erskine, Thomas Erskine	1818	['Ink']	['Words']		['Words read, ""To George Colman Esq. with the authors fond remembrance and respects--"']
260833	Rob Roy. By the Author of ""Waverley,"" ""Guy Mannering,"" and ""The Antiquary."" In three Volumes. Vol. I.	Scott, Walter	1818	['Pencil']	['Words']	['v.2']	['Bottom of page 30']
260834	Rob Roy. By the Author of ""Waverley,"" ""Guy Mannering,"" and ""The Antiquary."" In three Volumes. Vol. I.	Scott, Walter	1818	['Pencil']	['Words']	['v.2']	['Bottom of page 30']
260852	Six Weeks at Long's. By a late resident. Second edition. In three volumes. Vol. I.	Barrett, Eaton Stannard	1817	['Ink']	['Numbers']	['v.3']	['The numbers, ""297139"" appear at the bottom of the first page of Chapter XV in the tihrd volume of the series."']
260959	The castles of Athlin and Dunbayne. A highland story. By Anne Radcliffe.	Radcliffe, Ann Ward	1811	['Pencil']	['Words']		['A few accompany the pencil lines used to draw attention to specific parts of the text.']
260973	Cava of Toledo; Or, The Gothic Princess. A Romance. In Five Volumes. By Augusta Amelia Stuart, author of Ludovico's Tale; The English Brothers; Exile of Portugal, &c. &c. Vol. I.	Stuart, Augusta Amelia	1812	['Ink']	['Editorial markings']	['v.2']	['Some phrases are underlined.']
261063	The Thatcher's Wife; or an account of Mary Camps.	Richmond, Legh	1819	['Pencil']	['Editorial markings']	['v.1']	['Some words are crossed out in some of the stories in volume 1.']
261089	The Absentee: a Tale. By Miss Edgeworth, author of Practical Education, Belinda, Castle Rackrent, Essay on Irish Bulls, Tales of Fashionable Life, &c. In two volumes. Vol. I	Edgeworth, Maria	1812	['Ink']	['Name']	['v.1']	['""A. Miller 1820"']
276043	A sequel to the Antidote to the miseries of human life, containing a further account of Mrs. Placid and Her Daughter Rachel.	Corp, Harriet	1814	['Yes']	['Ink']		
276103	Bannockburn; a novel: being a sequel to the Scottish chiefs by (Miss Jane Porter). In two volumes. Vol.I.		1822	['Yes']	['Ink']	['v.2']	
276155	Tell-tale sophas, an eclectic fable, in three volumes. Founded on anecdotes, foreign and domestic. By John Battersby. Volume the second.	Battersby, John	1814	['Pencil']	['Words']		['Illegible marginal notes are written on various pages.']
374841	Never despair : a tale of the emigrants. Founded on fact.	Bokum, Hermann	1837	['Pencil']	['Words']		['Recto, page opposite front cover; three lines, illegible.']
375432	Modern chivalry: containing the adventures of Captain John Farrago, and Teague Oregan, his servant. Volume I. By H. H. Brackenridge.	Brackenridge, H. H	1792	['Ink']	['Words']	['v.1']	['""Judge"" written after author claim on full title. (Brackenridge was, in fact, a judge.)"']
375707	Sheppard Lee. Written by himself. [Epigraph.] In two volumes. Vol. I.	Bird, Robert Montgomery	1836	['Ink']	['Words']	['v.1']	['Page iv. Illegible.']
375855	Modern chivalry, containing the adventures of a captain, and Teague O'Regan, his servant. By H. H. Brackenridge.	Brackenridge, H. H	1825	['Pencil']	['Words']		['Full title, between epigraph and publication information; faded into illegibility.']
375929	The reign of reform, or, Yankee Doodle court. By a lady.	Botsford	1830	['Pencil']	['Words']		['""Mrs. Botsford - Authoress of --- viola""; title page"']
376226	Jane Talbot, a novel. By the author of Arthur Mervyn, Wieland, Ormond, Edgar Huntley, and Clara Howard.	Brown, Charles Brockden	1801	['Ink']	['Words']		['On title page', 'Rewriting of title [i.e. ""JJane [illegible] Talbot A A novel]', 'Crossed out ""by the author of"" and wrote ""Mr. Brown"']
376395	Calavar; or, the knight of the conquest: a romance of Mexico. [Epigraph.] In two volumes. Vol. I.	Bird, Robert Montgomery	1834	['Pencil']	['Words']	['v.2']	['Back of book. A reader\'s reactions. ""This man (Dr Bird) knows how to kill and bring to life again--with a vengance--""', 'Ends by quoting the proverb, ""People in glass houses, shouldn\'t throw stones!"']
376396	The hawks of hawk-hollow. A tradition of Pennsylvania. By the author of ""calavar,"" and ""the infidel."" [Epigraph.] In two volumes. Vol. I.	Bird, Robert Montgomery	1835	['Pencil']	['Words']	['v.2']	['""chemise"']
376788	The adventures of Robin Day. By the author of ""Calavar,"" ""Nick of the Woods,"" &c. [Epigraph.] In two volumes. Vol. I.	Bird, Robert Montgomery	1839	['Pencil']	['Numbers']	['v.2']	['On back flyleaf', 'Two columns of numbers (scores?), with the headings of ""Ella"" and ""Edie"']
377373	A sketch of the olden time; or, General Lee's farewell dinner, at New-York. Founded on fact. Being the first of a series of revolutionary tales. By an antiquary.	Bloodgood, S. DeWitt	1829	['Pencil']	['Words']		['Minimal notes alongside text, containing a few in-text edits.']
377849	Wieland; or the transformation. An American tale. [Epigraph] Copy-right secured.	Brown, Charles Brockden	1798	['Ink']	['Drawings']		['A tiny bit of the title page floral ensign has been colored in magenta.']
378280	The foresters, an American tale : being a sequel to the history of John Bull the clothier. In a series of letters to a friend.	Belknap, Jeremy	1792	['Ink']	['Words', 'Numbers']		['Back']
379836	Modern chivalry: containing the adventures of a captain, and Teague O'regan, his servant. By H.H. Brackenridge. [Epigraph.] Volume I.	Brackenridge, H. H	1804	['Pencil']			['Occasional underlining']
379944	The Mexican ranchero, or, the maid of the chapparal. [Illustration.] By Charles E. Averill, Author of the ' Secret Service Ship,' ' Corsair King,' &c.	Averill, Charles E	1847	['Pencil']	['Drawings']		['Title page']
380188	Tales of married life. By T. S. Arthur. Containing Married and single. Sweethearts and wives. Lovers and husbands.	Arthur, T. S	1850	['Pencil', 'Ink']	['Words']		['Front', 'Written in both ink and pencil, ""On the tree of life eternal --- Oh let all our hopes be laid. --- This alone for ever vernal --- Bears a leaf that shall not fade"" (hymn).', 'Signed ""Harriet B. Searle""; dated ""1850."']
440246	The wars of the gulls; an historical romance. In three chapters. Chap I. Shewing how, and with whom the gulls went to war. Chap. II. Shewing how the gulls make the deep to boil like a pot. Chap. III. Shewing how a certain doughty general of the gulls goes forth to play the game of hull-gull in upper Canada. 	Bigelow, Jacob	1812	['Pencil']	['Words']		['Canada, [illeg.] to 110 copies, 11/14 and 2.50']
440290	A few days in Athens, being the translation of a Greek manuscript discovered in Herculaneum. By Frances Wright, author of ""views of society and manners in America.""	Wright, Frances,	1822	['Pencil']	['Editorial markings']		['Numerous pages of the work have large sections of text underlined in pencil or pen.']
440295	Amabel; or, memoirs of a woman of fashion. By Mrs. Hervey, author of The Mourtray family, &c. In four volumes. Vol. I.	Hervey, Elizabeth	1814	['Pencil']	['Words']	['v.1']	['Marginalia appears infrequently; words are underlined or circled.']
440297	The voyages and adventures of Captain Robert Boyle. In several parts of the world intermixed with the story of Miss Villar, an English lady, with whom he made his surprising escape from Barbary. Likewise including the history of an Italian captive, and the life of Don Pedro Aquilio, &c. Full of various and amazing turns of fortune.	Chetwood, W.R. (William Rufus),	1799	['Pencil']	['Words']		['Marginalia appears on the last page of the text, p. 244, but is faded to illegibility.']
440305	Elizabeth, or, the exiles of Siberia, translated by Mrs. Meeke.  	Cottin, Madame (Sophie),	1814	['Pencil']	['Page 148']		['below engraving on first title page; indicates page on which scene depicted can be found']
440308	Glenarvon. In three volumes. Vol. I. Third Edition.	Lamb, Caroline,	1816	['Pencil']	['Words']	['v.1']	['""Byron said of it \'as for the likeness, the picture can\'t be good. I didn\'t sit long enough!\'"", ""Glenarvon is Byron."" [illeg. list of character approximations], ""p. 243 who is [illeg.], next flyleaf contains a summary of the work."']
440320	Third edition. Life high & low. By the author of The Greeks, Pigeons, Fashion, To night, Ton, Modern belles, Modern beaux, Dress and address, &c. Embellished with humorous colored plates. 	Author of The Greeks	1819	['Pencil']	['Words; Editorial Markings']		['On title page']
440321	The surprising adventures of Bampfylde Moore Carew, king of the beggars containing his life a dictionary of the Cant Language and many entertaining particulars of that extraordinary man. A new edition corrected & much improved.		1812	['Ink']	['Words']		['On the back pastedown: ""[illegible] The second Duke of Buckingham, Son of [1st] Duke, killed by Felton, [owner] of Helmsley castle - ""Zimri"" in Dryden\'s \'Absolom & Achitophel,\' who died according to Pope, ""in the worst [illegible]"" at [Kirbymoorside] [?] - [BB]M[?]"']
440354	A few days in Athens, being the translation of a Greek manuscript discovered in Herculaneum. By Frances Wright, author of ""views of society and manners in America.""	Wright, Frances,	1822	['Pencil']	['Editorial markings']		['Numerous pages of the work have large sections of text underlined in pencil or pen.']
440358	Amabel; or, memoirs of a woman of fashion. By Mrs. Hervey, author of The Mourtray family, &c. In four volumes. Vol. I.	Hervey, Elizabeth	1814	['Pencil']	['Words']	['v.1']	['Marginalia appears infrequently; words are underlined or circled.']
440361	The voyages and adventures of Captain Robert Boyle. In several parts of the world intermixed with the story of Miss Villar, an English lady, with whom he made his surprising escape from Barbary. Likewise including the history of an Italian captive, and the life of Don Pedro Aquilio, &c. Full of various and amazing turns of fortune.	Chetwood, W.R. (William Rufus),	1799	['Pencil']	['Words']		['Marginalia appears on the last page of the text, p. 244, but is faded to illegibility.']
440369	Elizabeth, or, the exiles of Siberia, translated by Mrs. Meeke.  	Cottin, Madame (Sophie),	1814	['Pencil']	['Page 148']		['below engraving on first title page; indicates page on which scene depicted can be found']
440372	Glenarvon. In three volumes. Vol. I. Third Edition.	Lamb, Caroline,	1816	['Pencil']	['Words']	['v.1']	['""Byron said of it \'as for the likeness, the picture can\'t be good. I didn\'t sit long enough!\'"", ""Glenarvon is Byron."" [illeg. list of character approximations], ""p. 243 who is [illeg.], next flyleaf contains a summary of the work."']
440385	Third edition. Life high & low. By the author of The Greeks, Pigeons, Fashion, To night, Ton, Modern belles, Modern beaux, Dress and address, &c. Embellished with humorous colored plates. 	Author of The Greeks	1819	['Pencil']	['Words; Editorial Markings']		['On title page']
440386	The surprising adventures of Bampfylde Moore Carew, king of the beggars containing his life a dictionary of the Cant Language and many entertaining particulars of that extraordinary man. A new edition corrected & much improved.		1812	['Ink']	['Words']		['On the back pastedown: ""[illegible] The second Duke of Buckingham, Son of [1st] Duke, killed by Felton, [owner] of Helmsley castle - ""Zimri"" in Dryden\'s \'Absolom & Achitophel,\' who died according to Pope, ""in the worst [illegible]"" at [Kirbymoorside] [?] - [BB]M[?]"']
440400	The pilgrim's progress from this world to that which is to come: delivered under the similitude of a dream. By John Bunyan. Johnson's edition.	Bunyan, John	1805	['Pencil']	['Drawings']		['Several scribblings and ornate letters appear in pencil on the back flyleaf of the book.']
440406	Reginald Dalton. By the author of Valerius, and Adam Blair. In three volumes. Vol. I	Lockhart, J.G. (John Gibson),	1823	['Pencil']	['Numbers']	['v.1']	['""3855"" on verso of title page"']
440410	The adventures of Gil Blas. Translated from the French of Le Sage by Tobias Smollet, MD. Vol. I.	Le Sage, Alain-RenÈ	1809	['Ink']	['Numbers']	['v. 1']	['A few numbers are scribbled in ink on the front pastedown.']
440416	The foresters, an American tale: being a sequel to the history of John Bull the clothier. In a series of letters to a friend. Published according to act of Congress. The second edition, revised and considerably enlarged.	Belknap, Jeremy	1796	['Pencil']	['Words']		['Marginalia is found throughout the text, including on pages 33 and 143, and on the back pastedown.']
440417	The philosophical wanders: or, the history of the Roman tribune, and the Priestess of Minerva: exhibiting the vicissitudes that diversify the fortunes of nations and individuals. By John Bigland, author of ""the historical and geographical view of the world;"" ""letters on ancient and modern history,"" &c. &c.  	Bigland, John	1811	['Pencil']	['Words']		['One of the front flyleaves has what looks like initials or letters written on it.']
440419	The Quakers; a tale. By Elizabeth B. Lester.	Lester, Elizabeth B	1818	['Pencil']	['Words']		['Leaf before back pastedown, recto top left corner - ""From sale of [Sr. Go.?] Pennsylvanian library"']
440421	The quakers; a tale. By Elizabeth B. Lester.	Lester, Elizabeth B	1818	['Pencil']	['Editorial markings']		['Throughout the text, a reader has made various markings in extremely light pencil. Appears on pages 9, 87, 98, 128, 208, 209.']
6393920		Ducray-Duminil	1797	['Pencil']	['Words', 'Numbers']		['Located on the inside of the first board, and on recto of first leaf just below the inscription.']
60022	Reuben and Rachel; or, tales of old times. A novel. By Mrs. Rowson, author of Charlotte, Trials of the heart, Fille de chambre, &c. &c. Published according to act of Congress.	Rowson	1798	['Pencil']	['Words']		['Located page p. 86,']
1337190	Rosa; or, American genius and education.		1810	['Pencil']	['Numbers']		['Pages 217-219 numbered 1,2,3']
1724557	Precaution, a novel. In two volumes. Vol. I.	Cooper, James Fenimore	1820	['Pencil']	['Editorial markings']		['Periodic corrections of textual errors, such as correction of ""it"" to ""hers"" on p. 228, and of ""evening"" to ""morning"" on p. 230"']
1783632	The wilderness; or Braddock's times. A tale of the west. In two volumes. Vol. I.	M\'Henry, James	1823	['Pencil']	['Reader markings']	['v.2']	['Pencil scribble over some of the text on p. 158.']
1786548	Tadeuskund, the last king of the Lenape. An historical tale.	Hentz, Nicholas Marcellus	1825	['Pencil']	['Words']		['""By Nicholas Marcellus Hentz"" written on front free endpaper, alongside ""67.50"", under which ""75.00"" is crossed out"']
1805125	Errata; or, the works of Will. Adams. A tale by the author of Logan, Seventy-six, and Randolph. In two volumes.--Vol. II.	Neal, John	1823	['Ink']	['Reader markings']	['v.2']	['Lines, possibly check marks, and underlining on several pages.']
194546	The history of Elenor Williams. By the author of the ""Orphan Sisters,"" and the ""Old Soldier."" First published by the Christian Tract Society. No. X.	M. A. P	1820	['Pencil']	['Editorial markings']		['On title page, some punctuation and parentheses inserted around title and publication information; the words ""Scr. note"" are pencilled in before the phrase ""First published by the Christian Tract Society."']
2427580	Gotham and the Gothamites, a medley.	Judah, Samuel B. H	1823	['Ink']	['Words']		['""LNN"" written on front paste-down endpaper"']
3454989	The templar. To which is added, the tales of Passaic. By a gentleman of New-York.		1822	['Pencil']	['Numbers']		['A series of numbers appears on the front free endpaper; these might be calculations of some sort']
3455066	Edmund and Margaret; or sobriety and faithfulness rewarded.		1822	['Pencil']	['Words']		['""1st ed. Wright 893"" written on front paste-down endpaper"']
3455155	History of Constantius and Pulchera; or, virtue rewarded.		1821	['Pencil']	['Words', 'Numbers']		['Very faint words in pencil appear on half title page, as well as number ""34"" in top right corner"']
3455357	The rebels, or Boston before the revolution. By the author of Hobomok.	Child, Lydia Maria Francis	1825	['Pencil']	['Words']		['""L. M. Child [ ] p. 40"" written on front paste down endpaper"']
3455848	The elixir of moonshine; being a collection of prose and poetry, by the mad poet. A great proportion of which has never before been published.	Clarke, McDonald	1822	['Pencil']	['Editorial markings']		['On title page, there is faintly written ""1st ed"" at top of page, with words following that are very faint and difficult to decipher. There is also written ""By McDonald Clarke"" below title, and ""[1822]"" beneath publication date."']
3457680	The pilot; a tale of the sea. By the author of The pioneers, &c. &c. In two volumes....Vol.I.	Cooper, James Fenimore	1823	['Pencil']	['Numbers']	['v.1"']	['Illegible letters and numbers located front paste-down endpaper; ""15.00"" located recto front free endpaper.']
3459911	Salmagundi; or, the whim-whams and opinions of Launcelot Langstaff, esq. and others. Third edition. Volume I.	Irving, Washington	1820	['Pencil']	['Reader markings']	['v.1', 'v.2']	['Check marks, question marks, brackets, and similar markings in margins.']
3464706	Koningsmarke, the long finne, a story of the new world. In two volumes. Vol. I.	Paulding, James Kirke	1823	['Pencil']	['Words']	['v.1']	['Located p. 189. Indecipherable.']
3466573	L.... family at Washington; or a winter in the metropolis.	Watterston, George	1822	['Pencil']	['Words']		['On verso front free endpaper. Likely library-related marginalia. Reads: ""By George Watterston"']
3468177	The valley of Shenandoah: or, memoirs of the Graysons. In two volumes.--Vol. I.	Tucker, George	1824	['Pencil']	['Words']	['v.1']	['On front pastedown endpaper. ReadS: ""[by George Tucker] 1st edition of his first novel---Back cover of Vol. 1 supplied---Wright 2609 (4 locations) 65.00"']
3469776	Yorktown: an historical romance. In two volumes. Volume I.	Cushing, E. L	1826	['Pencil']	['Words']	['v.1']	['On p.88-89. [unreadable]']
3469781	Francis Berrian, or the Mexican Patriot. In two volumes. Vol. I.	Flint, Timothy	1826	['Pencil']	['Words']	['v.2']	['On p.163. Transcription: ""Oh goody!"']
5911017	The buccaneers; a romance of our own country, in its ancient day; illustrated with divers marvellous histories, and antique and facetious episodes; gathered from the most authentic chronicles & affirmed records extant from the settlement of the Niew Nederlandts until the times of the famous Richard Kid: carefully collated from the laborious researches, and minute investigations, of that excellent antiquary and sublime philosopher, Yclept Terentius Phlogobombos. In five books.	Judah, Samuel B. H	1827	['Pencil']	['Words']		['""By Samuel B. H. Judah"" written recto front fly paper"']
3470604	The life and adventures of Dr. Caleb; who migrated from Egypt, and afterwards practised physic in the land of Canaan and elsewhere: an allegory; designed principally to amuse and edify young people. By Aaron Lummus, Evangelii Praedicator.	Lummus, Aaron	1822	['Pencil']	['Words']		['Appears to read ""America juvenile."" Located front free endpaper."']
3471418	Logan, a family history. In two volumes.--Vol. I.	Neal, John	1822	['Pencil']	['Reader markings']	['v.2']	['Check marks appear next to various lines throughout the volume']
3471487	Rachel Dyer: a North American story. By John Neal.	Neal, John	1828	['Pencil']	['Reader markings']		['Occasional lines or arrows in margins of text']
3478066	Hope Leslie; or early times in the Massachusetts. By the author of Redwood. In two volumes. Vol. I.	Sedgwick, Catharine Maria	1827	['Pencil']	['Reader markings']	['v.2']	['Parentheses around various parts of text on the last page of volume 2 (p. 202)']
3478155	A New-England tale; or, sketches of New-England character and manners.	Sedgwick, Catharine Maria	1822	['Pencil']	['Numbers']		['Located verso front fly paper']
3478219	Redwood; a tale. In two volumes. Vol. I.	Sedgwick, Catharine Maria	1824	['Pencil']	['Editorial markings']	['v.2']	['On p. 181, ""lit"" corrected to ""lighted"']
3478569	Symzonia; a voyage of discovery. By Captain Adam Seaborn.	Seaborn, Adam	1820	['Pencil']	['Words', 'Numbers']		['Located on ""Explanation of the Plate"". Largely indecipherable."']
3480400	Tales of the tripod; or a Delphian evening. By Pertinax Particular.	Watkins, Tobias	1821	['Pencil']	['Words']		['Word in parentheses located p. xi in preface. Word appears to be ""[ ]leaf,"" perhaps commenting on the error in paging order in the preface."']
3571089			1822	['Pencil']	['Words']		['Located on pg 33, above hymn. Pencil line through hymn also.']
3767898	The witch of New England; a romance.	M\'Call, John C	1824	['Pencil']	['Words']		['Note on title page (likely a library note) reads: ""Note contains The Lover Dramatic Fragment, pages 59-65"']
421748	A son of the forest. The experience of William Apes, a native of the forest. Comprising a notice of the Pequod tribe of Indians. Written by himself.	Apes, William	1829	['Pencil']	['Numbers']		['""5.00"" and ""7.50"" written in upper right-hand corner, half-title page."']
448220	The Tennessean; a novel, founded on facts. By Mrs. Anne Royall, author of Sketches of history, life, and manners, in the United States.	Royall, Anne Newport	1827	['Pencil']	['Numbers']		['Reads: ""c [crossed out]40.00 36.00"" Appears to be book\'s cost at some point."']
54717-1	Arthur Mervyn; or, memoirs of the year 1793. By the author of Wieland; and Ormond, or the secret witness.	Brown, Charles Brockden	1799	['Ink']	['Words', 'Drawings']	['v.2']	["v.2 title page hand-written, including a sketch of a printer's ornament."]
54717-2	Arthur Mervyn; or, memoirs of the year 1793. Second part. By the author of Wieland, Ormond, Huntley, &c.	Brown, Charles Brockden	1799	['Ink']	['Numbers']	['v.2']	['Located front paste down endpaper, above inscription. Transcription: ""50 cts"']
573051	Edgar Huntly; or, memoirs of a sleep-walker. By the author of Arthur Mervyn, Wieland,--Ormond, &c. Vol. I. Second edition.	Brown, Charles Brockden	1801	['Ink']	['Reader markings']	['v.2']	['Miscellaneous markings in margins of text, as on p. 15 and pp. 250-251']
59069	Friendship in death: in twenty letters from the dead to the living. To which are added, Letters moral and entertaining, in prose and verse. In three parts. By Mrs. Elizabeth Rowe.	Rowe, Elizabeth Singer	1795	['Pencil']	['Words']		['On p. 300, there is the marking ""W of P"']
90019	Charlotte. A tale of truth. By Mrs. Rowson, of the New Theatre Philadelphia; author of Victoria, The inquisitor, Fille de chambre, &c. In two volumes. Vol. I. Second Philadelphia edition	Rowson	1794	['Ink']	['Words', 'Numbers']		['Located front paste-down endpaper; marginalia obscured by bookplate']
957218	The first settlers of Virginia, an historical novel, exhibiting a view of the rise and progress of the colony at James Town, a picture of Indian manners, the countenance of the country, and its natural productions. The second edition considerably enlarged.	Davis, John	1806	['Pencil']	['Editorial markings']		['""By John Davis"" written title page."']
1116	The fortunate discovery: or, the history of Henry Villars. By a young lady of the state of New-York.	Young lady of the state of New-York	1798	['Pencil']	['Words', 'Numbers']		['Located front paste-down endpaper, front free endpaper and reverse side of front free endpaper. On front free endpaper, the words ""[   ] he would come"" are written in what appears to be the same handwriting as inscription"']
37832	Ormond; or the secret witness. By the author of Wieland; or the transformation.	Brown, Charles Brockden	1799	['Pencil']	['Words', 'Numbers']		['Located front pastedown endpaper. Reads: ""Wright 424 FE"']
54439	The boarding school; or, lessons of a preceptress to her pupils: consisting of information, instruction, and advice, calculated to improve the manners, and form the character of young ladies. To which is added, a collection of letters, written by the pupils, to their instructor, their friends, and each other. By a lady of Massachusetts; author of The coquette.	Foster, Hannah Webster	1798	['Ink']	['Words']		['Appears on verso of title page; Inscription written here but it is mostly illegible because it has been since thoroughly scribbled over with ink. Clearly the writing was very elaborate, since many curlicues remain around the edges. Some reads: ""presented her by [ ] June 6 1801"']
54482	Wieland; or, the transformation. An American tale.	Brown, Charles Brockden	1798	['Ink']	['Numbers']		['Located front paste-down endpaper: ""928""."']
58980	The democrat; or intrigues and adventures of Jean le Noir, from his inlistment as a drummer in General Rochambeau's army, and arrival at Boston, to his being driven from England in 1795, after having borne a conspicuous part in the French Revolution, and after a great variety of enterprizes, hazards and escapes during his stay in England, where he was sent in quality of democratic missionary. In two volumes. Vol.I.	Pye, Henry James	1795	['Pencil']	['Reader markings']	['v.1']	['1795 underlined in publication imprint of title page, v.1']
59418	Trials of the human heart, a novel in four volumes. By Mrs. Rowson, of the new theatre, Philadelphia, author of Charlotte, Fille de Chambre, inquisitor, &c. &c. Vol.II	Rowson	1795	['Ink']	['Words']	['v.2']	['Writing practice on blank page across from p.3. Transcription: ""Sarah"']
6996611	Letters from the Bahama islands. Written in 1823-4.	Hart	1827	['Pencil']	['Words', 'Numbers']		['Located front free endpaper. Transcription: ""Miss Hart 300 copies printed Kaser, Carey & Lea 737 Wright I-1129""."']
73408	The Algerine captive; or, the life and adventures of Doctor Updike Underhill: six years a prisoner among the Algerines. Volume I. 	Tyler, Royall	1797	['Ink']	['Words']		['On title page. Reads: ""2 vols. in one."" with scribbled line below"']
73842	Mentoria; or the young lady's friend. In two volumes. By Mrs. Rowson, of the New-Theatre, Philadelphia: author of The Inquisitor, Fille de chambre, Victoria, Charlotte, &c. &c. Vol. I.	Rowson	1794	['Pencil']	['Words']	['v.1']	['On Title Page of volume 1, ""Susanna (Haswell)"" is written in between the words ""Mrs."" and ""Rowson"" (thus, the author\'s full name appears)"']
75030	The inquisitor; or, invisible rambler. In three volumes. By Mrs. Rowson, author of Victoria. Second American edition. Volume I.	Rowson	1794	['Pencil']	['Words']	['v.3']	['""The [] of B[]"" written faintly in pencil on verso last leaf."']
75774	Memoirs of the year two thousand five hundred. Translated from the French, by W. Hooper, M.A.	Mercier, Louis-SeÃÅbastien	1795	['Pencil']	['Editorial markings']		['Located title page. ""illiam"" written adjacent to the ""W."" in the translation claim on the title page imprint. ""Merceir, Louis Sebastien,"" written above translation claim from title page imprint. ""tn"" written adjacent to ""M.A."" of Hooper\'s title in the translation claim from the title page imprint."']
89573	The hapless orphan; or, innocent victim of revenge. A novel, founded on incidents in real life. In a series of letters from Caroline Francis to Maria B---. In two volumes. Vol. I. By an American lady.		1793	['Pencil']	['Words', 'Numbers']	['v.1', 'v.2']	
976233	Modern chivalry: containing the adventures of captain John Farrago, and Teague Oregan, his servant. Volume I. By H. H. Brackenridge.	Brackenridge, H. H	1792	['Ink']	['Editorial markings']	['v.2']	['Publication date on full title page of volume 2 has been corrected, with a carrot and the Roman numeral ""C"" written in, so that it reads ""M.DCC.XCII."" rather than ""M.DCC.XII."']
1341181	A sketch of old England, by a New-England man. In two volumes. Vol. I.	Paulding, James Kirke	1822	['Pencil']	['Drawings']	['v.1']	['Located p. 97']
1752858	The interesting narrative of the life of Olaudah Equiano, or Gustavus Vassa, the African. Written by himself. Fifth edition, enlarged.	Equiano, Olaudah	1792	['Pencil']	['Numbers']		['""270"" written on title page"']
ocm78091842 	Adelaide de Grammont; a romance of the fifteenth century.		1804	['Pencil']	['Words', 'Numbers']		['Front paste-down endpaper : very good']
ocn476765648	The adventures of a pin, supposed to be related by himself, herself, or itself.		1796	['Pencil']	['Words']		['Located on first page of preface : City book auction - Jan. 24, 1940']
ocm40688589 	Agnes; or, the triumph of principle.		1822	['Pencil']	['Words', 'Numbers']		['Located on the front paste-down endpaper', 'Words are illegible but the numbers are 10/5/03']
ocm06756321 	Brambleton Hall, a novel, being a sequel to the celebrated expedition of Humphrey Clinker, by Tobias Smollet, M.D.		1818	['Pencil']	['Numbers']		['Transcription: ""102"']
ocm13313695 	Fitz of Fitz-ford; A legend of Devon. By Mrs. Bray, author of 'De Foix,' 'The White Hoods,' 'The Protestant,' &c. &c. &c.	Bray	1830	['Pencil']	['Words']	['v.1']	['=/125 --- 2-224 --- 31 ---Block p25 (verso of first front free endpaper)']
ocm06536542 	Self-control: a novel.	Brunton, Mary	1811	['Pencil']	['Numbers']	['v.3']	['Located on front paste-down endpaper. Transcription : 1136']
ocn486073979	Traits of nature, by Miss Burney, author of Clarentine, &c. In five volumes vol. I.	Burney, Sarah Harriet	1812	['Pencil']	['Drawings']	['v.2']	['Drawing of a tree and a thatched house on verso of final leaf.']
ocm52981134 	Traits of nature, by Miss Burney, author of Clarentine, &c. In five volumes vol. I	Burney, Sarah Harriet	1813	['Pencil']	['Drawings']	['v.3']	['Drawings are located on back free endpaper']
ocn270121854	Blue-stocking hall.	Chetwode	1827	['Ink']	['Editorial markings']	['v.1', 'v.2', 'v.3']	['Letters added or crossed out and words corrected throughout the volumes.']
ocn123448855	The express. A novel. In three volumes. By Frances D'Aubigne	Maintenon	1819	['Pencil']	['Words', 'Numbers']	['v.1']	['Found on the front paste-down. Transcription: ""Blakey [?]"']
ocn482649224	Hannah Hewit; or, the female Crusoe. Being the history of a woman of uncommon, mental, and personal accomplishments; who, after a variety of extraordinary and interesting adventures in almost every station of life, from splendid prosperity to abject adversity, was cast away in the Grosvenor East-Indiaman: and became for three years the sole inhabitant of an island, in the South Seas. Supposed to be written by herself.	Dibdin, Charles	1792	['Ink']	['Reader markings']	['v.1']	['The letter ""a"" appears underneath epigraph on title page."']
ocm02892878 	Continental adventures. A novel. In three volumes.	Eaton, Charlotte A	1826	['Pencil']	['Words']	['v.1', 'v.2', 'v.3']	['On final page : ap']
ocm21212908 	Marriage, a novel.	Ferrier, Susan	1818	['Pencil']	['Drawing']	['v.3']	['Rear paste-down endpaper : sketch of a person.']
ocm00621029 	The inheritance. By the author of marriage.	Ferrier, Susan	1824	['Pencil']	['Drawings']	['v.1']	['Rear paste-down endpaper : two columns of straight lines and crosses, headed with the letters ""c"" and ""g."']
ocn607607606	Lawrie Todd; or, the settlers in the woods. By John Galt, Esq. Fas., Hon. LS, P., Hon. NHS, M., &c. Author of ""The annals of the parish,"" ""The Ayrshire legatees,"" &c.	Galt, John	1830	['Pencil']	['Numbers']	['v.1']	['Marginalia is located on the rear paste-down endpaper.', 'Transcription : 48/ CL/K 296 3v 299 303']
ocn940098594	Rothelan; a romance of the English histories. By the author of Annals of the parish, Ringan Gilhaize, The Spaewife, &c.	Galt, John	1824	['Pencil']	['Numbers']	['v.1']	['20.00']
ocm52859548 	Delves, a welch tale. By Mrs. Gunning. In two volumes. The second edition. Vol. I.	Gunning	1796	['Pencil']	['Words', 'Numbers']	['v.1']	['Located on front free endpaper. Transcription : Gunning, Mrs. Susannah 2nd ed 3v. f650']
ocm43297821 	The gipsy countess: a novel. By Miss Gunning. In two volumes. Vol. I.	Gunning	1799	['Ink']	['Numbers']	['v.2']	['Rear paste-down endpaper transcription : 5 6 15- 6 3/15-13 1/2 12 8/20 [...].', 'Mathematical calculations; mostly division.']
ocm12862142 	Osmond, a tale. By the author of ""The favorite of nature.""	Kelty, Mary Ann	1822	['Pencil']	['Words', 'Numbers']	['v.1']	['Verso rear freeendpaper : 5/74 3 vols NR1-1-', 'Signature identifiers written below on page.']
ocm06853360 	Trials; a tale. By the author of ""the favourite of nature,"" &c. &c.	Kelty, Mary Ann	1824	['Pencil']	['Words']	['v.1']	['Located on front paste-down endpaper : B13/N2 --- (Kelty, Mary Ann)']
ocm04294241 	Caroline Ormsby; or the real Lucilla: a tale for the female sex. Interspersed with sketches moral and religious.		1810	['Ink']	['Editorial markings']		['Appears two or three times in the text.', 'Words crossed out and corrected, letters added : e.g. ""avwed"" has an ""o"" written in."']
ocn931590936	Dunallan; or, know what you judge; a story. In three volumes. By the author of ""The Decision,"" ""Father Clement,"" &c. &c.	Kennedy, Grace	1825	['Ink']	['Words']	['v.2, p.21']	['[...]conjecture applied to old women[...]']
ocn228695081	Philip Colville; or, a covenanter's story. Unfinished. By the author of ""The decision,"" ""Father Clement,"" &c. &c.	Kennedy, Grace	1825	['Pencil']	['Words']		['Located on the front free endpaper.', 'Transcription : author Kennedy, Grace']
ocm14975239 	Lady Jane's pocket. A novel. In four volumes. By the author of Silvanella, or the Gipsey.	Author of Silvanella	1815	['Pencil']	['Words']	['v.1']	['Located on front paste-down endpaper : 4 vols 1st ed. with h-titles. Anon. Blalley records BM cot[...] --- 10 pounds 10 shillings --- collated [...] 30/5/62']
ocm13226312 	The Quakers; a tale. By Elizabeth B. Lester.	Lester, Elizabeth B	1817	['Pencil']	['Numbers']		['D 114/NZ/o 275 pounds']
ocn841534744	The monk: a romance.	Lewis, M. G	1796	['Pencil']	['Words']	['v.1']	['Pa 127 after 136', 'Located on page 126 of v.1']
ocm04739245 	Romantic tales, by M. G. Lewis, author of the Monk, Adelgitha, &c. In four volumes.	Lewis, M. G	1808	['Pencil']	['Reader markings']	['v.1']	['Check marks in margins next to the titles of works in the preface.']
ocm37033335 	Tales of wonder. Containing: The castle of enchantment; or, the mysterious deception. The robber's daughter; or, the phantom of the grotto. The magic legacy. And the enchanted knight.	Lewis, M. G	1801	['Ink']	['Numbers']		['Located on rear paste-down endpaper : VSU4. BETU4. V']
ocm16348484 	Love and satire: containing the sarcastic correspondence of Julius and Eliza. To which is prefixed, a few brief memoirs of an unfortunate lover.		1805	['Pencil']	['Numbers']		['Price on front pastedown : 25/']
ocm10847141 	Caroline Lismore: or, the errors of fashion. A tale. By Alicia Catherine Mant, author of Ellen: or, the young godmother.	Mant, Alicia Catherine	1815	['Pencil']	['Words']		['Rear paste-down endpaper : symbol at top corner of page, M/ at bottom of page.']
ocm29104507 	Ellen: or, the young godmother. A tale for youth. By a young lady.	Mant, Alicia Catherine	1812	['Pencil']	['Numbers']		['Located on front paste-down endpaper : 3/6 --- 175 pounds', 'Additional illegible symbol at bottom of page.']
ocm06925160 	The Albigenses, a romance. By the author of ""Bertram,"" a tragedy: ""Woman; or, pour et contre,"" &c.	Maturin, Charles Robert	1824	['Pencil']	['Reader markings']	['v.4']	['Pg.5  : ""round"" is underlined."']
ocm06929107 	Fatal revenge ; or, the family of Montorio. A romance. By Dennis Jasper Murphy. In three volumes.	Maturin, Charles Robert	1807	['Pencil']	['Numbers']	['v.1']	['Located on verso of front free endpaper. Transcription : 55.31']
ocm20682925 	The wild Irish boy. A novel. In four volumes. By the author of fatal revenge, Melmoth the wanderer, the albigenses, &c.	Maturin, Charles Robert	1824	['Pencil']	['Editorial markings']	['v.2']	['P. 232 : u written above ""finish."']
ocn810531182	Women; or, pour et contre. A tale. By the author of ""Bertram,"" &c.		1818	['Pencil']	['Words']	['v.1']	['Located on front paste-down endpaper : 1st ed. 3 vols of 3']
ocn271241011	Laura; or, the influence of a kiss. Bij A. H. Geszner. Translated from the German.	Meltzer, Adolph Heinrich	1796	['Pencil']	['Words', 'Numbers']		['Located on rear paste-down paper : 5/pl-']
ocm02060360 	The asylum; or, Alonzo and Melissa. An American tale, founded on fact. By I. Mitchell.	Jackson, Daniel	1811	['Ink']	['Numbers']	['v.2']	['Located on recto of first front free endpaper : 6']
ocm09838110 	Mrs. Leicester's school: or, the history of several young ladies, related by themselves.	Lamb, Charles	1810	['Pencil']	['Drawing']		['Rear paste-down endpaper : Z']
ocm06959518 	Zenobia, queen of Palmyra. A narrative, founded on history. In two volumes. By the author of patriarchal times. Vol. I.	O\'Keeffe, Adelaide	1824	['Pencil']	['Numbers']	['v.1']	['Rear paste-down endpaper : 20 --- 16703', 'A circle is drawn around 20']
ocm02494528 	Maid Marian. By the author of Headlong Hall.	Peacock, Thomas Love	1822	['Pencil']	['Words', 'Numbers']		['Located on front free endpaper', 'Transcription : 5/x/x 1189.']
ocm06968795 	Nightmare Abbey: by the author of Headlong Hall.	Peacock, Thomas Love	1818	['Pencil']	['Words', 'Numbers']		['Found on front free endpaper', 'Transcription : by Peacock 1st-Ed']
ocm10503613 	The Gil Blas of the revolution. By L. B. Picard. In three volumes. Vol. I.	Picard, L.-B	1825	['Pencil']	['Reader markings']	['v.2']	['Underlining of some sentences located on pg. 173, 178, 184, 186.']
ocm17381477 	Robert and Adela: or, the rights of women best maintained by the sentiments of nature. In three volumes. Volume I.	Pigott, Harriet	1795	['Pencil']	['Drawings']	['v.2']	['Small drawing in on rear paste-down endpaper.']
ocm03596752 	The fast of St. Magdalen, a romance. By Miss Anna Maria Porter.	Porter, Anna Maria	1818	['Pencil']	['Words']	['v.1']	['Front paste-down endpaper : Collated [...] 16/8/62']
ocm06989179 	Honor O'Hara. A novel. In three volumes. By Miss A. M. Porter, author of ""The Hungarian brothers,"" ""The recluse of Norway,"" &c. &c. &c.	Porter, Anna Maria	1826	['Pencil']	['Numbers']	['v.1']	['Located on front free endpaper', 'Transcription : 30 00']
ocm06977684 	The Hungarian Brothers. By Miss Anna Maria Porter. In three vols.	Porter, Anna Maria	1807	['Pencil']	['Words']	['v.1']	['Front paste-down endpaper on top left of bookplate : 28']
ocm06977863 	The lake of Killarney: a novel, in three volumes. By Anna Maria Porter, author of Octavia, Walsh Colville, &c. &c.	Porter, Anna Maria	1804	['Pencil']	['Words', 'Numbers']	['v.1']	['Transcription : 3 vols-first edition 5-0-0 pounds']
ocm49835584 	Octavia. By Anna Maria Porter. In three volumes.	Porter, Anna Maria	1798	['Pencil']	['Words']	['v.1']	['Front paste-down endpaper reads : A3']
ocm06976739 	Roche-Blanche; or, the hunters of the Pyrenees. A romance. By Miss Anna Maria Porter, author of ""the village of Mariendorpt,"" &c.	Porter, Anna Maria	1822	['Ink']	['Words', 'Numbers']	['v.3']	['Located on Maxwell of Polloc bookplate.', 'Transcription : X. 4. 8']
ocm63548219 	The village of Mariendorpt. A tale. By Miss Anna Maria Porter, author of The fast of St. Magdalen, Knight of St. John, &c. &c. &c.	Porter, Anna Maria	1821	['Pencil']	['Numbers']	['v.1']	['Front paste-down endpaper : W/A']
ocm47896198 	Manfrone; or, the one-handed monk. A romance. In four volumes. By Mary Anne Radcliffe, author of The mysterious Baron, &c. &c. Second edition. Vol. I.	Radcliffe, Ann Ward	1819	['Pencil']	['Letters']	['v.1']	['Located on the front paste-down endpaper : FB']
ocm05062980 	A Sicilian romance. By the authoress of The castles of Athlin and Dunbayne. In two volumes. Volume I.	Radcliffe, Ann Ward	1790	['Pencil']	['Words']	['v.1']	['Located on front paste-down endpaper : First edition 2 vols 2/10/']
ocm27442362 	Destination: or, memoirs of a private family by Clara Reeve, author of ""The old English baron,"" &c. &c.	Reeve, Clara	1799	['Pencil']	['Numbers', 'Words']	['v.1']	['Located on front paste-down endpaper. Transcription : 2 vols.']
ocm48799180 	Angelina. A novel. In three volumes. By Mary Robinson, author of Vancenza; The widow; Walsingham; Hubert de Sevrac; Natural daughter; The Sicilian lover; Sappho, &c. &c. Third Edition. Vol. I.	Robinson, Mary	1813	['Pencil']	['Words']	['v.1']	['Second front free endpaper : :/= 70 1-97-6 Summers p233 Blakey p241']
ocm07021553 	Hubert de Servac, a romance, of the Eighteenth century; by Mary Robinson, author of Poems, Angelina, The Sicilian lover, The widow, &c. &c. &c. In three volumes, vol. I.	Robinson, Mary	1796	['Ink']	['Words']	['v.1', 'v.2', 'v.3']	['Front paste-down endpaper : bol rft']
ocm50543021 	The natural daughter. With portraits of the Leadenhead family. A novel. By Mrs. Robinson, author of poems, Walsingham, The false friend, &c. &c. &c.	Robinson, Mary	1799	['Pencil']	['Words', 'Numbers']	['v.1']	['Rear paste-down endpaper : 2 vol 17/sL']
ocm07020267 	Walsingham; or, the pupil of nature. A domestic story. By Mary Robinson, author of Angelina--Hubert de Sevrac--The widow--Vancenza, &c. &c. &c. In four volumes. Vol. I.	Robinson, Mary	1797	['Ink']	['Drawings']	['v.4']	['Located on pg.292 : Scribbles in the margin at the bottom of the page']
ocm07026767 	The children of the abbey: a tale. In five volumes. By Regina Maria Roche. A new edition with plates. Vol. I.	Roche, Regina Maria	1807	['Pencil']	['Words', 'Numbers']	['v.1']	['Located on front paste-down endpaper', 'Transcription : 5 vol 20 pounds']
ocm07026880 	Contrast. In three volumes. By Regina Maria Roche, author of the Children of the abbey; Discarded son; Vicar of Landsdown; Bridal of Dunamore; Tradition of the castle; Castle chapel, &c. &c.	Roche, Regina Maria	1828	['Pencil']	['Numbers']	['v.1']	['Located on front paste-down endpaper: $150 2-227-13']
ocn482476225	Nocturnal visit. A tale. In four volumes. By Maria Regina Roche, author of The Children of the Abbey, Maid of the Hamlet, Viacar of Lansdowne, and Clermont.	Roche, Regina Maria	1800	['Ink']	['Words']	['v.2']	['Rear paste-down endpaper: Schenectady.', 'Final rear free endpaper: H.B.Paige. Schenectady. New York. Vol. 3.', 'Writing is upside down']
ocm10448517 	Trecothick Bower ; or, the lady of the west country. A tale. In two volumes. By Regina Maria Roche, author of The children of the abbey; Discarded son; Houses of Osma and Almeria; Monastery of St. Colomb; Vicar of Lansdowne, &c. &c.	Roche, Regina Maria	1816	['Pencil']	['Words']	['v.2']	['Found on pg. 192', 'Transcription : =again!!', 'Marginalia refers to the reoccurrence of the word incertitude.']
ocn482470676	The vicar of Lansdowne; or country quarters. In two volumes. By Regina Maria Roche, author of The Children of the Abbey, Maid of the Hamlet, Clermont, &c.	Roche, Regina Maria	1802	['Pencil']	['Reader markings']		['See p.19, 21, 74 of v.1', 'Only appears in v.1']
ocm18056772	The balance of comfort; or the old maid and married woman. A novel. In three volumes. By Mrs. Ross, author of The marchioness, The cousins, Family estate, Modern Calypso, Paired-not matched, Strangers of Lindenfeldt, France and England, &c.	Ross	1817	['Pencil']	['Words']	['v.2']	['Located on rear paste-down endpaper, transcription : Marvin']
ocm07027666 	The marchioness!!! Or, ""the matured enchantress."" In three volumes. By Lady ---	Ross	1813	['Pencil']	['Words', 'Numbers']	['v.1']	['Located on rear paste-down endpaper', 'Transcription : fc']
ocm13310562 	Ringstead abbey; or, the stranger's grave. With other tales. By J. A. Sargant, author of ""A life of Archbishop Cranmer,"" &c. &c.	Sargant, J. A	1830	['Pencil']	['Words', 'Numbers']		['Located on verso of first front free endpaper. Transcription : 1st ed. 2.20 pounds --- 10/10/63']
ocn892596217	Bardouc; or, the goat-herd of Mount Taurus: an eastern tale. Translated from the French of Adrien de Sarrazin.	Sarrazin, Adrien de	1815	['Ink']	['Words']		['Eliza Giffard--Nerquis--Flintshire', 'Appears once on paste-down endpaper and once on title page.']
ocm50917140 	Thornton abbey: a series of letters on religious subjects. Vol. I.	Satchel, John	1806	['Pencil']	['Words']	['v.3']	['Located on recto of front free endpaper, faint : Thornton']
ocm13312753 	Truckleborough Hall; a novel. In three volumes.	Scargill, William Pitt	1827	['Pencil']	['Words', 'Number']	['v.1']	['Rear paste-down endpaper : 7/7 AG']
ocm07032578 	Winter tales, or European nights entertainments by Maria Scott.	Scott, Maria	1825	['Pencil']	['Numbers']		['Located on recto of first front free endpaper : 24 --- 28 --- 4.10.0 pounds', 'Additional markings illegible.']
ocm38981912 	The fortunes of Nigel. By the author of ""Waverly, Kenilworth,"" &c.	Scott, Walter	1822	['Pencil']	['Words', 'Numbers']	['v.1']	['Located on front paste-down endpaper. Transcription : 3 vols 1/11/0']
ocn191257087	The fortunes of Nigel. by the author of ""Waverley, Kenilworth,"" &c.	Scott, Walter	1822	['Pencil']	['Numbers', 'Words']		['Library related marginalia located on inner margin of pg.3 : 3 April 43 - 25 Mar 43 Gift- S N']
ocm04635045 	The fortunes of Nigel, a romance, by the author of Waverley, Ivanhoe, &c. In two volumes. Vol. I.	Scott, Walter	1822	['Pencil']	['Reader markings']	['v.1', 'v.2']	['Lines and stars mark certain passages throughout the text.']
ocm08634631 	The ruling passion. A comic story, of the sixteenth century. Revived, revised, and edited, by Philip Francis Sidney, author of ""The hermit in York,"" and various other popular works.	Sidney, Philip Francis	1821	['Pencil']	['Words']	['v.1']	['Located on first front free endpaper. Transcription : collated']
ocm07075573 	The banished man. A novel. By Charlotte Smith. In four volumes. Volume I.	Smith, Charlotte	1794	['Pencil']	['Letter']	['v.1']	['The letter ""M"" is written on page 39, which is mismarked as page 93."']
ocm07075706 	Celestina. A novel. In four volumes. By Charlotte Smith. Vol. I.	Smith, Charlotte	1791	['Pencil']	['Words']	['v.1', 'v.2', 'v.3', 'v.4']	['Located on rear paste-down endpaper : Dor']
ocm07075724 	Desmond. A novel, in three volumes. By Charlotte Smith. Volume I.	Smith, Charlotte	1792	['Ink']	['Symbol']	['v.1']	['Cross shape']
ocm31393385 	The Letters of a solitary wanderer: containing narratives of various description. By Charlotte Smith. Vol. I.	Smith, Charlotte	1800	['Pencil']	['Words']	['v.4']	['This vol. was issued without a half-title, but the other 4 vols each have one.', 'Located on front free endpaper.']
ocm06883452 	Marchmont: a novel. By Charlotte Smith. In four volumes. Vol. I.	Smith, Charlotte	1796	['Pencil']	['Drawings']	['v.4']	['Located on rear free and paste-down endpapers : Many drawings of flowers.']
ocn877490859	Montalbert. A novel. By Charlotte Smith. In three volumes. Vol. I.	Smith, Charlotte	1795	['Pencil']	['Words']	['v.1']	['Located on rear paste-down endpaper : DN']
ocm24584830 	Montalbert a novel. By Charlotte Smith. In two volumes. Vol. I.	Smith, Charlotte	1795	['Pencil']	['Drawing']	['v.2']	['Pg. 144 : Scribbles.']
ocn228749189	The old manor house. A novel, in four volumes. By Charlotte Smith. Vol. I.	Smith, Charlotte	1793	['Pencil']	['Editorial markings']	['v.2']	['Pg.177 : three is written in the text above the word four, which is underlined.']
ocm07071452 	The republican's mistress; a novel founded upon facts. By Charlotte Smith.	Smith, Charlotte	1821	['Pencil']	['Numbers']	['v.2']	['On inner margin of pg.33 there is a seris of calculations.']
ocn252091768	The wanderings of Warwick. By Charlotte Smith.	Smith, Charlotte	1794	['Pencil']	['Editorial markings']		['Located on page 97 : Passage beginning with ""But she had a tolerable memory..."" is annotated with brackets."']
ocm00965816 	Tales of terror; with an introductory dialogue.		1801	['Ink']	['Words']		['Manuscript of the poem The Worm King appears on verso of final page.', 'Who is it that casts so terrific a frown[...]']
ocm00742172 	Tales of wonder; written and collected by M. G. Lewis, Esq. M.P. author of the monk, castle spectre, love of gain, &c. In two volumes.	Lewis, M. G	1801	['Ink']	['Numbers']	['v.1']	['Located on table of contents : 195399.']
ocm13379341 	The vallies; or, scenes and thoughts from secluded life.	Tempest, Basil	1827	['Pencil']	['Words']	['v.1']	['Located on verso front free endpaper : 2 vols 2 . 00 pounds By Basil Tempest']
ocm09930143 	The life of Pill Garlick; rather a whimsical sort of fellow.	Temple, Edmond	1813	['Pencil']	['Words']		['Pg. 223, indecipherable']
ocn187451781	The Rockite, an Irish story. By Charlotte Elizabeth, author of Osric, The system, Consistency, &c. &c.	Charlotte Elizabeth	1829	['Pencil']	['Words']		['Collated 9/6/62']
ocm70516068 	Characters at Brighton. A novel. In four volumes. By Anne Trelawney, author of the offspring of mortimer, &c. &c.	Trelawney, Anne	1808	['Pencil']	['Words', 'Numbers']	['v.1']	['Located on front free endpaper : 4 vols 3 pounds 105']
ocm10377134 	The vagabond. A novel. By George Walker. Dedicated to the Lord Bishop of Landaff. First American, from the fourth English edition, with notes.	Walker, George	1800	['Pencil']	['Words']		['Located on verso rear free endpaper : Philadelphia']
ocm01180901 	Cottage on the cliff, a sea side story, by Catherine G. Ward, authoress of the mysterious marriage; family portraits; rose of Claremont: poems &c. &c.	Ward, Catherine G	1823	['Pencil']	['Numbers', 'Words']		['Located on front free endpaper', 'Transcription : 53/ N Novel']
ocm78001274 	The daughter of St. Omar. A novel. In two volumes. by Catharine G. Ward.	Ward, Catherine G	1810	['Pencil']	['Words', 'Numbers']	['v.1']	['Marginalia is illegible', 'Located on front paste-down endpaper']
ocn187453083	The fisher's daughter. Or the wanderings of Wolf, and the fortunes of Alfred, being the sequel to that highly popular and admired work The Cottage on the Cliff. By Mrs. Catherine G. Ward. Authoress of the Mysterious Marriage, Family Portraits, Orphan Boy, Cottage on the Cliff, Poems, &c.	Ward, Catherine G	1824	['Pencil']	['Words']		['Rear paste-down endpaper reads : 4/69 N/M/- Front engr title x 10pl']
ocm22774772 	The forest girl, or the mountain hut: an original and interesting tale by Catherine G. Ward. Authoress of The mysterious marriage, Cottage on the cliff, The fisher's daughter, The thorn, &c. &c.	Ward, Catherine G	1826	['Pencil']	['Words']		['Located on front paste-down endpaper : whole novel', 'The first two letters of whole have been partially erased']
ocm21618027 	The advantages of education; or the history of Maria Williams. A tale for very young ladies. In two volumes. By the author of A gossip's story, A tale of the times, &c.	West, Jane	1803	['Pencil']	['Words']		['Located on recto of front free endpaper : [by Mrs. Jane West] 2 vols. in 1.']
ocm59222208 	The woman of genius. In three volumes.		1821	['Pencil']	['Numbers']	['v.1']	['Verso of last rear free endpaper : 107']
ocm43388336 	The Swiss family Robinson; or, adventures of a father and mother and four sons in a desert island: the genuine progress of the story forming a clear illustration of the first principles of natural history, and many branches of science which most immediately apply to the business of life. To which are added, notes of reference, explanatory of the subjects treated of. With plates, and a map of the island. Fifth edition.	Wyss, Johann David	1824	['Pencil']	['Drawings']		['Circles located on verso of rear free endpaper..']
429311	The blossoms of morality; intended for the amusement and instruction of young ladies and gentlemen. By the editor of The looking-glass for the mind. With forty-seven cuts, designed and engraved by I. Bewick. The fifth edition.	Johnson, R.	1810	['Pencil']	['Numbers']		['Located on the page across from the front pastedown.']
429890	Monimia.  A novel.  In two volumes.  Vol. I.		1791	['Pencil']	['Words']	['v.1', 'v.2']	['Markings appear on the recto of the half title page for vol. 1, and on the recto and verso of the half title for vol. 2.  These appear to be notes about the text of Monimia.  One says, "p. 40 - These are all threads of the story joined."  Page numbers are followed by notes, and each remark is separated from the one that follows by a horizontal line across the width of the page.']
430787	The labyrinths of life. A novel. By the author of Excessive sensibility, and Fatal follies. In four volumes. Vol. I.	Pigott, Harriet	1791	['Pencil']	['editorial markings', 'words']	['v.1']	['On p. 65-66 and p. 127, segments of the text are underlined; on p. 66, on which a letter ends, what appears to be a question is penciled in after a bracketed portion of text.', 'The first words of the question appear to be "is the."', 'The portion of text that is underlined on p. 65 reads: ... Providence that I think you deserve; and, if laurels are your ambition, may you, wherever you are called to assert the rights of your country, return crowned with glory.', 'On p. 127, the segment of text that is underlined reads: Love is an involuntary passion!']
432159	The foresters, an American tale: being a sequel to the history of John Bull the clothier.  In a series of letters to a friend.  Published according to act of Congress.  The second edition, revised and considerably enlarged.	Belknap, Jeremy	1796	['Pencil']	['Words']		['On page 15, the name "Lord Peter" is marked with an asterisk.  At the bottom of the page is written the footnote "The Pope."']
432528	Arthur Mervyn; or, Memoirs of the Year 1793. By the author of Wieland; and Ormond, or The Secret Witness. Copy-right secured.	Brown, Charles Brockden	1799	['Pencil']	['Words']	['v.2']	['On page 225, the word "still" appears at the bottom of the page.']
432908	Things as they are; or, the adventures of Caleb Williams. In three volumes. The second edition corrected. Vol. I.	Godwin, William	1796	['Pencil']	['Words']	['v.1']	['Located on the back free endpaper, below the inscribed name of Henry H. Bonnell, is the following text in pencil: "Wm Smith [& Son] --- Reading, Eng. --- 1/12/10  3s6d."']
432910	Memoirs of the year two thousand five hundred. Translated from the French, by W. Hooper, M.A.	Mercier, Louis-SeÌbastien	1795	['Pencil']	['Words']		['The letters "illiam" and "^" are added after the "W" in "W. Hopper".']
436163	The Irish emigrant. An historical tale founded on fact, by an Hibernian. Vol. I.		1817	['Pencil']	['Words']	['v.1']	['"George R" - located on top of the page containing copyright information.']
437873	The spirit of "the book;" or, memoirs of Caroline, Princess of Hasburgh, a political and amatory romance. In one volume. Edited by Thomas Ashe, Esq. First American from the third London edition.	Ashe, Thomas	1812	['Pencil']	['Words']		['Curly braces enclosing passage on "how to obtain a good husband, or to keep one good," pages 217-219.']
438976	Paul's letters to his kinsfolk. Second edition.	Scott, Walter	1816	['Pencil']	['Words']		['Front pastedown. "By Sir Walter Scott."']
59364	Abstract. A character from life. In two volumes. Vol. I.		1797	['Ink']	['Words']	['v.2']	['A word in cursive, perhaps an inscription, partially covered by circulating library bookplate on front paste-down endpaper.']
105751	The wreath of friendship; or A return from India. A novel, in a series of letters. In three volumes. Vol. I.		1790	['Ink']	['Words']	['v.3']	['Much of final page of text has been cut away. Two layers of writing in ink, most of it crossed out, visible on verso. Partial transcription: "Ply her with [?] art [...] Purple [...] the Spear".']
