1	260496	 3 v. ;					
2	260498	 3 v. ;	520: 0/3				656: 0/1
3	260500	 [2], 78 p. ;		591: 0/1			
4	260503	 4 v. :	520: 0/7				656: 0/1
5	260507	 [2], 227 p., [1] leaf of plates :					
6	260508	 3 v. ;	520: 0/2				656: 0/2
7	260518	 x, 254 p. ;					
8	260658	 4 v. ;					
9	260659	 2 v. ;					
10	260660	 374 p. ;	520: 0/2				
11	260661	 82 p. ;	520: 0/6	591: 0/1			
12	260662	 3 v. ;	520: 0/5				
13	260663	 [8], 284 p. ;	520: 0/1				
14	260664	 [8], 284 p. ;	520: 0/1				
15	260665	 4 v. ;					
16	260666	 117 p. ;		591: 0/1			656: 0/2
17	260667	 117 p. ;		591: 0/1			
18	260668	 viii, 325, [1] p.	520: 0/2			595: 0/1	656: 0/1
19	260669	 3 v. ;	520: 0/1				
20	260670	 3 v. ;					
21	260671	 2 v. ;					
22	260672	 199, [5] p. (final page blank) :					
23	260673	 3 v. ;					
24	260674	 [4], 324 p. ;				595: 0/1	
25	260675	 2 v. ;	520: 0/3				
26	260676	 2 v. ;	520: 0/4				
27	260677	 2v. ;					
28	260678	 2 v. ;					
29	260679	 147, [1] p. ;					
30	260680	 2 v. ;					
31	260681	 9 v. ;					
32	260682	 9 v. ;	520: 0/5				656: 0/1
33	260683	 3 v. ;					
34	260684	 3 v. ;	520: 0/3				
35	260685	 2 v. ;	520: 0/1				
36	260686	 2 v. ;	520: 0/1				
37	260687	 2 v. ;					
38	260688	 2 v. ;	520: 0/1				
39	260689	 30, [2] p.		591: 0/1			
40	260690	 [4], 119, [1] p. ;		591: 0/1		595: 0/1	
41	260691	 228 p. ;	520: 0/1		594: 0/2		
42	260692	 2 v. ;	520: 0/1				
43	260693	 2 v. ;	520: 0/3				
44	260694	 iv, 336 p. ;					
45	260695	 [2], 29, [1] p. ;	520: 0/1	591: 0/1			
46	260696	 [4], 284 p. ;	520: 0/1				
47	260697	 viii, 9-280 p., [1] leaf of plates ;	520: 0/1				
48	260698	 [2], iv, 329, [1] p. (the last page blank) ;	520: 0/1				
49	260699	 2 v. ;	520: 0/1				
50	260700	 7 v. ;	520: 0/4				
51	260701	 7 v. :	520: 0/4				
52	260702	 4 v. :	520: 0/1				
53	260703	 [8], 231, [1] ;	520: 0/1		594: 0/1		
54	260704	 [8], 231, [1] ;	520: 0/2		594: 0/1		656: 0/3
55	260705	 [4], vi, [2], 165 [i.e. 156] p. :	520: 0/1				656: 0/2
56	260706	 6 v. ;		591: 0/1			
57	260707	 6 v. ;	520: 0/7				
58	260708	 6 v. ;	520: 0/8				
59	260709	 xiv, 245, [5] p. ;	520: 0/2				656: 0/1
60	260710	 xii, 288 p. ;	520: 0/1	591: 0/1	594: 0/1	595: 0/1	
61	260711	 [2], 314 p. ;	520: 0/1			595: 0/1	
62	260712	 2 v. ;	520: 0/1				
63	260713	 2 v. ;	520: 0/1				
64	260715	 3 v. ;	520: 1/2				
65	260716	 2 v. ;					
66	260717	 2 v. ;					
67	260719	 2 v. ;	520: 0/1				
68	260720	 2 v. ;	520: 0/1				
69	260721	 2 v. ;	520: 0/2				
70	260722	 iv, 262, [1] leaf of plates :					
71	260723	 3 v. ;	520: 0/1				
72	260724	 xi, [1], 432, [8] p. ;	520: 0/3		594: 0/1		
73	260725	 viii, [9]-360 p. ;					
74	260726	 2 v. ;	520: 0/2				
75	260727	 2 v. ;	520: 0/4				
76	260728	 viii, [9]-246, [3] p. :					
77	260729	 2 v. ;	520: 0/1				
78	260730	 xii, [13]-308 p. ;					
79	260731	 2 v. ;					
80	260732	 2 v. ;					
81	260733	 2 v. ;					
82	260734	 80 p. ;	520: 0/2		594: 0/1		
83	260735	 2 v. ;	520: 0/1	591: 0/1			
84	260736	 3 v. ;		591: 0/1			
85	260737	 3 v. ;					
86	260738	 2 v. ;					
87	260740	 3 v. ;	520: 0/2				
88	260741	 8 v. ;	520: 0/16				
89	260742	 3 v. ;					
90	260743	 vii, [8]-170, xii, 151 p. ;	520: 0/5				
91	260744	 vii, [8]-170, xii, 151 p. ;					
92	260745	 xi, [2], 14-124, [127]-148, 151-208, 211-266 p., [4] leaves of plates ;	520: 0/4		594: 0/1		
93	260747	 4 v. ;	520: 0/1	591: 0/1			
94	260748	 xi, [1], 275 p., [1] leaf of plates ;					
95	260749	 19 v. :					
96	260750	 19 v. :					
97	260751	 3 v. ;	520: 0/1				
98	260752	 xxiii, [1], 288 p. ;	520: 0/4				
99	260753	 218 p. ;					
100	260754	 2 v. :					
101	260755	 242 p. ;			594: 0/1		656: 0/1
102	260756	 2 v. ;					
103	260757	 4 v. ;					
104	260758	 2 v. ;	520: 0/1				
105	260759	 2 v. ;	520: 0/4				
106	260760	 2 v. ;					
107	260761	 2 v. ;			594: 0/1		
108	260762	 3 v. ;					656: 0/1
109	260763	 [4], 322, [2] p., [7] leaves of plates :	520: 0/12	591: 0/3			656: 0/1
110	260764	 v, [7]-300 p.					
111	260765	 59 p. :					
112	260766	 263 p. ;					
113	260767	 3 v. ;					
114	260768	 2 v. ;					
115	260769	 3 v. ;					
116	260770	 3 v. ;					
117	260771	 144 p. :	520: 0/2				
118	260772	 2 v. ;					
119	260773	 iii-xiv, [2], 205, [1] p., [1] leaf of plates :	520: 0/1			595: 0/2	
120	260774	 2 v. ;					
121	260775	 4 v. ;					
122	260776	 3 v. ;	520: 1/2				
123	260777	 4 v. ;	520: 0/1				
124	260778	 3 v. ;					
125	260779	 4 v. ;					
126	260780	 4 v. ;	520: 0/1				
127	260781	 3 v. ;					
128	260782	 3 v. ;					
129	260783	 3 v. ;					
130	260784	 3 v. ;					
131	260785	 3 v. ;					
132	260786	 3 v. ;	520: 0/2				
133	260787	 162, [2] p. ;					
134	260788	 2 v. ;	520: 0/1				
135	260789	 iv, 52 p. :					
136	260790	 xxxii, 116, [2], xxviii, 121, [3], xi, 26, [2] p. :	520: 0/11	591: 0/2			
137	260791	 3 v. ;					
138	260792	 1v. ;					
139	260793	 2 v. ;					
140	260794	 4 v. ;					
141	260795	 4 v. ;					
142	260796	 14 v. ;	520: 12/14				
143	260797	 24 v. :					
144	260798	 xi, [1], 180 p., [5] leaves of plates :					
145	260799	 5 v. ;	520: 1/13				
146	260800	 3 v. ;	520: 1/2				
147	260801	 106, [2] p. :	520: 0/1	591: 0/2	594: 0/2		656: 0/1
148	260802	 4 v. ;					
149	260803	 4 v. ;					
150	260804	 4 v. ;					
151	260806	 3 v. ;					
152	260807	 3 v. ;	520: 0/3				
153	260808	 3 v. ;					
154	260809	 3 v. ;	520: 0/3				
155	260810	 viii, 134, [2] p. ;					
156	260811	 2 v. ;					
157	260812	 87 p. ;				595: 0/1	
158	260813	 6 v. ;	520: 0/1				
159	260815	 210 p. ;	520: 0/2			595: 0/1	
160	260816	 viii, 214 p. ;	520: 0/3				
161	260817	 136, [1] p., [5] leaves of plates :	520: 0/1	591: 0/1			
162	260818	 4 v. ; 347 pages					
163	260819	 3 v. ;		591: 0/1			
164	260820	 3 v. ;					
165	260821	 180 p. ;					
166	260822	 2 v. ;	520: 0/2				
167	260823	 6 v. ;					
168	260824	 6 v. ;					
169	260825	 36 p. ;	520: 0/1		594: 0/2		
170	260826	 3 v. ;		591: 77/79			
171	260827	 iv, [4], 252, [4] p., [7] leaves of plates :	520: 0/6				656: 0/1
172	260828	 276 p. ;					
173	260829	 [2], 362 p. ;					
174	260830	 3 v. ;					
175	260831	 3 v. ;					
176	260832	 3 v. ;					
177	260833	 3 v. ;	520: 1/2	591: 39/40			
178	260834	 3 v. ;	520: 1/2	591: 39/40			
179	260835	 3 v. ;					
180	260836	 3 v. ;					
181	260837	 3 v. ;					
182	260838	 4 v. ;	520: 0/2	591: 0/1			
183	260842	 3 v. ;					
184	260843	 2 v. ;		591: 0/1			
185	260844	 3 v. ;					
186	260845	 2 v. ;					
187	260846	 3 v. ;					
188	260847	 2 v. ;					
189	260848	 3 v. ;					
190	260850	 2 v. ;					656: 0/1
191	260851	 168 p. :					
192	260852	 3 v. ;	520: 0/1	591: 0/1			
193	260853	 3 v. ;					
194	260855	 2 v. ;					
195	260857	 3 v. ;					
196	260858	 2 v. ;	520: 0/1				
197	260859	 3 v. ;					
198	260860	 2 v. ;	520: 0/1	591: 0/2			
199	260861	 3 v. ;		591: 0/1			
200	260862	 3 v. ;	520: 0/1				
201	260863	 3 v. ;					
202	260864	 3 v. ;	520: 0/1				
203	260865	 2 v. :					
204	260867	 3 v. ;		591: 0/2		595: 0/1	656: 0/1
205	260868	 50 v. ;					
206	260869	 8 v. ;	520: 1/13				
207	260870	 7 v. ;	520: 0/4				
208	260871	 2 v. ;	520: 2/4				
209	260872	 395 p. ;	520: 0/2				
210	260873	 3 v. ;	520: 0/1				
211	260874	 [4], iii, [1], 303 p. ; 16 cm.	520: 0/5	591: 0/1			
212	260875	 [4], xii, 380 p. ;	520: 0/2	591: 0/3			
213	260876	 2 v. ;	520: 0/2				
214	260877	 [4], viii, ii, 251 p. ;	520: 0/3				
215	260879	 [4], 353 p. ;		591: 0/1			
216	260880	 [4], iii, 274 p. ;	520: 0/1				
217	260881	 2 v. ;	520: 0/4				
218	260882	 2 v. ;	520: 0/7				
219	260883	 2 v. ;	520: 0/1				
220	260884	 2 v. ;	520: 0/1				
221	260885	 2 v. ;	520: 0/3				
222	260886	 3 v. ;					
223	260887	 2 v. ;	520: 0/2				
224	260888	 3 v. ;					
225	260889	 [4], iii, [1], 352 p. ;	520: 0/1	591: 0/1			
226	260890	 2 v. ;		591: 0/1			
227	260891	 2 v. ;					
228	260892	 xi, 210 ;		591: 0/3			
229	260893	 47, [5] p., [6] leaves of plates :					
230	260894	 3 v. ;	520: 0/1				
231	260897	 vi, [1], 8-364, [2] p. ;					
232	260898	 3 v. ;		591: 0/1			
233	260899	 4 v. ;					
234	260900	 2 v. ;		591: 1/2			
235	260902	 2 v. ;					
236	260903	 3 v. ;					
237	260904	 2 v. ;					
238	260905	 3 v. ;					
239	260906	 231, [3] p. :					
240	260907	 231, [3] p. :	520: 0/5	591: 0/1			656: 0/1
241	260908	 viii, 9-288 p.	520: 0/1				
242	260909	 2 v. ;					
243	260910	 xi, 225, [4] p., [3] leaves of plates ;	520: 0/1	591: 0/1			656: 0/1
244	260911	 xii, 132, 4 p., [1] leaf of plates ;	520: 0/2	591: 0/1	594: 0/2		656: 0/1
245	260912	 3 v. ;					
246	260913	 iv, [3], 220 p. ;	520: 0/2				
247	260915	 2 v. ;					
248	260916	 iv, 355 p., [4] leaves of plates :					
249	260917	 3 v. ;					
250	260918	 5 v. ;					
251	260919	 3 v. ;		591: 40/42			
252	260920	 3 v. ;					
253	260921	 2 v. ;					
254	260922	 2 v. ;					
255	260923	 [4], [7]-359 p., [1] leaf of plates :	520: 0/1	591: 0/1		595: 0/1	
256	260924	 [2], iv, 372 p. ;					
257	260925	 2 v. ;					
258	260926	 [2], x, x, xii, 202 p., [1] leaf of plates :	520: 0/3				
259	260928	 2 v. :					
260	260929	 xii, 321 p.,  3v	520: 0/4				
261	260930	 4 v. ;					
262	260931	 142 p. ;	520: 0/3	591: 0/1			
263	260933	 5 v. ; 424 pages					
264	260934	 5 v. ;					
265	260935	 5 v. ;					
266	260936	 3 v. ;					
267	260937	 3 v. ;					
268	260938	 7 v. ;					
269	260940	 3 v. ;					
270	260941	 vi, 174 p. ;					
271	260942	 3 v. ;					
272	260943	 4 v. ;	520: 0/2	591: 55/56			
273	260944	 [2], 227 p., [1] leaf of plates :					
274	260945	 vii, [1], 232 p. ;	520: 0/2	591: 0/1	594: 0/1		
275	260946	 vii, [1], 232 p. ;	520: 0/2	591: 0/1	594: 0/1		
276	260947	 3 v. ;					
277	260948	 3 v. ;					
278	260949	 3 v. ;		591: 0/1			
279	260951	 4 v. ;					
280	260952	 3 v. ;					
281	260953	 7, [1], 153, [7] p., [1] leaf of plates :					
282	260955	 198 p., [1] leaf of plates :					
283	260956	 3 v. ;			594: 0/1		
284	260957	 2 v. ;	520: 0/2				656: 1/2
285	260958	 3 v. ;	520: 0/2				
286	260959	 280 p. ;		591: 0/1		595: 0/2	
287	260960	 viii, 232 p., [1] leaf of plates :					
288	260961	 3 v. ;					
289	260962	 3 v. ;					
290	260963	 4 v. ;					
291	260964	 3 v. ;	520: 0/1	591: 0/1			
292	260965	 [4], 183, [1] p. ;	520: 0/1				
293	260966	 [4], 183, [1] p. ;					
294	260967	 xliii, 638 p. ;					
295	260968	 3 v. ;					
296	260969	 3 v. ;					
297	260970	 4 v. ;					
298	260971	 [42], iv, 64 p. ;	520: 0/1		594: 0/1		
299	260972	 26 p. ;					
300	260973	 5 v. ;					
301	260974	 264 p., [8] leaves of plates :					
302	260975	 [2], xvi, [6], 220 p., [8] leaves of plates :					
303	260976	 [2], xvi, [6], 220 p., [8] leaves of plates :					
304	260977	 [2], xvi, [6], 220 p., [8] leaves of plates :					
305	260978	 [2], xvi, [6], 220 p., [8] leaves of plates :					
306	260979	 [2], xvi, [6], 220 p., [8] leaves of plates :					
307	260980	 235 p. ;					
308	260981	 3 v. ;					
309	260982	 2 v. ;					
310	260983	 568 p., [2] leaves of plates :	520: 0/4		594: 0/2		
311	260984	 151 p. ;					
312	260985	 2 v. in 1 ;					
313	260986	 [2], 85, [19] p., [2] leaves of plates ;					
314	260987	 2 v. ;	520: 0/1				656: 0/1
315	260988	 [12], 322 p., [1] leaf of plates :					
316	260989	 4 v. ;	520: 0/1				
317	260990	 52, [2] p. :					
318	260991	 36 p. ;					
319	260992	 xii, 286, [2] p. ;					
320	260993	 viii, 301, [3] p. ;					
321	260994	 4 v. ;	520: 0/2				
322	260995	 4 v. ;	520: 0/6		594: 0/1		
323	260996	 4 v. ;	520: 0/2				
324	260997	 4 v. ;	520: 0/2				
325	260998	 4 v. ;	520: 0/2		594: 0/1		
326	260999	 [10], 296 p., [6] leaves of plates :					
327	261000	 [10], 296 p., [6] leaves of plates :					
328	261001	 [10], 296 p., [6] leaves of plates :					
329	261002	 [10], 351, [1] p., [6] leaves of plates :					
330	261003	 277p. ;		591: 0/2			656: 0/1
331	261004	 240 p., [1] leaf of plates (fold.) ;					
332	261005	 [8], 352 p. ;					
333	261006	 [2], viii, 209, [1] p. ;					
334	261007	 4 v. :					
335	261008	 4 v. ;					
336	261009	 viii, 216 p. ;					
337	261010	 5 v. ;					
338	261011	 364, [2] p. ;					
339	261012	 4 v. ;					
340	261013	 3 v. ;					
341	261014	 4 v. ;					
342	261015	 35 p. ;					
343	261016	 xx, [13]-176, [2] p. ;					
344	261017	 [4], 164 p., [1] leaf of plates :					
345	261018	 142 p. ;	520: 0/2	591: 0/1			
346	261019	 2 v. ;					
347	261020	 2 v. ;					
348	261021	 2 v. ;					
349	261022	 2 v. ;					
350	261023	 2 v. ;					
351	261024	 2 v. ;					
352	261025	 2 v. ;					
353	261026	 2 v. ;					
354	261027	 2 v. ;					
355	261028	 2 v. ;					
356	261029	 2 v. ;					
357	261030	 143 p. ;					
358	261031	 [2], iv, [3]-270 p. ;	520: 0/3	591: 0/2	594: 0/3		
359	261032	 135 p. ; 15 cm.					
360	261033	 [4], 235 p. ;					
361	261034	 48 p., [1] leaf of plates :					
362	261035	 47 p., [1] leaf of plates :					
363	261036	 2 v. ;					
364	261037	 4 v. ;					
365	261038	 40 p. :					
366	261039	 204 p. ;	520: 0/6				
367	261040	 228 p., [1] fold. leaf of plates ;					
368	261041	 24 p. ;					
369	261042	 2 v. ;	520: 1/5	591: 2/15			
370	261043	 271 p. ;					
371	261044	 188 p. ;	520: 0/2	591: 0/13	594: 0/1		
372	261045	 2 v. ;					
373	261046	 252 p. ;					
374	261047	 2 v. ;					
375	261048	 2 v. ;					
376	261049	 3 v. ;					
377	261050	 3 v. ;					
378	261051	 3 v. ;					
379	261052	 4 v. ;					
380	261053	 311 p. ;	520: 0/4				
381	261054	 iii, 265 p. ;					
382	261055	 viii, [13]-218 p., [6] leaves of plates :					
383	261056	 251 p. :					
384	261057	 8 v. :					
385	261058	 8 v. :					
386	261059	 9 v. :	520: 0/8		594: 1/2		
387	261060	 178 p., [1] leaf of plates :					
388	261061	 32 p. ;					
389	261062	 64 p. ;					
390	261063	 2 v. ;	520: 3/5	591: 0/5			
391	261064	 36 p. ;					
392	261065	 36 p. ;					
393	261066	 178 p. ;	520: 0/3	591: 0/1			
394	261067	 iv, 290 p. ;					
395	261068	 2 v. :	520: 0/1				656: 0/1
396	261071	 x, 254 p. ;					
397	261072	 2 v. ;					
398	261073	 x, [2], [13]-246 p. ;					
399	261074	 174 [i.e. 175], [1] p. ;					
400	261075	 2 v. ;					
401	261076	 138 p. ;	520: 0/1				
402	261077	 2 v. ;					
403	261078	 [4], 210, [4] p. ;	520: 0/2	591: 0/1			656: 0/1
404	261079	 32 p., [6] leaves of plates :	520: 0/1				656: 0/1
405	261080	 36 p. :					
406	261081	 52 p. ;					
407	261082	 viii, [6], xiv, [15]-322 p. :					
408	261083	 3 v. ;					
409	261084	 119, [5] p., [1] leaf of plates :					
410	261085	 vi, 142, [2] p., [1] leaf of plates :					
411	261086	 3 v. ;					
412	261087	 278 p. ;		591: 0/1			
413	261088	 2 v. ;					
414	261089	 1 v. ; 259 pages			594: 0/1		
415	261090	 [4], 263 p., [1] leaf of plates :					
416	261091	 [4], 284 p., [1] leaf of plates :					
417	261092	 107, [1] p. ;					
418	261093	 xii, 144 p. :	520: 0/2				
419	261094	 3 v. ;					
420	261095	 3 v. ;					
421	261096	 2 v. ;		591: 0/1			
422	261097	 210 p.  ;					
423	261098	 [2], viii, 209, [1] p. ;					
424	261099	 63 p., [1] leaf of plates :					
425	261100	 48 p., [1] leaf of plates :					
426	261102	 [4], 191, [21] p., [1] leaf of plates :					
427	261103	 79, [1] p., [3] leaves of plates :					
428	261104	 [4], 185, [3] p. ;					
429	261105	 180 p. ;	520: 0/2	591: 0/1			
430	261156	 2 v. ;	520: 0/3				
431	261157	 2 v. ;					
432	261486	 [8], 352 p. ;	520: 0/1				656: 0/3
433	276043	 viii, 184 p. ;	520: 0/1			595: 0/1	
434	276044	 104 p. ;	520: 0/1				
435	276045	 2 v. ;		591: 2/3			
436	276046	 4 v. ;	520: 0/1	591: 0/2			
437	276047	 [4], 225, [1], 267, [1], 107, [1], 76 p. ;	520: 0/1			595: 0/1	
438	276049	 [2], 65, [1] p. (last page blank), [1] leaf of plates :					
439	276050	 [2], 262 p., [1] leaf of plates :	520: 0/1				
440	276051	 6 v. :	520: 0/2				
441	276061	 3 v. ;	520: 0/1				
442	276063	 4 v. ;	520: 0/1				
443	276064	 [4], 808 p. ;	520: 0/1		594: 0/5		
444	276066	 xvi, 312 p. ;	520: 0/1		594: 0/1		
445	276068	 4 v. ;	520: 0/5				
446	276069	 2 v. ;	520: 0/3				
447	276070	 2 v. ;					
448	276072	 2 v. ;	520: 0/3				
449	276073	 xiv, [2], 416 [i.e. 398] p. ;	520: 0/9	591: 0/2	594: 0/1	595: 0/5	656: 0/1
450	276075	 3 v. ;					
451	276078	 x, 200, 326 p., [1] leaf of plates :	520: 0/1				
452	276080	 338 p. ;	520: 0/1				
453	276081	 xxx, 143 p. ;	520: 0/2	591: 0/2			
454	276082	 xi, [1], 272 p. ;	520: 0/1	591: 0/1	594: 0/2		
455	276083	 2 v. ;	520: 0/1				
456	276085	 viii, 151, [1] p. ;	520: 0/1				
457	276086	 [8], 958, [2] p. ;	520: 0/10	591: 0/1		595: 0/1	656: 0/1
458	276087	 4 v. ;	520: 1/2				
459	276088	 [24], 472 p. ;	520: 0/2				
460	276089	 2 v. ;					
461	276092	 3 v. ;	520: 0/2				
462	276093	 3 v. ;	520: 0/1				
463	276094	 4 p. l., 327 ( i. e. 331) p. 2 l., 217-544 (i. e. 548), 553-736   p.	520: 0/6				
464	276097	 4 v. ;	520: 0/2		594: 0/1		
465	276099	 xx, 314, [21] p.	520: 0/3				
466	276100	 [10], 575, [1] p., [1] leaf of plates :	520: 0/4			595: 0/6	656: 0/1
467	276101	 [30], 283 p. ;	520: 0/3			595: 0/1	
468	276102	 [12], 171, [13], 219, [17] p. ;	520: 0/5			595: 0/1	
469	276103	 2 v. ;					
470	276105	 2 v. ;					
471	276107	 [34], 305, [5] p. :	520: 0/3	591: 0/1			
472	276109	 5 v. ;	520: 0/1				
473	276110	 3 v. ;	520: 0/1				
474	276113	 3 v. ;					
475	276114	 4 v. ;	520: 0/3				
476	276115	 2 p. l., v-xvi, 368 p. ;	520: 0/1				656: 0/1
477	276116	 [4], vii, [1], 120 p. ;	520: 0/1	591: 0/1			
478	276117	 2 v. ;					
479	276118	 2 v. ;	520: 0/2				
480	276120	 2 v. ;	520: 0/2				656: 0/2
481	276121	 iv, 87, [1], 104, [16], 18, [2] p., [1] leaf of plates :	520: 0/6				656: 0/1
482	276122	 2 v. ;	520: 0/3				656: 0/1
483	276123	 [12], 323, [1] p. ;	520: 0/4				
484	276124	 xix, [5], 320 p., [4] leaves of plates :	520: 0/4	591: 0/1			
485	276126	 xix, [4], 320 p., [5] leaves of plates :	520: 0/4	591: 0/1			
486	276127	 4 v. ;		591: 0/1			
487	276128	 2 v. ;		591: 0/1			
488	276130	 [4], 271, [1] p. ;	520: 0/1				656: 0/2
489	276131	 2 v. ;					
490	276133	 294 p. ;	520: 0/1				656: 0/1
491	276134	 [6], 330, [2] p. (the last leaf blank), [1] leaf of plates :	520: 0/3		594: 0/1		
492	276135	 2 v. ;	520: 1/2				
493	276136	 [2], 50 p. ;	520: 0/1				
494	276139	 2 v. ;	520: 0/1				
495	276140	 2 v. ;	520: 0/1				
496	276142	 3 v. ;	520: 0/2				656: 0/2
497	276148	 3 v. ;	520: 0/3				656: 0/1
498	276150	 3 v. ;					
499	276155	 3 v. ;	520: 0/1		594: 0/1	595: 0/2	
500	276156	 [16], 270, 84, [i.e. 86], [2] p., [1] folded leaf of plates :	520: 0/2				656: 0/1
501	276157	 xii, iv, 276 p.	520: 0/8				
502	276158	 [4], 138 [i.e. 139], [1] p. (the last page blank) ;	520: 0/1				
503	276159	 5 v. :	520: 0/7				
504	279595	 2 v. ;					
505	299668	 [4], 225, [1], 267, [1], 107, [1], 76 p. ;	520: 0/1			595: 0/1	
506	340844	 2 v. ;		591: 0/1			
507	340846	 4 v. ;		591: 0/2			
508	340848	 viii, 268 p. ;	520: 0/1		594: 0/1		
509	340850	 6, [2], iv, 150 p. ;		591: 0/1		595: 0/2	656: 0/1
510	340854	 [4], ix, [1], viii, 264 p. ;	520: 0/2	591: 0/2			
511	340856	 [6], ix, [1], viii, 240 p. ;	520: 0/2	591: 0/2	594: 0/1		
512	340910	 64 p. ;	520: 0/3	591: 0/1	594: 0/1		656: 0/1
513	340911	 [4], xv, [5], 170 p. ;	520: 0/2	591: 0/1	594: 0/1		
514	341318	 2 v. :		591: 0/1			
515	341331	 327, [13] p., [2] leaves of plates :	520: 6/7				656: 0/2
516	341332	 2 v. ;					656: 0/2
517	341334	 xvi (i.e. xviii), 422 p.	520: 0/2	591: 0/2	594: 0/1		
518	341336	 3 v. ;					
519	341339	 2 v. ;					
520	341340	 4 v. ;					
521	341342	 2 v. ;		591: 0/1			
522	341344	 2 v. ;		591: 0/1			
523	341345	 2 v. ;					
524	341346	 2 v. ;					
525	341348	 2 v. ;					656: 0/1
526	341350	 [2], 248 p. ;				595: 0/1	
527	341351	 2 v. ;		591: 0/1			
528	341353	 5v. ;					
529	341354	 5 v. ;					
530	341355	 2 v. ;					
531	341358	 2 v. ;					
532	341360	 viii, 9-115 p., 3 leaves of plates :	520: 0/2				
533	341364	 4 v. ;		591: 0/2			
534	341366	 3 v. :		591: 0/1			
535	341367	 2 v. ;		591: 0/1			
536	341368	 2 v. :		591: 1/2			
537	341370	 2 v. ;					
538	341371	 2 v. ;		591: 0/1			
539	341373	 2 v. ;		591: 0/1			
540	341374	 [2], 262 p. ;			594: 0/2		
541	341376	 2 v. ;					
542	341377	 xii, 264 p. ;	520: 0/1	591: 0/1	594: 0/2		
543	341378	 264 p. ;		591: 0/1		595: 0/1	
544	341379	 3 v. ;					
545	341380	 2 v. ;		591: 0/2			
546	341381	 2 v. :		591: 0/1			
547	341383	 [2], vi, 280 p. ;	520: 0/2				
548	341384	 3 v. ;					
549	341385	 xxiv, 259, [5] p., [6] leaves of plates :	520: 0/3				656: 0/1
550	341386	 4 v. ;					
551	341387	 94 p. ;					
552	341388	 2 v. ;		591: 0/1			
553	341392	 88, 97-120, 113-176 p. ;		591: 0/1			
554	341393	 [6], 211, [1] p. (last page blank) ;	520: 0/1		594: 0/1		
555	341396	 [4], ii, [2], 227, [1] p. (last page blank) ;	520: 0/3		594: 0/1		
556	341398	 2 v. ;					
557	341399	 2 v. ;					
558	341400	 60 p. :		591: 0/1		595: 0/1	
559	341401	 3 v. ;					
560	341403	 2 v. ;				595: 0/1	
561	341404	 [4], 260 ;	520: 0/1				
562	341405	 2 v. ;					
563	341406	 2 v. ;					
564	341410	 135, [1] p. ;	520: 0/3	591: 0/1	594: 0/1		
565	341411	 3 v. ;					
566	341412	 2 v. ;					
567	341413	 2 v. ;					
568	341415	 2 v. ;		591: 0/1			
569	341416	 3 v. ;					
570	341417	 2 v. ;					
571	341418	 2 v. ;					
572	341419	 2 v. ;					
573	341420	 2 v. ;					
574	341421	 2 v. ;		591: 0/2			
575	341422	 2 v. ;					
576	341423	 3 v. ;					
577	341424	 2 v. ;					
578	341425	 2 v. ;					
579	341427	 10, [xi]-xviii, 293 p.	520: 0/8	591: 0/4	594: 0/2		656: 0/1
580	341429	 2 v. ;		591: 0/2			
581	341431	 2 v. ;		591: 0/1	594: 0/6		
582	341432	 2 v. ;					
583	341433	 2 v. ;					
584	341434	 219, [1] p. (the last page blank), 4 leaves of plates :					
585	341436	 4 v. :					
586	341439	 4 v. :					
587	341440	 162 p. ;			594: 0/1		
588	341441	 5 v. ;					
589	341442	 2 v. ;		591: 0/1			
590	341443	 4 v. :					
591	341445	 [6], 112, [6] p. ;	520: 0/1				656: 0/2
592	341446	 2 v. ;		591: 0/1			
593	341447	 3 v. ;					
594	341448	 2 v. ;					
595	341450	 2 v. ;					656: 0/1
596	341452	 2 v. ;					
597	341454	 3 v. ;					
598	341455	 3 v. ;					
599	341457	 4 v. :					
600	341458	 3 v. ;					
601	341460	 5 v. ;		591: 0/1			
602	341461	 3 v. ;		591: 0/1	594: 0/1		
603	341462	 2 v. ;					
604	341463	 2 v. ;					
605	341465	 2 v. ;					
606	341466	 3 v. ;					
607	341467	 3 v. ;		591: 0/1			
608	341468	 2 v. ;					
609	341469	 2 v. ;		591: 0/1			
610	341471	 2 v. ;					
611	341473	 3 v. ;					
612	341475	 2 v. ;					
613	341476	 2 v. ;		591: 0/1			
614	341477	 2 v. ;					
615	341479	 2 v. ;					
616	341480	 3 v. ;					
617	341481	 2 v. ;	520: 1/2				656: 0/1
618	341482	 2 v. ;					
619	341483	 2 v. ;					
620	341484	 2 v. ;					
621	341486	 3 v. ;	520: 2/3				
622	341489	 xiv, [2], 536 p. ;	520: 0/2		594: 0/1		
623	341490	 3 v. ;		591: 0/1			
624	341505	 2 v. ;					
625	341506	 3 v. ;		591: 0/1			
626	341507	 viii, 207, [1] p. (last page blank), [1] folded leaf of plates :	520: 0/3		594: 0/2		
627	341508	 2 v. ;					
628	341517	 2 v. ;					
629	341519	 2 v. ;					
630	341520	 2 v. ;					
631	341521	 iv, 66, [2] p. ;	520: 0/2	591: 0/2			
632	341522	 vi, 7-104 p. ;	520: 0/2				
633	341523	 [2], v, [3], 141, [1] p. ;	520: 0/3		594: 0/1	595: 0/1	
634	341524	 2 v. ;		591: 0/1		595: 0/1	
635	341525	 4 v. ;					
636	341526	 221, [1] p. (last page blank), 4 leaves of plates ;	520: 0/1	591: 0/1			
637	341527	 2 v. ;					
638	341528	 4 v. ;					
639	341529	 vii, [5], 221, [1] p. ;	520: 0/4	591: 0/1	594: 0/2		656: 0/1
640	341530	 2 v. ;					
641	341531	 [6], 234 p. ;	520: 0/1	591: 0/1			656: 0/1
642	341532	 vi, 95, [1] p. ;	520: 0/1				
643	341533	 vi, [2], 296 p. ;	520: 0/3	591: 0/2		595: 0/1	
644	341534	 [4], 35, [I] p. (the last page blank) ;					
645	341535	 [2], 10, [2], 262, [2] p. ;	520: 0/3	591: 0/1			656: 0/1
646	341536	 [2], iv, [4], 139, [1] p., 6 leaves of plates :	520: 0/3	591: 0/1			
647	341537	 2 v. ;					
648	341538	 3 v. ;					
649	341541	 2 v. ;		591: 0/1			
650	341542	 2 v. ;					
651	341545	 3 v. ;					656: 0/1
652	341547	 4 v. ;		591: 0/1			
653	341548	 2 v. ;					
654	341549	 4 v. ;					
655	341550	 2 v. ;					
656	341551	 iv, [1], 6-180 p. ;	520: 0/2				
657	341552	 2 v. ;					
658	341553	 [2], 224 p. ;					
659	341554	 2 v. ;					
660	341555	 2 v. ;					
661	341556	 2 v. ;					
662	341557	 [4], 152 p., [1] leaf plate ;					
663	341558	 2 v. ;					
664	341560	 [20], 338, [2] p. (the last leaf blank) ;	520: 0/4				
665	341561	 5 v. ;			594: 0/1		
666	341562	 2 v. ;		591: 0/1			
667	341563	 [10], 261, [1] p. (the last page blank) ;		591: 0/1			
668	341564	 iv, 125, [7] p. ;		591: 0/1		595: 0/1	656: 0/1
669	341565	 2 v. ;					
670	341566	 2 v. ;					
671	341567	 2 v. ;					
672	341568	 2 v. ;					
673	341570	 2 v. ;		591: 0/1			
674	341572	 2 v. ;					
675	341573	 [2], 211, [3] p. ;					656: 0/1
676	341574	 [6], 129 p., [9] leaves ofplates :	520: 0/2				
677	341575	 167, [1] p., [1] leaf of plates ;	520: 0/1				
678	341576	 2 v. ;		591: 0/1			
679	341580	 2 v. ;			594: 0/1		
680	341581	 3 v. ;					
681	341585	 3 v. ;		591: 0/1			
682	341597	 viii, 287, [1] p. (the last page blank) ;					
683	341598	 2 v. ;					
684	341601	 viii, 239, [1] p., [1] leaf of plates ;	520: 0/1	591: 0/1			
685	341602	 4 v. ;					
686	341603	 2 v. ;					
687	341604	 4 v. ;					
688	341606	 xii, 276 p., [1] leaf of plates ;	520: 0/2	591: 0/1			
689	341607	 2 v. ;					
690	341608	 2 v. ;		591: 0/1	594: 0/1		
691	341610	 2 v. ;		591: 0/1			
692	341613	 2 v. ;					
693	341614	 2 v. ;					
694	341615	 [4], 212 p. ;	520: 0/1				
695	341616	 4 v. ;					
696	341618	 3 v. ;		591: 0/1			
697	341622	 2 v. ;					
698	341624	 2 v. ;		591: 0/1			
699	341625	 3 v. ;		591: 0/1			
700	341626	 3 v. ;					
701	341628	 vii, [1], xi, [1], 202, [2] p. (the last leaf blank) ;	520: 0/2	591: 0/1	594: 0/1		
702	341629	 [2], 124, 109-250, [2] p. ;					
703	341636	 58 p. :					
704	341639	 3 v. :					
705	341640	 3 v. :		591: 0/1			
706	341646	 169, [1] p. (last page blank), 4 leaves of plates :					
707	341647	 2 v. ;			594: 0/2		
708	341649	 2 v. ;					
709	341650	 iv, [1], 6-35, [1] p. (the last page blank), [2] leaves of plates :	520: 0/1	591: 0/1			
710	341652	 2 v. :					
711	341654	 2 v. ;					
712	341657	 xii, 245, [3] p. (the last 3 pages blank) ;	520: 0/1				
713	341658	 2 v. ;					
714	341659	 3 v. ;					
715	341662	 iv, 267, [1] p. ;	520: 0/1				
716	341663	 iv, 258 p. ;	520: 0/1	591: 0/1	594: 0/2	595: 0/1	
717	341666	 2 v. ;					
718	341667	 [2], 315, [1] p. ;	520: 0/9	591: 0/2		595: 0/1	
719	341668	 2 v. ;					
720	341670	 [2], 293, [1] p. ;	520: 0/2		594: 0/3		
721	341672	 [2], viii, 110 p. ;	520: 0/3	591: 0/1			
722	341673	 2 v. ;					
723	341675	 2 v. ;		591: 0/3			656: 0/1
724	341677	 2 v. ;					
725	341679	 2 v. ;					
726	341680	 2 v. ;					
727	341681	 [8], 135, [1] p. (the last page blank) ;	520: 0/3				
728	341684	 [4], 271, [1] p. ;					656: 0/1
729	341686	 290 p., 8 leaves of plates;		591: 0/1			
730	341687	 2 v. ;			594: 0/2		
731	341690	 2 v. :	520: 0/1	591: 0/1			656: 0/1
732	341691	 2 v. ;		591: 0/1			
733	341692	 2 v. ;					
734	341694	 2 v. ;					
735	341695	 2 v. ;					
736	341697	 [2], 83, [1] p. (the last page blank) ;	520: 0/2	591: 0/1			
737	341699	 2 v. ;					
738	341702	 [2], 320 p. ;					
739	341703	 2 v. ;					
740	341704	 2 v. ;					
741	341706	 2 v. ;		591: 0/2			
742	341708	 2 v. ;					
743	341709	 3 v. ;					
744	341711	 2 v. ;		591: 0/1			656: 1/2
745	341712	 13 v. ;		591: 2/3			
746	341714	 18 v. ;					
747	341715	 18 v. ;					
748	341717	 18 v. ;					
749	341720	 20 v. :	520: 41/42				
750	341722	 2 v. ;		591: 0/1			
751	360997	 60 p. :		591: 0/1	594: 0/1		
752	361053	 2 v. ;		591: 0/1			
753	374838	 174 p. ;	520: 0/4				
754	374841	 104 p. ;	520: 0/4	591: 0/1		595: 0/1	656: 0/3
755	374924	 201 p.	520: 0/1		594: 0/1		
756	374930	 xi, 262 p. ;	520: 0/4		594: 0/1		
757	374933	 40 p. ;	520: 0/1		594: 0/1		
758	374934	 2 p.l., 108 p. ;	520: 0/1				
759	374935	 [2], [5]-64 p. ;	520: 0/3				
760	374936	 [8], [13]-159, [1] p., [6] leaves of plates :	520: 0/4				
761	374937	 84 p. ;	520: 0/2		594: 0/3		
762	374938	 47 p.	520: 0/3				
763	374939	 100 p. ;	520: 0/2				
764	374940	 100 p. :	520: 0/2				
765	374941	 56 p.	520: 0/2				
766	374942	 [4], [7]-58 p. :	520: 0/2				
767	374943	 46 p.	520: 0/2				
768	374945	 100 p.	520: 0/2				
769	374947	 48 p. ;					
770	374948	 50 p.	520: 0/2				
771	374949	 100 p.	520: 0/3				656: 0/2
772	374950	 100 p. :	520: 0/2				
773	374952	 100 p. ;	520: 0/3				
774	374953	 2 v. ;					
775	374956	 2 v. ;		591: 0/1			656: 0/1
776	374957	 [1] ℓ., [7]-100 p.	520: 0/1				
777	374958	 [3] l., [11]-100 p. ;	520: 0/3				
778	374959	 1 p. l., [7]-135 p. ;	520: 0/1	591: 0/2			
779	374961	 100 p. :	520: 0/2				
780	374962	 [9]-100 p. :	520: 0/3				
781	374963	 100 p. :	520: 0/3				
782	375219	 [2] ℓ., 172 p. ;	520: 0/6	591: 0/2			
783	375220	 1 p. l., [9]-186 p.	520: 0/10	591: 0/1	594: 0/1		656: 0/6
784	375221	 100 p. :	520: 0/3				656: 0/1
785	375224	 300 p. ;	520: 0/2	591: 0/1			
786	375225	 2 v. ;		591: 0/1			
787	375230	 191 p. ;	520: 0/5	591: 0/1			656: 0/1
788	375233		520: 0/5	591: 0/5			
789	375235	 100 p. :	520: 0/2				
790	375432	 4 v. ;		591: 0/1			
791	375490	 [4], 298 p. ;	520: 0/2	591: 0/1			
792	375693	 [12], xviii, [1], 20-375, [1] p., [1] leaf of plates:	520: 0/4				
793	375707	 2 v. ;					
794	375791	 2 v. ;					
795	375854	 249, [1] p. ;					
796	375855	 252 p. ;		591: 0/1	594: 0/2	595: 0/1	
797	375858	 iv, [1], 6-338, [2] p. ;	520: 0/2				656: 0/1
798	375929	 146 p. ;	520: 0/3		594: 0/1	595: 0/2	
799	376220	 193,[1],48,[2]p. ;					
800	376226	 346 p., [2] leaves of plates ;	520: 0/1			595: 0/1	
801	376344	 2 v. ;					
802	376394	 253 p., 2 leaves ;	520: 0/1				
803	376395	 2 v. ;					
804	376396	 2 vols. ;					
805	376408	 346 p., [2] leaves of plates ;	520: 0/1				
806	376409	 2 v. ;					
807	376580	 2 v. ;					
808	376602	 2 v. ;					
809	376702	 2 v. ;	520: 5/6				
810	376788	 2 v. ;		591: 0/1			
811	377334	 71 p. ;			594: 0/1		
812	377351	 48 p. ;			594: 0/3		
813	377362	 [2], vi, 210 p. ;		591: 0/1			
814	377373	 44 p. ;	520: 0/3			595: 0/1	
815	377404	 2 vols. ;					
816	377553	 vii, iv, [13]-244 p. ;	520: 0/4	591: 0/1			
817	377661	 32 p. ;			594: 0/3		
818	377728	 viii, 285, [1] p. (last blank) ;	520: 0/3	591: 0/1	594: 0/2		
819	377751	 167, [1], 6, 9-16 p., [1] leaf of plates :	520: 0/2				656: 0/2
820	377769	 118 p. :					656: 0/1
821	377773	 155, [8] p. ;	520: 0/2				656: 0/1
822	377782	 32 p. ;	520: 0/1		594: 0/1		
823	377783	 162 p. ;	520: 0/3		594: 0/1		
824	377794	 156, 26 p., [1] leaf of plates ;	520: 0/1		594: 0/2		
825	377800	 141 p. ;	520: 0/1		594: 0/1		
826	377806	 x, [1], 12-240 p. ;	520: 0/4		594: 0/1		
827	377812	 231, [1] p. (last blank), [1] leaf of plates :	520: 0/1				
828	377845	 244 p. :	520: 0/3	591: 0/1			
829	377849	 [4], 298 p. ;	520: 0/2	591: 0/1	594: 0/1	595: 0/1	
830	377872	 vi [i.e., iv], 224 p. ;	520: 0/2				
831	377906	 3 v. ;					
832	377909	 3 v. ;					
833	378217	 268 p. ;	520: 0/2		594: 0/1		
834	378273	 216 p., [1] leaf of plates ;	520: 0/4				
835	378280	 216 p., [1] leaf of plates ;	520: 0/4		594: 0/1	595: 0/1	
836	378310	 194 p. ;	520: 0/2		594: 0/2		656: 0/1
837	378334	 iv, [1], 6-192, [24] p. ;	520: 0/1		594: 0/1		656: 0/1
838	378344	 iv, [1], 6-180 p. ;	520: 0/2				
839	378355	 170 p. ;	520: 0/2	591: 0/1			656: 0/1
840	378359	 166, [18] p. ;	520: 0/2				656: 0/1
841	378367	 157 p. ;	520: 0/2		594: 0/1		
842	378745	 2 v. ;	520: 4/5				
843	378748	 190 p. ;		591: 0/1	594: 0/2		
844	378758	 228 p. ;	520: 0/3	591: 0/1			
845	378774		520: 0/5	591: 0/3			
846	378819	 264 p. ;	520: 0/1		594: 0/2		
847	378851	 [5], 14-272 p.	520: 0/3				
848	378880	 155 p. ;	520: 0/2	591: 0/1	594: 0/2		656: 0/1
849	378959	 4 pts. in 1 v. ;	520: 0/8	591: 0/2	594: 0/1		
850	378973	 2 v. ;		591: 0/1			
851	379016	 2 v. ;					
852	379041	 3 v. ;	520: 0/4	591: 0/1			656: 0/1
853	379054	 2 v. ;					
854	379061	 xi, 212 p. incl. front. ;	520: 0/4	591: 0/1	594: 0/2		
855	379082	 3 v. ;	520: 0/3				656: 0/1
856	379084	 iii, [9]-240 p. ;	520: 0/2				
857	379124	 2 v. ;					
858	379125	 2 v. ;					
859	379150	 2 v. ;					
860	379157	 2 v. ;		591: 0/1			
861	379183	 2 v. ;					
862	379185	 2 v. ;					
863	379195	 2 v. ;					
864	379297	 2 v. ;			594: 5/6		
865	379615	 [4], iv, 268 p. ;	520: 1/2				
866	379626	 2v. ;					
867	379651	 75, [1] p., [1] leaf of plates :	520: 0/2				
868	379654	 2 v. ;					
869	379658	 2 v. ;					
870	379664	 284 p. ;					
871	379665	 3 v. ;					
872	379700	 [4], 5-154 p., :	520: 0/2	591: 0/1			
873	379764	 [7], 12-100 p. :	520: 0/3				656: 0/3
874	379820	 198, [28] p. (last blank) ;	520: 0/2				656: 0/1
875	379836	 [2], vi, 210 p. ;	520: 0/11	591: 0/1		595: 0/1	
876	379838	 104, [8] p. ;	520: 0/1	591: 0/1			656: 0/12
877	379858	 [3], 8-100 p. ;			594: 0/1		656: 0/2
878	379884	 32 p. :	520: 0/1				
879	379944	 [3], 8-100 p. ;	520: 0/1			595: 0/1	656: 0/2
880	379988	 [2], 162, 71 p., 1 leaf, 72 p., 1 leaf, 90, 71 p. ;	520: 0/5				
881	380015	 [5], 10-100 p. :	520: 0/2				656: 0/2
882	380133	 vi, 7-416 p., [17] leaves of plates :	520: 0/3				
883	380155	 78 p. ;		591: 0/1			
884	380167	 [3], 10-186 p. ;	520: 0/1	591: 0/1			
885	380188	 [2], [5]-157, 163, [2], iv, [5]-155 p., [1] leaf of plates (frontis.) :	520: 0/7			595: 0/1	
886	380195	 xx, 314, [21] p.	520: 0/4				
887	380228	 108 p. ;	520: 0/1				
888	380231	 100 p. ;	520: 0/1				
889	380237	 95, [1] p. :			594: 0/1		
890	380249	 iv, [5]-192 p. ;	520: 0/2		594: 0/1		
891	380526	 viii, 489 p. ;	520: 0/16	591: 0/2	594: 0/1		
892	380529	 [2], 50 p. ;	520: 0/1	591: 0/1			
893	380552	 294 p. ;	520: 0/1		594: 0/1		656: 0/1
894	380622	 354 p. ;	520: 0/2				
895	380625	 [5], 8-42 p. ;	520: 0/1	591: 0/1			
896	380629	 [4], 254, 6 p. ;					656: 0/1
897	380652	 [2], 61, [1], 22 p., [1] leaf of plates;	520: 0/2				
898	380672	 48 p. ;	520: 0/3				
899	380676	 32 p. ;	520: 0/1				
900	380729	 161 p. ;	520: 0/2				
901	380752	 160 p. ;	520: 0/4	591: 0/1			
902	380846	 [4], 172 p. :	520: 0/5	591: 0/2			
903	380847	 2 v. ;					
904	380966	 2 v. ;					
905	381001	 2 v. ;		591: 0/1			
906	381052	 2 v. ;					
907	381054	 2 v. ;					
908	381689	 2 v. ;					
909	427580	 14 v. ;	520: 18/20				
910	427644	 14 v. ;					
911	427785	 14 v. ;					
912	427894	 14 v. ;					
913	428009	 14 v. ;					
914	428027	 14 v. ;					
915	428064	 p.302;					
916	428066	 p.302;					
917	428071	 p.296;	520: 1/2				
918	428076	 p.312;	520: 1/2				
919	428108	 p.336;	520: 1/3				
920	428124	 p.297;	520: 4/5				
921	428147	 p.247;	520: 5/7				
922	428185	 [4], 322, [2] p., [7] leaves of plates :					
923	440184	 [i] - v; [7] - 219; 	520: 0/2				
924	440185	 [i] - v; [7] - 219	520: 0/2				
925	440186	 i-vii, [1]-267.	520: 0/2			595: 0/1	656: 0/1
926	440187	 i-vii, [1]-267.	520: 0/2			595: 0/1	656: 0/1
927	440188	 [1]-259	520: 0/1				656: 0/1
928	440189	 [i]-v, 7-238	520: 0/2	591: 0/1		595: 0/1	
929	440190	 [i]-v, 7-238	520: 0/2	591: 0/1			656: 0/1
930	440191	 [i]-v, 7-238	520: 0/2	591: 0/1		595: 0/1	
931	440192	 1 - 293; v.1 [1] - 284; v.2					
932	440193	 [1] - 292; v.1  [1] - 288; v.2 					
933	440194	 [i]-xxiv, [1]-190	520: 0/4	591: 0/1	594: 0/2	595: 0/1	656: 0/1
934	440195	 [i]-xix, [1]-328	520: 0/2		594: 0/1		
935	440196	 21 cm. 	520: 0/8	591: 0/1			656: 0/1
936	440197	 [i]-xxxii, 33-240,[i]-xxvii,[1]-14	520: 0/8	591: 0/1		595: 0/2	656: 0/1
937	440198	 [1]-243; v.1 [1]-230; v.2					
938	440199	 [i]-viii, [1]-300	520: 0/1		594: 0/1		656: 0/2
939	440200	 [i] - iv, [1] - 244; v.1 [1] - 284; v.2					
940	440201	 [1]-267	520: 0/2	591: 0/1			
941	440202	 [i]-xvi, [1]-240	520: 0/3	591: 0/1			656: 0/2
942	440203	 [1]-296	520: 0/1		594: 0/2		
943	440204	 [i] - viii; [1] - 296; 	520: 0/1		594: 0/1		
944	440205	 [i] - viii; [1] - 296; 	520: 0/1		594: 0/1		
945	440206	 [i] - viii; [1] - 296; 	520: 0/1		594: 0/1		
946	440207	 [i] - xii, [1] - 264; v.1 [i] - xi, [1] - 283; v.2					
947	440208	 [i]-v, [1]-257.	520: 0/3	591: 0/1	594: 0/1		
948	440209	 [i]-x, [1]-296, [1]-288					
949	440210	 [1]-224, [1]-232	520: 3/4				
950	440211	 [i]-viii, [1]-364	520: 0/2	591: 0/2			
951	440212	 [i]-xxii, 1-198	520: 0/3	591: 0/1	594: 0/1		656: 0/1
952	440213	 [i]-xxii, 1-198	520: 0/3	591: 0/1		595: 0/2	656: 0/1
953	440214	 [i]-xxii, 1-198	520: 0/3	591: 0/1			656: 0/1
954	440215	 [i]-iv, [1]-288; v.1 [i]-iv, [1]-269; v.2 [i]-iv, [1]-311; v.3					
955	440216	 [i]-iv, [1]-288; v.1 [i]-iv, [1]-269; v.2 [i]-iv, [1]-311; v.3					
956	440217	 [i]-viii, 1-256; [i]-viii, [1]-252; [i]-vii, [1]-263					
957	440218	 [i]-ix,1-511	520: 0/6	591: 0/1		595: 0/2	656: 0/1
958	440219	 [1] - 304; v.1 [1] - 255; v.2					
959	440220	 [i]-vi, [1]-263	520: 0/3				656: 0/1
960	440221	 [1]-225		591: 0/1			656: 0/2
961	440222	 [i]-xxiv, [1]-224 [i]-xxiv, [1]-220					
962	440223	 [i]-xii, [1]-297; v.1 [1]-334; v.2 [1]-342; v.3					
963	440224	 [i]-xii, [1]-297; v.1 [1]-334; v.2 [1]-342; v.3					
964	440225	 1-376	520: 0/1				656: 0/2
965	440226	 1-256; v.1 1-316; v.2					
966	440227	 [1] - 274; v.1 [1] - 284; v.2 [1] - 283; v.3 [i] - xvi, [1] - 260; v.4	520: 6/7		594: 0/1		
967	440228	 [1]-274; v.1 [1]-284; v.2 [1]-283; v.3 [i]-xvi, [1]-260; v.4					
968	440230	 [i]-viii, [9]-240	520: 0/2		594: 0/1		
969	440231	 [1]-308.					
970	440232	 [i]-xiv, [1]-312; v.1 [1]-328; v.2					
971	440233	 [1] - 301; v.1 [1] - 286; v.2					
972	440234	 [1]-288	520: 0/1	591: 0/1			656: 0/2
973	440235	 [i]-lii, [1]-200; v.1 [1]-272; v.2					
974	440236	 [i]-vi, [13]-264	520: 0/2	591: 0/1	594: 0/3		656: 0/1
975	440237	 [viii]-xii, [1]-243	520: 0/2	591: 0/1	594: 0/1	595: 0/1	
976	440238	 [i] - ix; [1] - 289		591: 0/1	594: 0/1	595: 0/2	656: 0/1
977	440239	 [i]-xii, [1]- 322	520: 0/3			595: 0/1	
978	440240	 [i]-99	520: 0/2	591: 0/2		595: 0/1	
979	440241	 [3] - 29	520: 0/1		594: 0/1		
980	440242	 [i]-xi, [1]-264 [i]-viii, [1]-256					
981	440243	 [1]-208	520: 0/2			595: 0/1	
982	440244	 [i]-xii, [13]-248.	520: 0/2	591: 0/14	594: 0/1	595: 0/1	656: 0/1
983	440245	 [i]-vii,[1]-304; [i]-vii, [1]-301					
984	440246	 [1]-36	520: 0/2	591: 0/1		595: 0/1	
985	440247	 [1]-164	520: 0/2		594: 0/1	595: 0/1	
986	440250	 1-208	520: 0/2				
987	440251	 [i]-vii,1-208	520: 0/2		594: 0/1		
988	440252	 [1] - 269, iii - viii; v.1  [i] - vii, [1] - 246; v.2					
989	440253	 [i]-xxvii, [1]-367	520: 0/5	591: 0/1	594: 0/3		656: 0/1
990	440254	 [i] - xxxv, [1] - 273; v.1 [1] - 328; v.2  [1] - 286; v.3					
991	440255	 [i]-xii, 1-316	520: 0/2		594: 0/2		
992	440256	 1-259	520: 0/2			595: 0/3	656: 0/1
993	440257	 [1]-251		591: 0/1			
994	440258	 [1]-203	520: 0/3			595: 0/1	
995	440259	 [1]- 212	520: 0/3			595: 0/2	
996	440260	 [1]-295; v.1 [1]-299; v.2					
997	440261	 [i]-xii, [1]-226; v.1 [1]-260; v.2					
998	440263	 i - xvi; [1] - 264; v.1 [1] - 306; v.2					
999	440265	 i-xvi, [1]-264; [1]-306					
1000	440266	 [i]-x,[11]-277	520: 0/2	591: 0/1	594: 0/1	595: 0/1	
1001	440267	 [i] - x, [11] - 277; 	520: 0/2	591: 0/1	594: 0/1	595: 0/1	656: 0/1
1002	440268	 [i]-vi, 1-188; v.1 1-192; v.2					
1003	440269	 1-224; v.1 1-232; v.2					
1004	440270	 [i]-viii, [i]-xliii, [1]-216, v.1; [1]-242, v.2;�[1]-254, v.3; v.iii; [1]-262, [i]-v, v.4					
1005	440271	 [i]-viii, [1]-4, [1]-286	520: 0/4			595: 0/4	
1006	440272	 [i]-viii, [1]-4, [1]-286	520: 0/4			595: 0/4	
1007	440273	 [1]-296	520: 0/1		594: 0/2		
1008	440275	 407-430					
1009	440276	 456-464					
1010	440277	 [1]-18	520: 0/1				
1011	440278	 [63]-97	520: 0/7				
1012	440279	 141-198					
1013	440280	 53-140					
1014	440281	 247-336	520: 0/1				
1015	440282	 357-406					
1016	440283	 431-455					
1017	440284	 [19]-61	520: 0/1				
1018	440285	 [34]-87	520: 0/1				
1019	440286	 [1]-33	520: 0/2				
1020	440287	 i-ix, 1-98, 1-20	520: 0/4				
1021	440288	 199-246					
1022	440289	 337-356					
1023	440290	 [i]-vii, [1]-166	520: 0/2	591: 0/1		595: 0/2	
1024	440291	 [i]-vii, 1-220. 	520: 0/3				
1025	440293	 [i]-vii, [9]-[191]			594: 0/2		
1026	440294	 [i]-viii, [1]-285	520: 0/3	591: 0/1			
1027	440295	 [i]-[ii], [1]-324; v.1					
1028	440296	 [i]-viii, [1]-167	520: 0/3	591: 0/1	594: 0/1		
1029	440297	 [i]-iv; [5]-244	520: 0/2			595: 0/2	
1030	440298	 [i]-x, [1]-298					
1031	440299	 [i] - viii, 1 - 207	520: 0/5				
1032	440300	 [i] - xxiv, 1 - 250; v.1 [i] - iv, 1 - 404; v.2					
1033	440301	 [i]-vii, [1]-262, v.1; 1-315, v.2					
1034	440302	 [i] - viii. 1 - 262; v.1 1 - 315; v.2					
1035	440303	 [i]-xiv, 25-203; v.3 1-258; v.4					
1036	440304	 [i]-viii, [1]-240	520: 0/3				656: 0/1
1037	440305	 [i]-iv, [5]-198	520: 0/1			595: 0/2	
1038	440306	 [i] - vi, [1] - 301	520: 0/1	591: 0/2	594: 0/1	595: 0/2	656: 0/2
1039	440307	 [1]-472	520: 0/4			595: 0/4	
1040	440308	 [i]-x,[1]-285; v. 1 [1]-390; v. 2 [1]-322; v.3		591: 0/1			
1041	440309	 [i]-viii, 1-464, v.1; i-ix, 1-98, 1-20, 1-146, [1]-61, [1]-97, [1]-87, v.2	520: 14/85		594: 1/4		
1042	440310	 [i] - vii, 1-327	520: 0/1	591: 0/1		595: 0/1	656: 0/1
1043	440311	 [i]-v, 1-540	520: 0/2	591: 0/1	594: 0/1		656: 0/1
1044	440312	 [1]-295, v.1; [1]-299, v.2					
1045	440313	 [i]-iv, [1]-288, v.1; [i]-iv, [1]-269, v.2; [i]-iv, [1]-311, v.3					
1046	440315	 [1]-vi, [7]-283	520: 0/5				
1047	440316	 [i]-viii, [1]-224	520: 0/5		594: 0/1		
1048	440317	 [i]-vii, [1]- 280; v.1 [1]- 247; v.2					
1049	440319	 [i]-xii, 1-216	520: 0/1				656: 0/1
1050	440320	 [i]-vii, [13]-218	520: 0/3	591: 0/1		595: 0/1	656: 0/1
1051	440321	 [i]-ii, [3]-286	520: 0/3		594: 0/1	595: 0/1	
1052	440325	 [i] - iv, [1] - 284	520: 0/3		594: 0/1		
1053	440326	 [1] - 329, 430-435; v.1 [1] - 315; v.2					
1054	440327	 1-386	520: 0/1		594: 0/1	595: 0/1	
1055	440328	 [1]-316, v.1 ; [1]-315, v. 2					
1056	440329	 i-xii, 1-321	520: 0/2			595: 0/1	
1057	440330	 [i]-viii, [1]-300	520: 0/1				656: 0/1
1058	440331	 1-267	520: 0/2			595: 0/3	
1059	440332	 11-186, [cxxxvii]-cxl, 141-252	520: 0/3	591: 0/2	594: 0/2		
1060	440333	 [1]-352, v.1; [1]-301, v.2; [1]-321, v.3; [1]-282, v.4					
1061	440334	 [1]-356, v.1; [1]-408, v.2; [1]-312, v.3; [1]-363, v.4					
1062	440335	 [i]-xiii, [1]-199	520: 0/3				656: 0/1
1063	440336	 [i]-viii, [1]-155	520: 0/3				656: 0/1
1064	440337	 407-430					
1065	440338	 456-464					
1066	440339	 [1]-18	520: 0/1				
1067	440340	 [63]-97	520: 0/10				
1068	440341	 141-198					
1069	440342	 53-140					
1070	440343	 247-336	520: 0/1				
1071	440344	 357-406					
1072	440345	 431-455					
1073	440346	 [19]-61	520: 0/1				
1074	440347	 [34]-87	520: 0/1				
1075	440350	 [1]-33	520: 0/2				
1076	440351	 i-ix, 1-98, 1-20	520: 0/4				
1077	440352	 199-246					
1078	440353	 337-356					
1079	440354	 [i]-vii, [1]-166	520: 0/2	591: 0/1		595: 0/2	
1080	440355	 [i]-vii, 1-220. 	520: 0/3				
1081	440356	 [i]-vii, [9]-[191]			594: 0/2		
1082	440357	 [i]-viii, [1]-285	520: 0/3	591: 0/1			
1083	440358	 [i]-[ii], [1]-324; v.1					
1084	440360	 [i]-viii, [1]-167	520: 0/3	591: 0/1	594: 0/1		
1085	440361	 [i]-iv; [5]-244	520: 0/2			595: 0/2	
1086	440362	 [i]-x, [1]-298					
1087	440363	 [i] - viii, 1 - 207	520: 0/5				
1088	440364	 [i] - xxiv, 1 - 250; v.1 [i] - iv, 1 - 404; v.2					
1089	440365	 [i]-vii, [1]-262, v.1; 1-315, v.2					
1090	440366	 [i] - viii. 1 - 262; v.1 1 - 315; v.2					
1091	440367	 [i]-xiv, 25-203; v.3 1-258; v.4					
1092	440368	 [i]-viii, [1]-240	520: 0/3				656: 0/1
1093	440369	 [i]-iv, [5]-198	520: 0/1			595: 0/2	
1094	440370	 [i] - vi, [1] - 301	520: 0/1	591: 0/2	594: 0/1	595: 0/2	656: 0/2
1095	440371	 [1]-472	520: 0/4			595: 0/4	
1096	440372	 [i]-x,[1]-285; v. 1 [1]-390; v. 2 [1]-322; v.3		591: 0/1			
1097	440373	 [i]-viii, 1-464, v.1; i-ix, 1-98, 1-20, 1-146, [1]-61, [1]-97, [1]-87, v.2	520: 14/85		594: 1/4		
1098	440374	 [i] - vii, 1-327	520: 0/1	591: 0/1		595: 0/1	656: 0/1
1099	440375	 [i]-v, 1-540	520: 0/2	591: 0/1	594: 0/1		656: 0/1
1100	440376	 [1]-295, v.1; [1]-299, v.2					
1101	440377	 [i]-iv, [1]-288, v.1; [i]-iv, [1]-269, v.2; [i]-iv, [1]-311, v.3					
1102	440378	 [1]-vi, [7]-283	520: 0/5				
1103	440379	 [i]-viii, [1]-224	520: 0/5		594: 0/1		
1104	440380	 [i]-vii, [1]- 280; v.1 [1]- 247; v.2					
1105	440381	 [i]-xii, 1-216	520: 0/1				656: 0/1
1106	440385	 [i]-vii, [13]-218	520: 0/3	591: 0/1		595: 0/1	656: 0/1
1107	440386	 [i]-ii, [3]-286	520: 0/3		594: 0/1	595: 0/1	
1108	440387	 [i] - iv, [1] - 284	520: 0/3		594: 0/1		
1109	440388	 [1] - 329, 430-435; v.1 [1] - 315; v.2					
1110	440389	 1-386	520: 0/1		594: 0/1	595: 0/1	
1111	440390	 [1]-316, v.1 ; [1]-315, v. 2					
1112	440391	 i-xii, 1-321	520: 0/2			595: 0/1	
1113	440392	 [i]-viii, [1]-300	520: 0/1				656: 0/1
1114	440393	 1-267	520: 0/2			595: 0/3	
1115	440382	 11-186, [cxxxvii]-cxl, 141-252	520: 0/3	591: 0/2	594: 0/2		
1116	440394	 [1]-352, v.1; [1]-301, v.2; [1]-321, v.3; [1]-282, v.4					
1117	440395	 [1]-356, v.1; [1]-408, v.2; [1]-312, v.3; [1]-363, v.4					
1118	440396	 [i]-xiii, [1]-199	520: 0/3				656: 0/1
1119	440397	 [i]-viii, [1]-155	520: 0/3				656: 0/1
1120	440399	 [i]-xv, [1]-149	520: 0/1				656: 0/1
1121	440400	 [1]-271	520: 0/3	591: 0/1	594: 0/2	595: 0/1	
1122	440401	 [i]-xix,[1]-291	520: 0/2	591: 0/2			
1123	440402	 [i]-viii, [1]-302	520: 0/1			595: 0/1	656: 0/1
1124	440404	 [1]-124	520: 0/1				
1125	440405	 [i]-x, 1-154	520: 0/2	591: 0/1	594: 0/1	595: 0/2	656: 0/1
1126	440406	 [1]-346, v.1 					
1127	440407	 [i] - viii; [1] - 265; v.1 	520: 3/16	591: 1/6		595: 2/8	656: 2/9
1128	440408	 [i] - viii; [1] - 265; v.1 [i] - viii; [1] - 303; v.2 					
1129	440409	 [1]-323, v.1; [1]-431, v.2; [1]-369, v.3					
1130	440410	 [i]-xxi,  [1]-429, v. 1 [i]- ix, [1]-432, v. 2					
1131	440411	 [i]-xxxii, [1]-245	520: 0/4	591: 0/1	594: 0/1		
1132	440412	 [1]-70	520: 0/4	591: 0/1	594: 0/1		
1133	440413	 [i]-vi, [1]-271, v.1; [1]-322, v.2 					
1134	440414	 [iii]-vi, [1]-271; v.1  [1]- 325; v.2 					656: 0/1
1135	440415	 i-xiv, [1]-174	520: 0/1				656: 0/1
1136	440416	 [i]-x, [11]-240	520: 0/3		594: 0/2	595: 0/2	
1137	440417	 [i]-xii, [1]-286	520: 0/3		594: 0/1	595: 0/1	656: 0/1
1138	440418	 [i]-viii, [1]-159; v.1 [i]-viii, [1]-165; v.2				595: 1/3	
1139	440419	 [1]-214		591: 0/1	594: 0/1	595: 0/1	656: 0/1
1140	440420	 [1]-269		591: 0/1			656: 0/1
1141	440421	 [1]-214 : 		591: 0/1	594: 0/2	595: 0/1	656: 0/1
1142	440422	 [1]-284	520: 0/1				
1143	440423	 [i]-xxxv, [36]-286, v.1; [i]-xi, [12]-282; [i]-xi, [12]-303, v.3; [i]-xii, [13]-255, v.4					
1144	440424	 [1]-34 (last page torn out) : 					
1145	440425	 [i]-xii, [1]-299	520: 0/4	591: 0/1		595: 0/5	
1146	440426	 [i]-[vii], [9]- 58. 	520: 0/2				
1147	440427	 [1]-147	520: 0/4	591: 0/1	594: 0/1	595: 0/1	656: 0/2
1148	1170822	 [2], 272 p. ;		591: 0/2		595: 0/1	
1149	147525-1	 5 v. ;					
1150	147525-2	 5 v. ;					
1151	150692	 2 v. ;				595: 0/2	
1152	1523438	 [8], 256, 97, [13], 63 p. ;	520: 0/2			595: 0/3	
1153	1532730	 359, 158 [2], 64 p., 2 plates :	520: 0/5	591: 0/2			
1154	155079-1	 [2], 264 (i.e. 262), [2] p., [1] leaf of plates :	520: 0/1			595: 0/6	656: 0/1
1155	155079-2	 [2], 264 (i.e. 262), [2] p., [1] leaf of plates :	520: 0/1			595: 0/2	656: 0/1
1156	155707	 2 v. ;					
1157	156893	 2 v. ;					
1158	157119	 2v. ;					
1159	1623886	 xii, [13]-227, [1] p. ;	520: 0/3		594: 0/2	595: 0/4	
1160	179309	 xii, 13-329, [1] p. (the last page blank) ;	520: 0/3		594: 0/1	595: 0/2	
1161	179521-1	 2 v. ;					
1162	179521-2	 2 v. ;					
1163	1797874	 3 v. ;					
1164	1798963	 2 v. ;	520: 2/3			595: 0/2	
1165	1799320	 2 v. in 3 ;					
1166	1799322	 2 v. in 1 (235 p.) ;					
1167	1799792	 [8], 120 p. ;	520: 0/2				
1168	1801901	 2 v. :					
1169	1802107	 vii, 168 p. [8];	520: 0/1	591: 0/1	594: 0/2	595: 0/2	
1170	1802363	 [2], 66 p. ;	520: 0/1	591: 0/1			
1171	1807023	 [12], 201, [3] p. ;	520: 0/5		594: 0/1	595: 0/1	656: 0/1
1172	1807217	 [4], 166 p. ;	520: 0/1				
1173	1808066	 [6], 348 p.	520: 0/1			595: 0/2	
1174	1808700	 [30], 264 p. :	520: 0/3			595: 0/1	
1175	1813449	 [2], 128 p. ;			594: 0/1	595: 0/5	
1176	1813680-1	 3 v. ;				595: 0/1	
1177	1813680-2	 3 v. ;	520: 0/1	591: 0/1	594: 0/1	595: 0/2	
1178	1815738	 iv, 235 p. ;					
1179	1816853	 2 v.	520: 0/5		594: 0/3	595: 0/4	656: 0/1
1180	1818524	 [16], 1-96, 85-260 p. ;	520: 0/3		594: 0/2	595: 0/1	
1181	1818538	 [8], 279, [1] p. ;	520: 0/2			595: 0/1	656: 0/1
1182	1819612	 [4], 439, [5] p.:	520: 0/2			595: 0/1	656: 0/1
1183	189377	 2 v. ;					
1184	191125	 iii-xii, 320, [8] p.	520: 0/3		594: 0/3	595: 0/2	
1185	191356	 252 p. ;				595: 0/5	
1186	191423-1	 2 v. ;					
1187	191423-2	 2 v. ;					
1188	191504-2	 [4], 188 p. ;	520: 0/1			595: 0/2	
1189	191504	 [4], 188 p. ;	520: 0/1		594: 0/1	595: 0/1	
1190	191505-1	 [4], 188 p.	520: 0/2		594: 0/2	595: 0/3	
1191	191505-2	 [4], 188 p.	520: 0/2		594: 0/2	595: 0/3	
1192	192859	 2 v. ;				595: 0/1	
1193	192863	 2 v. ;					
1194	193273	 xii, 166, [2] p. (the last leaf blank) ;	520: 0/1	591: 0/1		595: 0/1	
1195	193280	 2 v. ;	520: 3/4			595: 1/2	
1196	193355	 4 v. ;		591: 0/2			
1197	193386	 2 v. ;					
1198	193485-1	 xiii, [3], 44, [4] p. (the last leaf blank) ;	520: 0/5		594: 0/1		
1199	193485-2	 xiii, [3], 44, [4] p. (the last leaf blank) ;	520: 0/5		594: 0/1		
1200	193485_3	 xiii, [3], 44, [4] p. (the last leaf blank) ;	520: 0/5			595: 0/1	
1201	193494	 2 v. ;					
1202	193580-1	 4 v. ;					
1203	194294	 xviii, [19]-230, [10] p. ;	520: 0/2	591: 0/1		595: 0/2	656: 0/1
1204	194528	 2 v. ;		591: 0/1			
1205	194769	 2 v. ;					
1206	194812	 2 v. :					
1207	194813	 2 v. :					
1208	195787	 [12], 228 p. ;				595: 1/2	
1209	196104	 xii, 245, [1] p. (the last page blank) ;	520: 0/1			595: 0/1	
1210	196219-1	 4 v. ;					
1211	196219-2	 4 v. ;					
1212	196549	 [5], 4-274, [2] p. (the last leaf blank) ;				595: 0/4	
1213	196603-2	 2 v. ;					
1214	196603	 2 v. ;					
1215	196688	 3 v. ;					
1216	196689	 4 v. ;					
1217	196691	 6 v. ;					
1218	1967107	 2 v. ;					
1219	196864	 2 v. ;				595: 1/2	656: 0/1
1220	196868	 2 v. ;					
1221	196998	 [4], 169, [1] p. (the last page blank) ;				595: 0/1	
1222	197021	 2 v. ;					
1223	197053	 [4], 240 p. ;					
1224	197114	 252 p. ;				595: 0/3	
1225	197294-1	 2 v. ;					
1226	197294-2	 2 v. ;			594: 0/1	595: 0/2	
1227	197297-1	 xii, 263, [1] p. (last page blank), [2] leaves of plates :	520: 0/3			595: 0/2	
1228	197400	 vi, [1], xii-xv, [1], 227, [1] p., [2] leaves of plates :	520: 0/3	591: 0/1	594: 0/1	595: 0/5	
1229	197402	 2 v. ;					
1230	197903	 xxii, [2], 152 p., [1] leaf of plates :	520: 0/4	591: 0/1	594: 0/1	595: 0/5	656: 0/1
1231	197904	 2 v. :					
1232	198171	 xii, 237, [3] p. (the last 3 pages blank) ;	520: 0/1	591: 0/1		595: 0/1	
1233	198261	 2 v. ;					
1234	1986497	 2 v. ;					
1235	198706	 301, [3] p. ;	520: 0/1			595: 0/2	656: 0/1
1236	198707	 2 v. ;					
1237	198847	 4 v. ;					
1238	198860	 xii, 240 p., [1] leaf of plates :	520: 0/3	591: 0/1	594: 0/1	595: 0/1	
1239	198912	 2 v. ;					
1240	198938	 2 v. ;					
1241	198941	 2 v. ;			594: 0/1		
1242	198960	 [2], vi, [1], 10-119, [1] p. (the last page blank), [1] leaf of plates :	520: 0/2			595: 0/1	
1243	199030	 2 v. ;	520: 0/3			595: 0/1	
1244	199111	 [4], 272 p. ;					
1245	199214-1	 [2], 262 p., [1] leaf of plates :	520: 0/1		594: 0/1	595: 0/6	
1246	199451	 vi, [2], 206, [2] p. (the last leaf blank) ;	520: 0/4	591: 0/4		595: 0/1	
1247	199564	 2 v. ;					
1248	199576-2	 [4], 303, [5] p. ;			594: 0/1		656: 0/4
1249	199580	 2 v. ;				595: 0/1	
1250	200185	 2 v. ;					
1251	207938	 [8], vii, [2], 10-252, [4] p. ;	520: 0/2	591: 0/1	594: 0/1	595: 0/2	656: 0/1
1252	218047	 4 v. ;					
1253	247080	 [2], xi, [2], 8-204 p., [3] leaves of plates :	520: 0/5	591: 0/1		595: 0/2	
1254	247652	 iv, [4], 259, [1] p., [1] leaf of plates :	520: 0/3				656: 0/1
1255	253193	 xvi, 197, [3] p.	520: 0/2		594: 0/2	595: 0/3	656: 0/1
1256	2591056	 [6], 110, [10] p., [1] leaf of plates :	520: 0/1	591: 0/2		595: 0/4	656: 0/1
1257	263842_1	 2 v. :					
1258	265180	 2 v. :					
1259	267389	 [8], 224 p. ;	520: 0/3			595: 0/2	
1260	268576	 2 v. ;					
1261	272993	 [12], 355, [1] p., [7] leaves of plates :	520: 0/4		594: 0/1	595: 0/2	656: 0/1
1262	301938	 [12], 172, 142 p., [1] leaf of plates :	520: 0/2			595: 0/1	656: 0/1
1263	3033334	 3 v. ;	520: 0/1		594: 0/2	595: 0/3	
1264	3057101	 47, [1] p. ;	520: 0/2				656: 0/1
1265	3057297	 24 p. ;	520: 0/1				656: 0/1
1266	3063545	 [2], 219, [5] p. :	520: 0/7	591: 0/1		595: 0/4	
1267	3067950	 16 p. ;	520: 0/3			595: 0/3	
1268	3084387	 xvii, [1], 190 p., [8] leaves of plates :	520: 0/12	591: 0/3	594: 0/1	595: 0/1	656: 0/1
1269	3084453	 lxix, [1], 286 p., [8] leaves of plates :	520: 0/12	591: 0/3			656: 0/1
1270	3133906	 2 v. ;					
1271	3133961	 2 v. :					
1272	336244	 2 v. ;					
1273	3387037	 4 v. ;	520: 8/9	591: 0/2	594: 0/1	595: 0/1	
1274	3449865	 2 v.					
1275	3451937	 2 v. :					
1276	3452831-1	 4 v. ;					
1277	3452831-2	 4 v. ;					
1278	3477271	 [2], ii, 116 p. :	520: 0/2	591: 0/1		595: 0/2	
1279	3483391	 [2], 158 p., [6] leaves of plates :				595: 0/1	
1280	3488547	 [10], 179, [1] p., [1] leaf of plates	520: 0/2	591: 0/1			656: 0/2
1281	3488551	 [6], iv, 119, [3], 30, [6] p. :	520: 0/5				656: 0/1
1282	353932	 xxviii, 316 p.	520: 0/3		594: 0/1	595: 0/5	
1283	3765250	 8 v. :			594: 0/1	595: 3/4	
1284	3765321	 [2], lxvi, 256 p. ;	520: 0/5				
1285	3767199	 4 v. :					
1286	3769203	 [24], 470 [i.e. 472] p. ;	520: 0/4				656: 0/1
1287	3887499	 [2], 107, [3] p. ;		591: 0/1		595: 0/6	656: 0/1
1288	4497805	 2 v. ;					
1289	5464858	 24 p. ;	520: 0/1				656: 0/1
1290	6393920	 iv, 226, [2] pages, [1] leaf of plates :	520: 0/2		594: 0/1	595: 0/2	656: 0/1
1291	66277	 viii, [1], 10-240 p. ;					
1292	73133	 [4], iii, [1], 144 p., [2] leaves of plates :	520: 0/1	591: 0/1		595: 0/2	
1293	88377-1	 2 v. :					
1294	88377-2	 2 v. :			594: 0/1		
1295	88838	 2 v. :					
1296	991655	 3 v. ;					
1297	1005225	 2 v. :	520: 0/4		594: 0/1	595: 0/3	656: 0/2
1298	1236	 [4], 115, [1] p. :	520: 0/1			595: 0/1	656: 0/1
1299	1523425	 8 v., plates :				595: 1/2	
1300	1523447	 2 leaves, [8], 104 p. ;	520: 0/7			595: 0/4	
1301	1540890	 [72], 508 p., [1] leaf of plates :	520: 0/8				
1302	1707448	 2 v. in 1 ([2], xiii, [27], 228, [10], 232, [8]p.) ;					
1303	1775702_1	 4 v. :					
1304	1791946	 [6], vi, xvi, [2], 169, [7] p.	520: 0/5		594: 0/1	595: 0/2	656: 0/2
1305	1801660	 [8], 56 p. ;	520: 0/2	591: 0/1			
1306	1801799	 viii, 46 p. ;	520: 0/1	591: 0/1			
1307	1802362	 2 v. (642 p.) ;					
1308	1802991	 [4], 228 p. ;	520: 0/1		594: 0/2	595: 0/1	
1309	1808697	 2 v. in 1 ([24], 119, 142 p.) ;					
1310	1808698	 2 v. :					
1311	1817470	 vi, 254, [4] p. ;	520: 0/2	591: 0/1	594: 0/1	595: 0/4	656: 0/2
1312	181766	 2 v. :					
1313	1818165	 [8], 304, 12 p. :	520: 0/1	591: 0/1		595: 0/2	656: 0/1
1314	1819599	 274 p. ;	520: 0/1			595: 0/3	
1315	191049	 2 v. ;					
1316	192415	 2 v. :	520: 3/4				
1317	193381	 2 v. ;					
1318	193580-2	 4 v. ;					
1319	194937	 [8], 327, [1] p. ;	520: 0/3	591: 0/1		595: 0/5	656: 0/1
1320	195421	 2 v. ;	520: 1/2			595: 0/3	
1321	195428	 2 v. ;					
1322	196208	 2 v. ;	520: 0/4		594: 0/2	595: 0/2	
1323	196532	 [4], 368 p. ;				595: 0/3	
1324	196684	 3 v. ;					
1325	196687	 5 v. ;				595: 0/2	
1326	196600-1	 2 v. ;					
1327	197280	 2 v. ;			594: 0/1		
1328	198546	 2 v. ;					
1329	199032	 [4], 248 p. ;				595: 0/2	
1330	199035	 2 v. ;					
1331	199115	 [4], 96 p. ;				595: 0/1	
1332	199118	 [22], liv, 132 p. ;	520: 0/4	591: 0/2		595: 0/2	
1333	199214-2	 [2], 262 p., [1] leaf of plates :	520: 0/1		594: 0/1	595: 0/2	
1334	199454	 [4], 168 p. ;	520: 0/1		594: 0/1	595: 0/8	
1335	199559	 19, [1] p. (the last page blank) ;	520: 0/1			595: 0/1	
1336	200026	 2 v. ;					
1337	202353	 [16], 3-32, 3-40, 3-40, 3-40, 3-40, 3-32, 25-32, 32, 41-78, 91-128, 131-168, 171-208, 211-248 p. ;	520: 0/2			595: 0/6	
1338	231488	 xii, 396 p.	520: 0/2			595: 0/3	
1339	2360719	 [2], iv, [2], 5-284 p., [8] leaves of plates :	520: 0/2			595: 0/2	656: 0/1
1340	196600-2	 2 v. ;					
1341	245177	 xxii, 302 p. ;	520: 0/4		594: 0/2	595: 0/4	
1342	253936	 [4], 20 p. ;	520: 0/2	591: 0/1		595: 0/1	
1343	261889	 3 v. ;					
1344	264043	 [4], 278, [2] p. ;	520: 0/2		594: 0/1	595: 0/4	656: 0/1
1345	267660	 xii, 402, [2] p. ;	520: 0/3		594: 0/1	595: 0/3	656: 0/1
1346	268589	 [16], 347, [5] p. ;	520: 0/3			595: 0/2	656: 0/1
1347	276154	 2 v. in 1 ([4], 222 [i.e. 228]; [4], 156 p.) ;	520: 0/2	591: 0/1		595: 0/2	
1348	279045	 2 v. (advertisements at end of v. 2) ;					
1349	280044	 [2], 310, [4] p. (last page blank), [1] leaf of plates :	520: 0/3	591: 0/1	594: 0/1	595: 0/3	
1350	280894	 37, [1] p. (last page blank) ;	520: 0/1	591: 0/1			
1351	280895	 [2], 37, [1] p. (last page blank) ;	520: 0/1	591: 0/1			
1352	289545	 2 p.  ., 382 p.	520: 0/1			595: 0/7	
1353	289719-1	 [16], 511, [1] p. :	520: 0/4			595: 0/1	
1354	295350	 5 pts. in 2 v. (pts. 1-3: 465 p.; pts. 4-5: p. 351-700) ;					
1355	307856	 4 p.  ., 168 p.	520: 0/1				
1356	311033	 437 p.	520: 0/4			595: 0/2	656: 0/2
1357	311239	 [8], 560 p., [3] leaves of plates :	520: 0/3	591: 0/2		595: 0/7	
1358	314755	 [4], 282, [2] p. ;	520: 0/1				656: 0/1
1359	314839	 [4], 197(i.e. 199),175,[1],78,[2] p.	520: 0/2			595: 0/1	656: 0/1
1360	3445936	 [2], 206 p. ;	520: 0/1			595: 0/3	
1361	3446410	 [8], 352 p. ;	520: 0/4			595: 0/2	
1362	3448398	 xvi, 213, [13], 196, [2] p., [22] leaves of plates :	520: 0/6	591: 0/1	594: 0/2	595: 0/1	656: 0/1
1363	3450674	 [2], xxv, [1], 165, [3] p. ;	520: 0/3	591: 0/2	594: 0/2	595: 0/2	656: 0/1
1364	3451010	 2 v. ;					
1365	3451191	 [12], 143, [1] p. ;	520: 0/1			595: 0/8	
1366	3488499	 [8],, 205, [1] p., [1] leaf of plates :	520: 0/3	591: 0/1	594: 0/2		656: 0/1
1367	3490269	 2 v. :	520: 0/2	591: 0/1			
1368	3765209	 5 v. :					
1369	3765310	 5 v. :					
1370	3766195	 2 v. in 1. ;				595: 0/4	
1371	3768213	 2 v. in 1 ([32], 237, [1] ; [2], 287, [1] p., [1] leaf of plates) :	520: 0/6		594: 0/1		
1372	3768559	 xiv, 414 p., [3] leaves of plates :	520: 0/3	591: 0/8			
1373	3859265	 2 v. ;	520: 0/1			595: 0/2	656: 0/1
1374	3866527-1	 [2], vi, ix-xxii, [2], 487, [1] p. ;	520: 3/4			595: 0/2	656: 0/2
1375	3866527-2	 [2], vi, ix-xxii, [2], 487, [1] p. ;	520: 3/4		594: 0/1	595: 0/5	656: 0/2
1376	3955111	 [6], 185, [1] p. :	520: 0/1			595: 0/1	656: 0/1
1377	4008200	 vi, 254, [4] p. ;	520: 0/3	591: 0/1		595: 0/3	656: 0/1
1378	4106228	 [16], 215, [1], 24 p. ;	520: 0/2	591: 0/1		595: 0/3	
1379	4158597	 2 v. ; 254	520: 0/3			595: 0/3	
1380	4499929	 116 p. ;	520: 0/3			595: 0/4	
1381	455115	 2 v.					
1382	4756565	 4 v. :					
1383	55310	 [4], 75, [1] p. ;	520: 0/2			595: 0/2	
1384	6333789	 [10], liv, 464 p. ;	520: 0/2			595: 0/4	656: 0/1
1385	170630	 [10], 374 p., [1] leaf of plates :	520: 0/2			595: 0/1	
1386	1802270	 [4], 159, 170-199 [i.e. 201], 100-102 [i.e. 120] p. ;	520: 0/1		594: 0/1		
1387	1808071	 [2], 138, [2] p. ;		591: 0/1			656: 0/1
1388	1808112	 [4], 74, [2] p. ;		591: 0/1			656: 0/2
1389	193800	 [4], 364, [4] p., [1] leaf of plates :	520: 0/2		594: 0/1	595: 0/1	656: 0/1
1390	194383	 xiii, [1], 424 p. ;	520: 0/1			595: 0/1	
1391	254565	 2 pts. in 1 v.				595: 0/3	
1392	264652	 168 p. :	520: 0/4			595: 0/2	
1393	277617	 2 v. ;					
1394	280901	 [4], 40 p. ;		591: 0/1			
1395	289811	 xvi, 340, [4] p.	520: 0/4		594: 0/2	595: 0/1	
1396	296576	 [4], iv, 120 p. :	520: 0/2		594: 0/1	595: 0/3	
1397	986563-2	 2 v. :					
1398	991680	 3 v. ;	520: 0/3			595: 0/2	
1399	102839	 2 v. :					
1400	106811-1	 2 v. ;					
1401	107682	 iv, 248 p. ;				595: 0/2	
1402	1295841	 [4], 225 p. ;	520: 0/1		594: 0/1		
1403	3980197	 262 p., [5] leaves of plates :	520: 0/3	591: 0/1			
1404	145817	 [12], 33, [7+], 548 p., [2] leaves of plates :	520: 0/2			595: 0/1	
1405	148307	 2 v. ;					
1406	157471	 2 v. ;					
1407	157475	 xix, [5], 216 p. ;	520: 0/5	591: 0/1		595: 0/2	
1408	157778	 3 v. ;					
1409	158787	 2 v. (232 p.) ;				595: 0/6	
1410	158810	 135, [1] p. ;	520: 0/3	591: 0/1	594: 0/1	595: 0/1	
1411	158817	 2 v. ;			594: 0/1	595: 0/1	
1412	161843	 [2], 255, [1] p. (the last page blank) ;				595: 1/4	
1413	161978	 iv, [5]-141, [1] p. (last page blank), 4 leaves of plates :	520: 0/1			595: 0/1	
1414	161980	 2 v. ;					
1415	162468	 4 v. :				595: 1/2	
1416	162472	 viii, 175, [1] p. ;	520: 0/1	591: 0/1		595: 0/7	656: 0/1
1417	162474	 2 v. ;					
1418	162481	 94 p. ;	520: 0/2		594: 0/2		
1419	162682	 vi, 241, [1] p. (last page blank), [1] leaf of plates :	520: 0/2	591: 0/1		595: 0/6	
1420	164000	 2 v. :					
1421	164383	 iv, 5-327, [13] p., 24 leaves of plates (1 folded) :	520: 0/7		594: 0/1		
1422	1688620	 [4], 220, [4] p. ;	520: 0/1				656: 0/1
1423	1799929	 2 v. ;					
1424	1800446-1	 2 v. ;					
1425	1808057	 4 v. :					
1426	1839540	 [4], 60 p. ;	520: 0/2			595: 0/1	
1427	187817-1	 250, [2] p., [2] leaves of plates :	520: 0/5	591: 0/3		595: 0/2	656: 0/1
1428	187817-2	 250, [2] p., [2] leaves of plates :	520: 0/5	591: 0/5	594: 0/2	595: 0/4	656: 0/1
1429	1999542	 2 v. ([12], 29, [11], 550, [16], 266 p., [2] leaves of plates) :	520: 5/6			595: 0/1	
1430	214829	 226 p., 6 leaves of plates :				595: 0/1	
1431	245269	 [6], viii, 47, [1], 16 p., [1] folded leaf of plates :	520: 0/4				
1432	245278	 4 v. :					
1433	247574	 xii, 285, [3] p., [1] leaf of plates :	520: 0/2	591: 0/2		595: 0/1	656: 0/1
1434	253712-1	 [4], 356 p. ;	520: 0/3	591: 0/1	594: 0/1	595: 0/1	656: 0/1
1435	253869	 2 v. ;					
1436	264431	 [4], 391, [1] p. (last page blank) ;	520: 0/1				
1437	267308	 [18], 340 p. ;	520: 0/10	591: 0/3		595: 0/2	
1438	268225	 [2], 166 p. ;	520: 0/3	591: 0/1		595: 0/3	
1439	269637	 [10], 101, [1] p. ;	520: 0/2			595: 0/3	656: 0/2
1440	274006-1	 2 v. :					
1441	274006	 2 v. :					
1442	298043	 2 v., plates :					
1443	302876	 2 v. in 1 ;	520: 0/1				
1444	3064113	 iv, [13]-448 [i.e. 248] p., [1] leaf of plates :	520: 0/2	591: 0/1		595: 0/2	656: 0/2
1445	3146725	 xx, 334 p. ;	520: 0/7			595: 0/2	
1446	33967	 2 v. :					
1447	3466800	 [4], 212 p., [1] leaf of plates :	520: 0/3				
1448	3482651	 4 v. in 1 (364 [i.e. 634] p., [15] leaves of plates) :	520: 0/8			595: 0/1	
1449	348412	 8 v. :					
1450	349453	 2 v.					
1451	3766789	 3 v. ;	520: 0/2		594: 11/12		
1452	3959310	 179, [1] p., [4] leaves of plates :	520: 0/2		594: 0/1		
1453	3979903	 53, [1] p., [2] leaves of plates :	520: 0/1		594: 0/1		
1454	3980016	 iv, 299 p., [6] leaves of plates :	520: 0/1	591: 0/2	594: 0/1		
1455	3980153	 iv, [1], 6-35, [1] p. (the last page blank), [2] leaves of plates :	520: 0/2	591: 0/1	594: 0/1		
1456	3980160	 90 p., [2] leaves of plates :	520: 0/1	591: 0/1			
1457	3980210	 41 p., [1] leaf of plates :	520: 0/3	591: 0/1			
1458	3980224	 145, [1] p., [4] leaves of plates :	520: 0/3				
1459	3980233	 235, [1] p., [6] leaves of plates :	520: 0/3			595: 0/1	
1460	3980240	 491, [1] p., [11] leaves of plates :	520: 0/1	591: 0/1			
1461	4732386	 2 v. in 1 (xii, 228 p.) :			594: 0/1	595: 0/1	
1462	4742076	 2 v. in 1 ;					656: 0/1
1463	4805340	 414, [2] p. ;	520: 0/2				
1464	4806147	 [2], vi, 34 p. ;	520: 0/1	591: 0/1		595: 0/1	
1465	4807327	 16 p. ;				595: 0/1	
1466	54578	 [8], [137]-285, [3] p. ;	520: 0/1	591: 0/1		595: 0/1	656: 0/2
1467	590004	 3 v. :					
1468	593247	 2 v. :					
1469	593702	 [8], 323, [1] p. ;	520: 0/4	591: 0/1		595: 0/5	
1470	60022	 iv, 364 p. ;	520: 0/2	591: 0/1		595: 0/3	
1471	600631	 xii, 203, [1] p. ;	520: 0/2		594: 0/2	595: 0/1	
1472	87232-1	 2 v. ;					
1473	87549	 vii, [1], 334 p.	520: 0/3			595: 0/3	
1474	88719	 v, [1], 121 p. ;	520: 0/1				
1475	88846	 5 v. ;					
1476	89387	 4 v. ;					
1477	89525	 viii, 241, [1] p. ;	520: 0/3		594: 0/3	595: 0/3	
1478	101037	 [2], xi, [1], 276 p. ;					
1479	101097	 2 v. :					
1480	101912	 3 v. ([4], 320 p.) ;					
1481	103048	 5 v. ;					
1482	104728	 iv, 236 p. ;	520: 0/1				
1483	105886	 3 v. ;					
1484	105991	 5 v. ;					
1485	106698	 2 v. ;	520: 0/3				
1486	106876	 viii, 279, [1] p., [1] leaf of plates :	520: 0/2		594: 0/2		656: 0/1
1487	107487	 vii, [1], 9-287, [1] p. (the last page blank) ;	520: 0/1				
1488	107488	 2 v. ;					
1489	107502	 172 p., [4] leaves of plates :	520: 0/1			595: 0/1	
1490	107503	 vi, 278 p. ;	520: 0/2	591: 0/1	594: 0/3		
1491	107688	 [2], 309, [1] p. (the last page blank) ;		591: 0/1	594: 0/1	595: 0/1	
1492	107697	 vii, [17], 215, [1] p. (the last page blank) ;	520: 0/7			595: 0/4	
1493	107708	 xvi, 306 p. ;	520: 0/5	591: 0/1		595: 0/2	
1494	107720	 [4], 236 p. ;			594: 0/2	595: 0/1	
1495	1337190	 263 p. ;	520: 0/1		594: 0/1	595: 0/2	
1496	1361816	 2 v. :					
1497	1361817	 2 v. ;					
1498	156255	 3 v. ;					
1499	161049-1	 10 v. :					
1500	162471	 2 v. ;					
1501	162476	 2 v. ;				595: 1/4	
1502	164275	 2 v. ;					
1503	164371	 iv, 133, [5], 148 p. ;			594: 0/1	595: 0/1	
1504	1724557	 2 v. ;				595: 0/2	
1505	1740351	 2 v. ;					
1506	1751561	 vi, [2], 296 p. ;	520: 0/5	591: 0/2		595: 0/1	
1507	1782313	 xiv, [2], 536 p. ;	520: 0/3		594: 0/1	595: 0/1	
1508	1783632	 2 v. ;					
1509	1786548	 276 p. ;	520: 0/1			595: 0/1	
1510	1798495	 304 p. ;			594: 0/1	595: 0/1	
1511	1799321	 [2], 280 p. ;		591: 0/1		595: 0/2	
1512	1800446-2	 2 v. ;					
1513	1805125	 2 v. ;		591: 0/1			
1514	194546	 173, [3] p. ;			594: 0/1	595: 0/1	
1515	195147	 83, [1] p. (the last page blank), 2 leaves of plates :	520: 0/2			595: 0/2	
1516	215577	 235, [1] p. (last page blank), 5 leaves of plates :					
1517	2427580	 lvi, 93, [1] p. ;	520: 0/4	591: 0/1		595: 0/1	
1518	3573558	 36 p. :					
1519	275729	 162, [6] p. :	520: 0/2	591: 0/1		595: 0/2	
1520	289349	 x, [iii]-xlii, [43]-219, [5] p. :	520: 0/7		594: 0/2	595: 0/1	
1521	3454989	 127 p. ;			594: 0/1	595: 0/1	
1522	3455066	 60 p. ;			594: 0/1	595: 0/1	
1523	3455155	 106, [2] p. ;		591: 0/1	594: 0/1	595: 0/1	656: 0/1
1524	3455357	 vi, [1], 8-304 p. ;	520: 0/4	591: 0/1	594: 0/1	595: 0/1	
1525	3455848	 150 p., [1] leaf of plates :	520: 0/1	591: 0/1	594: 0/1	595: 0/2	
1526	3456688	 2 v. ;					
1527	3457680	 2 v. ;					
1528	3459911	 2 v. (249, [1]; [3], 256-540 p.), [2] leaves of plates :					
1529	3464706	 2 v. ;					
1530	3466573	 [5], 14-159, [1] p. ;	520: 0/3		594: 0/1	595: 0/2	656: 0/1
1531	3468177	 2 v. ;					
1532	3469522	 iv, [1], 6-188 p. ;	520: 0/1	591: 0/1	594: 0/1		
1533	3469776	 2 v. ;					
1534	3469781	 2 v. ;					
1535	3469872	 167, [1] p. ;	520: 0/1		594: 0/1		
1536	5911017	 2 v. ;	520: 3/4			595: 0/1	
1537	3470604	 iv, [1], 6-230, [2] p. ;	520: 0/2	591: 0/2	594: 0/1	595: 0/1	
1538	3471348	 2 v. ;					
1539	3471418	 2 v. ;					
1540	3471487	 xx, [1], 22-276 p. ;	520: 0/4			595: 0/1	
1541	3478066	 2 v. ;					
1542	3478155	 viii, [1], 6-277, [1] p. ;	520: 0/4	591: 0/1	594: 0/1	595: 0/1	
1543	3478219	 2 v. ;					
1544	3478569	 248 p., [1] leaf of plates :	520: 0/5		594: 0/2	595: 0/2	
1545	3478620	 iv, [1], 6-264 p. ;	520: 0/3	591: 0/1			
1546	3480400	 xii, [1], 14-162 [i.e., 164] p. ;	520: 0/2			595: 0/1	
1547	3500094	 16 p. ;					656: 0/2
1548	3570636-1	 54 p. :		591: 0/1			
1549	3570636-2	 54 p. :		591: 0/1			
1550	3570895	 34 p. :	520: 0/1				
1551	3571089	 36 p. ;	520: 0/1			595: 0/4	
1552	3571120	 36 p. ;	520: 0/2				
1553	3571220-1	 36 p. ;		591: 0/1			
1554	3571220-2	 36 p. ;		591: 0/1			
1555	3571236	 2 v. ;	520: 0/1				
1556	3571294	 36 p. ;	520: 0/2	591: 0/1			
1557	3573308	 36 p. :					
1558	3573803	 36 p. ;	520: 0/4				
1559	3573994	 36 p. ;	520: 0/1				
1560	3574011	 36 p.	520: 0/1				
1561	3574040	 36 p. ;	520: 0/2				
1562	3574061	 47 p. ;	520: 0/2				
1563	3767898	 217, [1] p. ;	520: 0/2	591: 0/1		595: 0/1	
1564	421748	 216 p.	520: 0/5			595: 0/1	
1565	4324031	 xi, [1], 199, [1] p. ;	520: 0/3				
1566	445507	 [12], xvi, 363, [1], 110 p. :	520: 0/6		594: 0/3	595: 0/1	
1567	448220	 372 p. ;	520: 0/3			595: 0/1	
1568	4814271	 iii, [1], 171, [1] p. ;	520: 0/2		594: 0/4	595: 0/2	
1569	5007461	 196 p. ;	520: 0/2	591: 0/1		595: 0/3	
1570	5021631	 2 v. ;					
1571	54717-1	 2 v. ;					
1572	54717-2	 2 v. ;	520: 0/1				
1573	55077	 3 v. ;					
1574	555749	 [3], viii-xii, [1], 14-268 p. ;	520: 0/3				
1575	570674	 [4], 236 p. ;				595: 0/1	656: 0/1
1576	573051	 3 v. ;					
1577	59069	 xii, 300 p. ;	520: 0/3		594: 0/1	595: 0/1	
1578	603543	 vi, [7]-402 p., 10 leaves of plates :	520: 0/4				
1579	72411	 2 v. ;					
1580	73075	 67, [1] p. (final page blank); 2 leaves of plates :	520: 0/1				
1581	74927	 2 v. (173 p.) ;					
1582	83954	 2 v. ;					
1583	86181	 vi, 242 p. ;	520: 0/1		594: 0/1	595: 0/1	
1584	87503	 xxiv, 200 p.	520: 0/4	591: 0/1	594: 0/1		
1585	88576	 125, [7] p. ;	520: 0/5	591: 0/1			
1586	88848	 4 v. ;					
1587	89529	 2 v. (iv, [1], 6-312 p.) ;			594: 0/2	595: 0/1	
1588	90019	 vi, [7]-169, [1] p. ;			594: 0/3	595: 0/4	
1589	957218	 xii, [12]-284 p. ;	520: 0/8		594: 0/1	595: 0/1	
1590	962416-1	 2 v. (69, [1] p.) ;	520: 0/4	591: 0/1		595: 0/1	
1591	962416-2	 2 v. (69, [1] p.) ;	520: 0/3	591: 0/1			
1592	962416-3	 2 v. (69, [1] p.) ;		591: 0/1		595: 1/2	
1593	1116	 [4], 180 p. ;	520: 0/1		594: 0/1	595: 0/1	
1594	1361026	 16 p. ;		591: 0/1		595: 0/2	
1595	1720878	 xii, 219, [1] p. ;	520: 0/6	591: 0/1			
1596	1833008	 v, [3], 124 p. ;	520: 0/3	591: 0/1	594: 0/2	595: 0/1	
1597	199942	 [16], 336, 1-40, 49-106 p. ;					
1598	200425	 [8], 401 [i.e. 399], [1] p. ;			594: 0/1		
1599	245120-1	 [8], 560 p., [2] leaves of plates :	520: 0/4	591: 0/2	594: 0/3	595: 0/4	656: 0/1
1600	245120-2	 [8], 560 p., [2] leaves of plates :	520: 0/5	591: 0/2	594: 0/1	595: 0/1	
1601	248125	 3 v. ;					
1602	253712-2	 [4], 356 p. ;	520: 0/3	591: 0/1		595: 0/1	656: 0/1
1603	255966	 [4], 9-62, [2] p. ;	520: 0/2	591: 0/1		595: 0/1	656: 0/1
1604	269315	 140, [4] p. ;	520: 0/1		594: 0/1		656: 0/1
1605	277537	 2 v.	520: 0/1	591: 0/1	594: 0/1	595: 0/2	
1606	281901	 24 p. ;	520: 0/2	591: 0/1		595: 0/1	
1607	37832	 iv, [5]-338, [2] p. (final page blank) ;	520: 0/3		594: 0/1	595: 0/1	656: 0/1
1608	40573	 170, [2] p. ;	520: 0/1				
1609	4757078	 4 v. :					
1610	4757145	 4 v. :					
1611	54439	 252 p. ;	520: 0/1			595: 0/1	
1612	54482	 [4], 298 p. ;	520: 0/2	591: 0/1	594: 0/1	595: 0/2	
1613	550390	 vi, 95, [1] p. ;	520: 0/1		594: 0/1	595: 0/1	
1614	569010	 8 v. :					
1615	58837	 2 v. ;					
1616	58980	 xii, 136, [4], 162, [2] p. ;	520: 2/3				
1617	59418	 4 v. ;					
1618	5946802	 417, [3] p., [1] leaf of plates :	520: 0/2	591: 0/1	594: 0/1		
1619	600630	 2 v. :					
1620	6996611	 207 p. ;	520: 0/5			595: 0/1	
1621	73408	 2 v. ;	520: 5/6			595: 0/2	
1622	73842	 [2], v, [2], 10-106, [2], 116 p. ;			594: 0/3		656: 0/2
1623	75030	 3 v. (246 p.) ;					
1624	75774	 xi, [1], 360 p. ;	520: 0/5	591: 0/1		595: 0/1	
1625	89573	 2 v. ;					
1626	9492	 12, 23-99, 110-119, 126-145, [1] p. ;			594: 0/1		
1627	973317	 [13], 8-353, [1] p. ;	520: 0/6	591: 0/1	594: 0/2		
1628	976233	 4 v. ;					
1629	100704	 2 v. ;					
1630	101326	 2 v. ;					
1631	101332	 4 v. ;					
1632	101337	 3 v. ;					
1633	101382	 3 v. ;					
1634	101576	 2 v. ;					
1635	102731	 2 v. ;					
1636	102798-1	 4 v. ;					
1637	102798-2	 4 v. ;					
1638	104121	 2 v. ;					
1639	105725-1	 3 v. ;					
1640	105725-2	 3 v. ;					
1641	105725-3	 3 v. ;					
1642	105744	 3 v. ;					
1643	105746	 3 v. ;					
1644	105788	 3 v. ;					
1645	105802	 xii, [1], 14-200, [2] p. (the last leaf blank) ;	520: 0/2	591: 0/1	594: 0/1	595: 0/1	
1646	105881	 4 v. ;					
1647	105979	 3 v. ;					
1648	105986	 5 v. ;	520: 0/1				
1649	105995	 3 v. ;					
1650	106006	 3 v. ;					
1651	106010	 3 v. ;					
1652	106014-1	 3 v. ;					
1653	106014-2	 3 v. ;					
1654	106016	 3 v. ;					
1655	106033	 5 v. ;					
1656	106298	 2 v. ;					
1657	106552	 2 v. ;					
1658	106616	 2 v. ;					
1659	106688	 2 v. ;					
1660	106711	 2 v. :					
1661	106811-2	 2 v. ;			594: 0/1		
1662	106819	 [2], 168 p. ;				595: 0/2	
1663	106820	 2 v. ;					
1664	106972	 2 v. :					
1665	107393-1	 2 v. ;					
1666	107393-2	 2 v. ;					
1667	107624	 2 v. ;					
1668	107701	 2 v. ;					
1669	107711	 2 v. ;					
1670	107724	 2 v. ;					
1671	107726	 2 v. ;					
1672	107728	 2 v. ;		591: 0/1			
1673	1341181	 2 v. ;					
1674	161049-2	 10 v. :					
1675	161798	 3 v. ;					
1676	161806	 3 v. ;					
1677	162466	 2 v. ;					
1678	162702	 2 v. ;					
1679	163856	 2 v. ([6], ix, [1], 264 p.) ;					
1680	163997	 2 v. ;					
1681	164001	 3 v. ;					
1682	164282	 4 v. ;					
1683	1746796	 4 v. :					
1684	1798428	 2 v. ;					
1685	1798766	 3 v. ;					
1686	1799034	 2 v. ;					
1687	1799123	 2 v. ;					
1688	1800288	 4 v. ;					
1689	1800399	 3 v. ;		591: 0/1			
1690	190185	 160 p., [4] leaves of plates :	520: 0/1				
1691	208314	 2 v. ;				595: 0/1	
1692	3136144	 352 p. ;	520: 0/8			595: 0/2	
1693	3441301	 xiv, 141, [1 p., [1] leaf of plates :	520: 0/3				
1694	3445990	 6 v. :					
1695	3450187	 [2], 341, [1] p. ;			594: 0/1		
1696	35225-1	 4 v. ;			594: 2/3		
1697	35225-2	 4 v. ;					
1698	3768971	 2 v. :					
1699	3769976	 2 v. :					
1700	4785227	 2 v. ;					
1701	57961	 3 v. ;					
1702	595131	 2 v. (x, 209, [8]; [4], 248 p.) ;		591: 0/1		595: 0/1	
1703	596561	 3 v. (vii, [8]-268 p., [8] leaves of plates) :	520: 2/3				
1704	87232-2	 2 v. ;			594: 1/2		
1705	87246	 3 v. ;					
1706	88720	 xii, [4], 174 p. ;	520: 0/3			595: 0/1	
1707	5942278	 81, [1] p., 2 leaves of plates :	520: 0/2	591: 0/1			
1708	1752858	 xxvi, [2], 360 p., [1] leaf of plates :	520: 0/7	591: 0/1		595: 0/1	
1709	102829	 2 v., [1] leaf of plates (231, [1]; 211, [5] p.) :					
1710	ocm78091842 	 240 pages ;	520: 0/1	591: 0/1		595: 0/1	
1711	ocn476765648	 [2], ii, 187, [1] pages ;	520: 0/1		594: 0/2	595: 0/5	
1712	ocm40688589 	 272 pages ;	520: 0/2	591: 0/1		595: 0/3	
1713	ocn484442023	 2 v. :					
1714	ocm06756321 	 xix, 162 pages :	520: 0/1	591: 0/1		595: 0/2	
1715	ocm13313695 	 3 volumes					
1716	ocm40733633 	 2 v. in 1, [1] leaf of plates :					
1717	ocm02861722 	 3v. :					
1718	ocm06536542 	 3v. ;					
1719	ocn486073979	 5v. :					
1720	ocm52981134 	 5v. :					
1721	ocn270121854	 3v. (iv, 320; [4], 328; [4], 258, [8] pages) ;					
1722	ocn480433456	 xxvii, 88 pages ;	520: 0/4				
1723	ocn123448855	 3 v. :					
1724	ocn482649224	 3 v. ;					
1725	ocm02892878 	 3 volumes ;					
1726	ocm21212908 	 3 v. ;					
1727	ocm00621029 	 2 preliminary leaves, 387 pages				595: 1/2	
1728	ocn607607606	 3 volumes ;					
1729	ocn940098594	 3 v. ;					
1730	ocm52859548 	 2 volumes in 1.					
1731	ocm43297821 	 2v. ;					
1732	ocm12862142 	 3v. :					
1733	ocm06853360 	 3 v					
1734	ocm04294241 	 221 pages	520: 0/3			595: 0/4	656: 0/1
1735	ocn931590936	 3 volumes ([4], 270, [2], pages ; [4], 272 pages ; [4], 220, pages) ;					
1736	ocn228695081	 2 preliminary leaves, 272 pages ;	520: 0/2			595: 0/4	
1737	ocm14975239 	 4 volumes ;					
1738	ocm13226312 	 269 pages	520: 0/1	591: 0/1	594: 0/2	595: 0/1	656: 0/1
1739	ocn841534744	 3 v. :					
1740	ocm04739245 	 4 volumes					
1741	ocm37033335 	 48 pages	520: 0/1	591: 0/1		595: 0/2	
1742	ocm16348484 	 93 pages	520: 0/3	591: 0/1		595: 0/4	656: 0/1
1743	ocm10847141 	 [1-5], 6-136 pages :	520: 0/2	591: 0/2	594: 0/3	595: 0/3	
1744	ocm29104507 	 148 pages ;	520: 0/2	591: 0/1	594: 0/1	595: 0/2	
1745	ocm06925160 	 4 volumes					
1746	ocm06929107 	 3 volumes ;					
1747	ocm20682925 	 4 volumes					
1748	ocn810531182	 3 volumes ;					
1749	ocn271241011	 181, [1] pages, VII plates :	520: 0/3			595: 0/5	
1750	ocm02060360 	 2 volumes					
1751	ocm09838110 	 [4], 180 pages, [1] leaf of plates :	520: 0/4		594: 0/1	595: 0/3	
1752	ocm06959518 	 2 volumes					
1753	ocm04300840 	 240 pages	520: 0/4	591: 0/2	594: 0/1		
1754	ocm08438237 	 [4], 217, [3] pages ;	520: 0/11	591: 0/1	594: 0/1		656: 0/2
1755	ocm02494528 	 262 pages ;	520: 0/4	591: 0/1		595: 0/2	656: 0/1
1756	ocm06968795 	 [4], 218 p. ;	520: 0/2	591: 0/2		595: 0/1	
1757	ocm13440754 	 xxiv, xxi*, xxii*, xxv-xxxi [i.e. xxxiii], 131 pages ;	520: 0/3		594: 0/1	595: 0/6	
1758	ocm10503613 	 3v. ;					
1759	ocm17381477 	 3v. ;					
1760	ocm14032243 	 4v.					
1761	ocm03596752 	 3v. ;					
1762	ocm06989179 	 3v.					
1763	ocm06977684 	 3v.					
1764	ocm01336923 	 3 volumes					
1765	ocm06977863 	 3 volumes					
1766	ocm49835584 	 3v. ;					
1767	ocm06972377 	 4v. bound in 2 books					
1768	ocm06976739 	 3v.					
1769	ocm06972448 	 4 volumes					
1770	ocm63548219 						
1771	ocm47896198 	 4v. :					
1772	ocm05062980 	 2 volumes ;					
1773	ocm27442362 	 2 volumes ;					
1774	ocm24619819 	 xi, 263 pages ;	520: 0/2			595: 0/4	
1775	ocm48799180 	 3v. ;					
1776	ocm07021553 	 3v. ;					
1777	ocm50543021 	 2v. ;					
1778	ocm07020267 	 4 volumes					
1779	ocm07026767 	 5v. :					
1780	ocm07026880 	 3v. :					
1781	ocm07032000 	 4v. :					
1782	ocn482476225	 4v. ;					
1783	ocm10448517 	 2v. :					
1784	ocn482470676	 2v. in 1 (172, 155 p.) ;			594: 0/4	595: 0/12	
1785	ocm18056772	 3v. ;					
1786	ocm07027666 	 3v. ;					
1787	ocm13310562 	 viii, 441 pages :	520: 0/3	591: 0/1		595: 0/1	
1788	ocn892596217	 iv, 187 p. ;	520: 0/2			595: 0/1	656: 0/1
1789	ocm50917140 	 3v. :					
1790	ocm13312753 	 3v. :					
1791	ocm07032578 	 [2] leaves, [iii]-viii, 421, [1] pages	520: 0/4	591: 0/2	594: 0/1	595: 0/1	
1792	ocm38981912 	 3v. :					
1793	ocn191257087	 415, [1] p., :	520: 0/3	591: 0/1	594: 0/1	595: 0/4	
1794	ocm25074779 	 3v. :					
1795	ocm04635045 	 2v. :					
1796	ocn265013947	 3 volumes ;					
1797	ocm08634631 	 3v. :					
1798	ocm07075573 	 4v. :					
1799	ocm07075706 	 4v. :					
1800	ocm07075724 	 3v. :					
1801	ocm07085107 	 4v. :					
1802	ocm07075758 	 5v. :					
1803	ocm65625364 	 3 volumes ;					
1804	ocm31393385 	 5v. :					
1805	ocm06883452 	 4v. :					
1806	ocn877490859	 3v. ;					
1807	ocm24584830 	 2 v. ([2], 270; [2], 244 p.) ;					
1808	ocn228749189	 4v. :					
1809	ocm07071452 	 3v. :					
1810	ocn913379713	 3v. :					
1811	ocn252091768	 [4], 288 p. :	520: 0/3			595: 0/3	
1812	ocm00965816 	 [4], 149, [3] pages, [4] leaves of plates :	520: 0/12	591: 0/2	594: 0/4	595: 0/5	656: 0/1
1813	ocm00742172 	 2v. ;					
1814	ocm13379341 	 2v. :					
1815	ocm09930143 	 xlviii pages, 2 leaves, 321, [1] pages	520: 0/11	591: 0/2		595: 0/2	
1816	ocn187451781	 [4], 286, [2] pages ;	520: 0/3	591: 0/1	594: 0/1	595: 0/2	656: 0/1
1817	ocm70516068 	 4v. :					
1818	ocm10377134 	 xii, 228 p. ;	520: 0/5	591: 0/2	594: 0/2	595: 0/2	
1819	ocm01180901 	 750 pages :	520: 0/3	591: 0/1		595: 0/2	
1820	ocm78001274 	 2v. :					
1821	ocn187453083	 911, [1] pages, [11] leaves of plates :	520: 0/3	591: 0/1		595: 0/2	
1822	ocm22774772 	 838 pages, [9] leaves of plates :	520: 0/3	591: 0/1	594: 0/3	595: 0/1	656: 0/1
1823	ocm21618027 	 2v. :				595: 0/1	
1824	ocm59222208 	 3 volumes ;					
1825	ocm43388336 	 viii, 436 pages :	520: 0/8		594: 0/1	595: 0/5	
