1	260496	[1, 2, 3]	3	3 v. ;	['3']	3
2	260498	[1, 2, 2, 3, 3]	3	3 v. ;	['3']	3
3	260500	[]		[2], 78 p. ;	['2', '78']	2
4	260503	[1, 2, 3, 4]	4	4 v. :	['4']	4
5	260507	[1, 2, 3, 4]	4	[2], 227 p., [1] leaf of plates :	['2', '227', '1']	2
6	260508	[1, 1, 1, 2, 2, 3, 3, 3]	3	3 v. ;	['3']	3
7	260518	[]		x, 254 p. ;	['254']	254
8	260658	[1, 1]	1	4 v. ;	['4']	4
9	260659	[1, 1]	1	2 v. ;	['2']	2
10	260660	[]		374 p. ;	['374']	374
11	260661	[]		82 p. ;	['82']	82
12	260662	[1, 2, 3, 1, 2, 3, 1, 1, 2, 2, 2, 2, 2, 3, 3, 3, 3, 3, 3]	3	3 v. ;	['3']	3
13	260663	[]		[8], 284 p. ;	['8', '284']	8
14	260664	[]		[8], 284 p. ;	['8', '284']	8
15	260665	[]		4 v. ;	['4']	4
16	260666	[]		117 p. ;	['117']	117
17	260667	[]		117 p. ;	['117']	117
18	260668	[]		viii, 325, [1] p.	['325', '1']	325
19	260669	[1, 2, 3]	3	3 v. ;	['3']	3
20	260670	[1, 2, 3]	3	3 v. ;	['3']	3
21	260671	[1, 2]	2	2 v. ;	['2']	2
22	260672	[1, 2]	2	199, [5] p. (final page blank) :	['199', '5']	199
23	260673	[1, 1, 1, 1, 1, 2, 2, 2, 2, 3, 3, 3, 3]	3	3 v. ;	['3']	3
24	260674	[]		[4], 324 p. ;	['4', '324']	4
25	260675	[1, 1, 2]	2	2 v. ;	['2']	2
26	260676	[1, 1, 2]	2	2 v. ;	['2']	2
27	260677	[1, 1, 2]	2	2v. ;	['2']	2
28	260678	[1, 1, 2]	2	2 v. ;	['2']	2
29	260679	[1, 1, 2]	2	147, [1] p. ;	['147', '1']	147
30	260680	[1, 1, 2]	2	2 v. ;	['2']	2
31	260681	[]		9 v. ;	['9']	9
32	260682	[1, 2, 3]	3	9 v. ;	['9']	9
33	260683	[1, 2, 3]	3	3 v. ;	['3']	3
34	260684	[4]	4	3 v. ;	['3']	3
35	260685	[1, 2, 2, 2, 2]	2	2 v. ;	['2']	2
36	260686	[1, 2]	2	2 v. ;	['2']	2
37	260687	[1, 2, 1, 1, 2, 2, 1, 1]	2	2 v. ;	['2']	2
38	260688	[1, 2]	2	2 v. ;	['2']	2
39	260689	[]		30, [2] p.	['30', '2']	30
40	260690	[]		[4], 119, [1] p. ;	['4', '119', '1']	4
41	260691	[]		228 p. ;	['228']	228
42	260692	[1, 1]	1	2 v. ;	['2']	2
43	260693	[1, 2]	2	2 v. ;	['2']	2
44	260694	[]		iv, 336 p. ;	['336']	336
45	260695	[]		[2], 29, [1] p. ;	['2', '29', '1']	2
46	260696	[]		[4], 284 p. ;	['4', '284']	4
47	260697	[]		viii, 9-280 p., [1] leaf of plates ;	['9', '280', '1']	9
48	260698	[]		[2], iv, 329, [1] p. (the last page blank) ;	['2', '329', '1']	2
49	260699	[1, 2]	2	2 v. ;	['2']	2
50	260700	[1, 2, 3, 4, 5, 6, 7]	7	7 v. ;	['7']	7
51	260701	[1, 2, 3, 4, 5, 6, 7]	7	7 v. :	['7']	7
52	260702	[4, 4]	4	4 v. :	['4']	4
53	260703	[]		[8], 231, [1] ;	['8', '231', '1']	8
54	260704	[]		[8], 231, [1] ;	['8', '231', '1']	8
55	260705	[]		[4], vi, [2], 165 [i.e. 156] p. :	['4', '2', '165', '156']	4
56	260706	[1, 2, 3, 4, 5, 6, 1]	6	6 v. ;	['6']	6
57	260707	[6, 5, 4, 3, 2, 1]	6	6 v. ;	['6']	6
58	260708	[6, 5, 4, 3, 2, 1]	6	6 v. ;	['6']	6
59	260709	[]		xiv, 245, [5] p. ;	['245', '5']	245
60	260710	[]		xii, 288 p. ;	['288']	288
61	260711	[]		[2], 314 p. ;	['2', '314']	2
62	260712	[1, 2]	2	2 v. ;	['2']	2
63	260713	[1, 2]	2	2 v. ;	['2']	2
64	260715	[1, 1, 2, 3]	3	3 v. ;	['3']	3
65	260716	[1, 1, 2, 3]	3	2 v. ;	['2']	2
66	260717	[1, 2]	2	2 v. ;	['2']	2
67	260719	[1, 1, 2]	2	2 v. ;	['2']	2
68	260720	[1, 2]	2	2 v. ;	['2']	2
69	260721	[1, 2]	2	2 v. ;	['2']	2
70	260722	[1, 2]	2	iv, 262, [1] leaf of plates :	['262', '1']	262
71	260723	[1, 2, 3]	3	3 v. ;	['3']	3
72	260724	[]		xi, [1], 432, [8] p. ;	['1', '432', '8']	1
73	260725	[]		viii, [9]-360 p. ;	['9', '360']	9
74	260726	[1, 1, 1, 1, 1, 1, 1, 1, 1, 1, 1, 1, 1, 1, 2, 2, 2, 2, 2, 2, 2, 2]	2	2 v. ;	['2']	2
75	260727	[2]	2	2 v. ;	['2']	2
76	260728	[2]	2	viii, [9]-246, [3] p. :	['9', '246', '3']	9
77	260729	[1, 2, 1, 2]	2	2 v. ;	['2']	2
78	260730	[1, 2, 1, 2]	2	xii, [13]-308 p. ;	['13', '308']	13
79	260731	[1, 2, 1, 2]	2	2 v. ;	['2']	2
80	260732	[1, 1, 2, 1, 2, 1, 1, 2, 2]	2	2 v. ;	['2']	2
81	260733	[1, 1, 2, 1, 2, 1, 1, 2, 2]	2	2 v. ;	['2']	2
82	260734	[]		80 p. ;	['80']	80
83	260735	[1, 1, 2, 1, 2]	2	2 v. ;	['2']	2
84	260736	[1, 2, 3]	3	3 v. ;	['3']	3
85	260737	[1, 3, 1, 2, 3]	3	3 v. ;	['3']	3
86	260738	[]		2 v. ;	['2']	2
87	260740	[1, 1, 2, 2, 3, 3, 1, 2, 3]	3	3 v. ;	['3']	3
88	260741	[1, 2, 3, 4, 5, 6, 7, 8, 1, 2, 2, 3, 4, 5, 5, 7]	8	8 v. ;	['8']	8
89	260742	[1, 2, 3, 4, 5, 6, 7, 8, 1, 2, 2, 3, 4, 5, 5, 7]	8	3 v. ;	['3']	3
90	260743	[]		vii, [8]-170, xii, 151 p. ;	['8', '170', '151']	8
91	260744	[]		vii, [8]-170, xii, 151 p. ;	['8', '170', '151']	8
92	260745	[]		xi, [2], 14-124, [127]-148, 151-208, 211-266 p., [4] leaves of plates ;	['2', '14', '124', '127', '148', '151', '208', '211', '266', '4']	2
93	260747	[1, 2, 3, 4, 1, 2, 3]	4	4 v. ;	['4']	4
94	260748	[1, 2, 3, 4, 1, 2, 3]	4	xi, [1], 275 p., [1] leaf of plates ;	['1', '275', '1']	1
95	260749	[1, 2, 3, 4, 1, 2, 3]	4	19 v. :	['19']	19
96	260750	[1, 2, 3, 4, 1, 2, 3]	4	19 v. :	['19']	19
97	260751	[1, 2, 3]	3	3 v. ;	['3']	3
98	260752	[]		xxiii, [1], 288 p. ;	['1', '288']	1
99	260753	[]		218 p. ;	['218']	218
100	260754	[]		2 v. :	['2']	2
101	260755	[]		242 p. ;	['242']	242
102	260756	[]		2 v. ;	['2']	2
103	260757	[1, 2, 3, 4]	4	4 v. ;	['4']	4
104	260758	[1, 1]	1	2 v. ;	['2']	2
105	260759	[1]	1	2 v. ;	['2']	2
106	260760	[1, 1, 2]	2	2 v. ;	['2']	2
107	260761	[1, 1, 2]	2	2 v. ;	['2']	2
108	260762	[1, 2, 3, 1, 2, 3]	3	3 v. ;	['3']	3
109	260763	[]		[4], 322, [2] p., [7] leaves of plates :	['4', '322', '2', '7']	4
110	260764	[]		v, [7]-300 p.	['7', '300']	7
111	260765	[]		59 p. :	['59']	59
112	260766	[]		263 p. ;	['263']	263
113	260767	[]		3 v. ;	['3']	3
114	260768	[]		2 v. ;	['2']	2
115	260769	[]		3 v. ;	['3']	3
116	260770	[]		3 v. ;	['3']	3
117	260771	[]		144 p. :	['144']	144
118	260772	[1, 2]	2	2 v. ;	['2']	2
119	260773	[]		iii-xiv, [2], 205, [1] p., [1] leaf of plates :	['2', '205', '1', '1']	2
120	260774	[1, 2]	2	2 v. ;	['2']	2
121	260775	[1, 1, 2, 3, 4]	4	4 v. ;	['4']	4
122	260776	[1, 2, 3, 1]	3	3 v. ;	['3']	3
123	260777	[1, 2, 2, 3, 3, 4]	4	4 v. ;	['4']	4
124	260778	[1, 2, 2, 3, 3, 4]	4	3 v. ;	['3']	3
125	260779	[1, 2, 3, 4]	4	4 v. ;	['4']	4
126	260780	[1, 2, 3, 4]	4	4 v. ;	['4']	4
127	260781	[1, 2, 3]	3	3 v. ;	['3']	3
128	260782	[1, 2, 3]	3	3 v. ;	['3']	3
129	260783	[1, 2, 3]	3	3 v. ;	['3']	3
130	260784	[1, 2, 3]	3	3 v. ;	['3']	3
131	260785	[1, 2, 3]	3	3 v. ;	['3']	3
132	260786	[1, 1, 2, 3]	3	3 v. ;	['3']	3
133	260787	[1, 1, 2, 3]	3	162, [2] p. ;	['162', '2']	162
134	260788	[1, 1]	1	2 v. ;	['2']	2
135	260789	[1, 1]	1	iv, 52 p. :	['52']	52
136	260790	[]		xxxii, 116, [2], xxviii, 121, [3], xi, 26, [2] p. :	['116', '2', '121', '3', '26', '2']	116
137	260791	[]		3 v. ;	['3']	3
138	260792	[]		1v. ;	['1']	1
139	260793	[]		2 v. ;	['2']	2
140	260794	[]		4 v. ;	['4']	4
141	260795	[1, 1, 2, 3, 4, 1, 4]	4	4 v. ;	['4']	4
142	260796	[1, 1, 1, 1, 1, 1, 1, 1, 1, 1, 1, 1, 1, 1, 1, 1, 1, 1, 1]	1	14 v. ;	['14']	14
143	260797	[1, 1, 1, 1, 1, 1, 1, 1, 1, 1, 1, 1, 1, 1, 1, 1, 1, 1, 1]	1	24 v. :	['24']	24
144	260798	[1, 1, 1, 1, 1, 1, 1, 1, 1, 1, 1, 1, 1, 1, 1, 1, 1, 1, 1]	1	xi, [1], 180 p., [5] leaves of plates :	['1', '180', '5']	1
145	260799	[1, 2, 3, 4]	4	5 v. ;	['5']	5
146	260800	[1, 2, 3]	3	3 v. ;	['3']	3
147	260801	[]		106, [2] p. :	['106', '2']	106
148	260802	[]		4 v. ;	['4']	4
149	260803	[]		4 v. ;	['4']	4
150	260804	[1, 2, 3, 4, 1, 1, 2, 2]	4	4 v. ;	['4']	4
151	260806	[1, 2, 3, 4, 1, 1, 2, 2]	4	3 v. ;	['3']	3
152	260807	[1, 2, 3, 2, 3]	3	3 v. ;	['3']	3
153	260808	[1, 2, 3, 2, 3]	3	3 v. ;	['3']	3
154	260809	[1, 2, 3, 2]	3	3 v. ;	['3']	3
155	260810	[1, 2, 3, 2]	3	viii, 134, [2] p. ;	['134', '2']	134
156	260811	[1, 2, 3, 2]	3	2 v. ;	['2']	2
157	260812	[]		87 p. ;	['87']	87
158	260813	[4, 3, 2, 1]	4	6 v. ;	['6']	6
159	260815	[]		210 p. ;	['210']	210
160	260816	[]		viii, 214 p. ;	['214']	214
161	260817	[]		136, [1] p., [5] leaves of plates :	['136', '1', '5']	136
162	260818	[1, 1, 2, 3, 4, 1, 1, 1, 1]	4	4 v. ;	['4']	4
163	260819	[1, 1, 2, 3]	3	3 v. ;	['3']	3
164	260820	[1, 1, 2, 3]	3	3 v. ;	['3']	3
165	260821	[]		180 p. ;	['180']	180
166	260822	[1, 2]	2	2 v. ;	['2']	2
167	260823	[1, 2]	2	6 v. ;	['6']	6
168	260824	[]		6 v. ;	['6']	6
169	260825	[]		36 p. ;	['36']	36
170	260826	[1, 2, 3]	3	3 v. ;	['3']	3
171	260827	[]		iv, [4], 252, [4] p., [7] leaves of plates :	['4', '252', '4', '7']	4
172	260828	[]		276 p. ;	['276']	276
173	260829	[]		[2], 362 p. ;	['2', '362']	2
174	260830	[]		3 v. ;	['3']	3
175	260831	[]		3 v. ;	['3']	3
176	260832	[]		3 v. ;	['3']	3
177	260833	[1, 1, 1, 1, 1, 2, 1, 2, 2, 3, 3, 3, 3]	3	3 v. ;	['3']	3
178	260834	[1, 1, 1, 1, 1, 2, 1, 2, 2, 3, 3, 3, 3]	3	3 v. ;	['3']	3
179	260835	[1, 1, 1, 1, 1, 2, 1, 2, 2, 3, 3, 3, 3]	3	3 v. ;	['3']	3
180	260836	[1, 1, 1, 1, 1, 2, 1, 2, 2, 3, 3, 3, 3]	3	3 v. ;	['3']	3
181	260837	[1, 1, 1, 1, 1, 2, 1, 2, 2, 3, 3, 3, 3]	3	3 v. ;	['3']	3
182	260838	[1, 1]	1	4 v. ;	['4']	4
183	260842	[1, 1]	1	3 v. ;	['3']	3
184	260843	[1, 1, 1, 1, 2, 2, 2]	2	2 v. ;	['2']	2
185	260844	[1, 1, 1, 1, 2, 2, 2]	2	3 v. ;	['3']	3
186	260845	[1, 1, 1, 1, 2, 2, 2]	2	2 v. ;	['2']	2
187	260846	[1, 1, 1, 1, 2, 2, 2]	2	3 v. ;	['3']	3
188	260847	[1, 1, 1, 1, 2, 2, 2]	2	2 v. ;	['2']	2
189	260848	[1, 1, 1, 1, 2, 2, 2]	2	3 v. ;	['3']	3
190	260850	[]		2 v. ;	['2']	2
191	260851	[]		168 p. :	['168']	168
192	260852	[1, 1, 1, 2, 2, 2, 2, 3, 3, 3, 3]	3	3 v. ;	['3']	3
193	260853	[1, 1, 1, 2, 2, 2, 2, 3, 3, 3, 3]	3	3 v. ;	['3']	3
194	260855	[1, 1, 1, 2, 2, 2, 2, 3, 3, 3, 3]	3	2 v. ;	['2']	2
195	260857	[1, 1, 1, 2, 2, 2, 2, 3, 3, 3, 3]	3	3 v. ;	['3']	3
196	260858	[1, 1, 1, 2, 2, 2]	2	2 v. ;	['2']	2
197	260859	[1, 1, 1, 2, 2, 2]	2	3 v. ;	['3']	3
198	260860	[1, 2]	2	2 v. ;	['2']	2
199	260861	[1, 2, 3, 2, 2]	3	3 v. ;	['3']	3
200	260862	[1, 2, 3]	3	3 v. ;	['3']	3
201	260863	[3, 1, 2, 3, 3, 3]	3	3 v. ;	['3']	3
202	260864	[1, 2, 3]	3	3 v. ;	['3']	3
203	260865	[1, 2]	2	2 v. :	['2']	2
204	260867	[]		3 v. ;	['3']	3
205	260868	[1]	1	50 v. ;	['50']	50
206	260869	[1, 2, 3, 4, 5, 6, 7, 8, 1, 2, 3, 4, 5, 6, 7, 8]	8	8 v. ;	['8']	8
207	260870	[1, 2, 3, 4, 5, 6, 7]	7	7 v. ;	['7']	7
208	260871	[1, 2]	2	2 v. ;	['2']	2
209	260872	[18, 18, 18, 18]	18	395 p. ;	['395']	395
210	260873	[29, 21]	29	3 v. ;	['3']	3
211	260874	[]		[4], iii, [1], 303 p. ; 16 cm.	['4', '1', '303', '16']	4
212	260875	[]		[4], xii, 380 p. ;	['4', '380']	4
213	260876	[24, 25]	25	2 v. ;	['2']	2
214	260877	[]		[4], viii, ii, 251 p. ;	['4', '251']	4
215	260879	[]		[4], 353 p. ;	['4', '353']	4
216	260880	[29, 29]	29	[4], iii, 274 p. ;	['4', '274']	4
217	260881	[30, 31]	31	2 v. ;	['2']	2
218	260882	[33]	33	2 v. ;	['2']	2
219	260883	[34, 35, 34, 35]	35	2 v. ;	['2']	2
220	260884	[1, 2]	2	2 v. ;	['2']	2
221	260885	[38, 39]	39	2 v. ;	['2']	2
222	260886	[40, 41, 42]	42	3 v. ;	['3']	3
223	260887	[43, 44]	44	2 v. ;	['2']	2
224	260888	[45, 46, 47]	47	3 v. ;	['3']	3
225	260889	[]		[4], iii, [1], 352 p. ;	['4', '1', '352']	4
226	260890	[]		2 v. ;	['2']	2
227	260891	[]		2 v. ;	['2']	2
228	260892	[]		xi, 210 ;	['210']	210
229	260893	[]		47, [5] p., [6] leaves of plates :	['47', '5', '6']	47
230	260894	[1, 2, 3]	3	3 v. ;	['3']	3
231	260897	[1, 2, 3]	3	vi, [1], 8-364, [2] p. ;	['1', '8', '364', '2']	1
232	260898	[]		3 v. ;	['3']	3
233	260899	[]		4 v. ;	['4']	4
234	260900	[1]	1	2 v. ;	['2']	2
235	260902	[1, 1]	1	2 v. ;	['2']	2
236	260903	[1, 1]	1	3 v. ;	['3']	3
237	260904	[1, 1]	1	2 v. ;	['2']	2
238	260905	[1, 1]	1	3 v. ;	['3']	3
239	260906	[1, 1]	1	231, [3] p. :	['231', '3']	231
240	260907	[]		231, [3] p. :	['231', '3']	231
241	260908	[]		viii, 9-288 p.	['9', '288']	9
242	260909	[]		2 v. ;	['2']	2
243	260910	[]		xi, 225, [4] p., [3] leaves of plates ;	['225', '4', '3']	225
244	260911	[]		xii, 132, 4 p., [1] leaf of plates ;	['132', '4', '1']	132
245	260912	[1, 1, 1, 2, 2, 2, 3, 3, 3]	3	3 v. ;	['3']	3
246	260913	[]		iv, [3], 220 p. ;	['3', '220']	3
247	260915	[]		2 v. ;	['2']	2
248	260916	[]		iv, 355 p., [4] leaves of plates :	['355', '4']	355
249	260917	[]		3 v. ;	['3']	3
250	260918	[]		5 v. ;	['5']	5
251	260919	[1, 2, 3, 1, 1]	3	3 v. ;	['3']	3
252	260920	[1, 2, 3, 1, 1]	3	3 v. ;	['3']	3
253	260921	[1, 2]	2	2 v. ;	['2']	2
254	260922	[1, 2]	2	2 v. ;	['2']	2
255	260923	[]		[4], [7]-359 p., [1] leaf of plates :	['4', '7', '359', '1']	4
256	260924	[]		[2], iv, 372 p. ;	['2', '372']	2
257	260925	[]		2 v. ;	['2']	2
258	260926	[]		[2], x, x, xii, 202 p., [1] leaf of plates :	['2', '202', '1']	2
259	260928	[1, 2]	2	2 v. :	['2']	2
260	260929	[1, 2, 3]	3	xii, 321 p.,  3v	['321', '3']	321
261	260930	[1, 2, 3]	3	4 v. ;	['4']	4
262	260931	[]		142 p. ;	['142']	142
263	260933	[1]	1	5 v. ;	['5']	5
264	260934	[]		5 v. ;	['5']	5
265	260935	[]		5 v. ;	['5']	5
266	260936	[]		3 v. ;	['3']	3
267	260937	[]		3 v. ;	['3']	3
268	260938	[]		7 v. ;	['7']	7
269	260940	[]		3 v. ;	['3']	3
270	260941	[]		vi, 174 p. ;	['174']	174
271	260942	[]		3 v. ;	['3']	3
272	260943	[1, 1, 1, 1, 2, 2, 2, 3, 3, 3, 4, 4, 4]	4	4 v. ;	['4']	4
273	260944	[1, 1, 1, 1, 2, 2, 2, 3, 3, 3, 4, 4, 4]	4	[2], 227 p., [1] leaf of plates :	['2', '227', '1']	2
274	260945	[]		vii, [1], 232 p. ;	['1', '232']	1
275	260946	[]		vii, [1], 232 p. ;	['1', '232']	1
276	260947	[]		3 v. ;	['3']	3
277	260948	[]		3 v. ;	['3']	3
278	260949	[1, 1, 1, 2, 2, 2, 3, 3, 3]	3	3 v. ;	['3']	3
279	260951	[1, 1, 1, 2, 2, 2, 3, 3, 3]	3	4 v. ;	['4']	4
280	260952	[1, 1, 1, 2, 2, 2, 3, 3, 3]	3	3 v. ;	['3']	3
281	260953	[1, 1, 1, 2, 2, 2, 3, 3, 3]	3	7, [1], 153, [7] p., [1] leaf of plates :	['7', '1', '153', '7', '1']	7
282	260955	[]		198 p., [1] leaf of plates :	['198', '1']	198
283	260956	[1, 1, 2, 3, 1, 1, 2, 2, 3, 3, 3, 3]	3	3 v. ;	['3']	3
284	260957	[1, 2]	2	2 v. ;	['2']	2
285	260958	[1, 1, 1, 1, 2, 2, 2, 2, 3, 3, 3, 3]	3	3 v. ;	['3']	3
286	260959	[]		280 p. ;	['280']	280
287	260960	[]		viii, 232 p., [1] leaf of plates :	['232', '1']	232
288	260961	[]		3 v. ;	['3']	3
289	260962	[]		3 v. ;	['3']	3
290	260963	[]		4 v. ;	['4']	4
291	260964	[1, 1, 1, 1, 2, 2, 2, 2, 3, 3, 3, 3]	3	3 v. ;	['3']	3
292	260965	[]		[4], 183, [1] p. ;	['4', '183', '1']	4
293	260966	[]		[4], 183, [1] p. ;	['4', '183', '1']	4
294	260967	[]		xliii, 638 p. ;	['638']	638
295	260968	[]		3 v. ;	['3']	3
296	260969	[]		3 v. ;	['3']	3
297	260970	[]		4 v. ;	['4']	4
298	260971	[]		[42], iv, 64 p. ;	['42', '64']	42
299	260972	[]		26 p. ;	['26']	26
300	260973	[1, 1, 2, 3, 4, 5, 1, 1]	5	5 v. ;	['5']	5
301	260974	[]		264 p., [8] leaves of plates :	['264', '8']	264
302	260975	[]		[2], xvi, [6], 220 p., [8] leaves of plates :	['2', '6', '220', '8']	2
303	260976	[]		[2], xvi, [6], 220 p., [8] leaves of plates :	['2', '6', '220', '8']	2
304	260977	[]		[2], xvi, [6], 220 p., [8] leaves of plates :	['2', '6', '220', '8']	2
305	260978	[]		[2], xvi, [6], 220 p., [8] leaves of plates :	['2', '6', '220', '8']	2
306	260979	[]		[2], xvi, [6], 220 p., [8] leaves of plates :	['2', '6', '220', '8']	2
307	260980	[]		235 p. ;	['235']	235
308	260981	[]		3 v. ;	['3']	3
309	260982	[1, 1, 2, 1, 1]	2	2 v. ;	['2']	2
310	260983	[]		568 p., [2] leaves of plates :	['568', '2']	568
311	260984	[]		151 p. ;	['151']	151
312	260985	[]		2 v. in 1 ;	['2', '1']	2
313	260986	[]		[2], 85, [19] p., [2] leaves of plates ;	['2', '85', '19', '2']	2
314	260987	[1]	1	2 v. ;	['2']	2
315	260988	[1]	1	[12], 322 p., [1] leaf of plates :	['12', '322', '1']	12
316	260989	[1, 2, 3, 4, 1]	4	4 v. ;	['4']	4
317	260990	[1, 2, 3, 4, 1]	4	52, [2] p. :	['52', '2']	52
318	260991	[]		36 p. ;	['36']	36
319	260992	[]		xii, 286, [2] p. ;	['286', '2']	286
320	260993	[]		viii, 301, [3] p. ;	['301', '3']	301
321	260994	[1, 2, 3, 4, 3, 4]	4	4 v. ;	['4']	4
322	260995	[1, 2, 3, 4, 1, 2, 3, 4, 3, 4]	4	4 v. ;	['4']	4
323	260996	[1, 2, 3, 4, 3, 4]	4	4 v. ;	['4']	4
324	260997	[1, 2, 3, 4, 3, 4]	4	4 v. ;	['4']	4
325	260998	[1, 1, 1, 1, 1, 2, 3, 4, 3, 4]	4	4 v. ;	['4']	4
326	260999	[]		[10], 296 p., [6] leaves of plates :	['10', '296', '6']	10
327	261000	[]		[10], 296 p., [6] leaves of plates :	['10', '296', '6']	10
328	261001	[]		[10], 296 p., [6] leaves of plates :	['10', '296', '6']	10
329	261002	[1]	1	[10], 351, [1] p., [6] leaves of plates :	['10', '351', '1', '6']	10
330	261003	[]		277p. ;	['277']	277
331	261004	[]		240 p., [1] leaf of plates (fold.) ;	['240', '1']	240
332	261005	[]		[8], 352 p. ;	['8', '352']	8
333	261006	[]		[2], viii, 209, [1] p. ;	['2', '209', '1']	2
334	261007	[]		4 v. :	['4']	4
335	261008	[]		4 v. ;	['4']	4
336	261009	[]		viii, 216 p. ;	['216']	216
337	261010	[]		5 v. ;	['5']	5
338	261011	[]		364, [2] p. ;	['364', '2']	364
339	261012	[]		4 v. ;	['4']	4
340	261013	[1, 1, 1, 2, 2, 3]	3	3 v. ;	['3']	3
341	261014	[]		4 v. ;	['4']	4
342	261015	[]		35 p. ;	['35']	35
343	261016	[]		xx, [13]-176, [2] p. ;	['13', '176', '2']	13
344	261017	[]		[4], 164 p., [1] leaf of plates :	['4', '164', '1']	4
345	261018	[]		142 p. ;	['142']	142
346	261019	[]		2 v. ;	['2']	2
347	261020	[]		2 v. ;	['2']	2
348	261021	[]		2 v. ;	['2']	2
349	261022	[]		2 v. ;	['2']	2
350	261023	[]		2 v. ;	['2']	2
351	261024	[]		2 v. ;	['2']	2
352	261025	[]		2 v. ;	['2']	2
353	261026	[]		2 v. ;	['2']	2
354	261027	[]		2 v. ;	['2']	2
355	261028	[]		2 v. ;	['2']	2
356	261029	[]		2 v. ;	['2']	2
357	261030	[]		143 p. ;	['143']	143
358	261031	[]		[2], iv, [3]-270 p. ;	['2', '3', '270']	2
359	261032	[]		135 p. ; 15 cm.	['135', '15']	135
360	261033	[]		[4], 235 p. ;	['4', '235']	4
361	261034	[]		48 p., [1] leaf of plates :	['48', '1']	48
362	261035	[]		47 p., [1] leaf of plates :	['47', '1']	47
363	261036	[1, 2, 1, 1]	2	2 v. ;	['2']	2
364	261037	[1, 2, 1, 1]	2	4 v. ;	['4']	4
365	261038	[]		40 p. :	['40']	40
366	261039	[]		204 p. ;	['204']	204
367	261040	[]		228 p., [1] fold. leaf of plates ;	['228', '1']	228
368	261041	[]		24 p. ;	['24']	24
369	261042	[1, 2]	2	2 v. ;	['2']	2
370	261043	[1, 2]	2	271 p. ;	['271']	271
371	261044	[]		188 p. ;	['188']	188
372	261045	[]		2 v. ;	['2']	2
373	261046	[]		252 p. ;	['252']	252
374	261047	[]		2 v. ;	['2']	2
375	261048	[]		2 v. ;	['2']	2
376	261049	[]		3 v. ;	['3']	3
377	261050	[]		3 v. ;	['3']	3
378	261051	[]		3 v. ;	['3']	3
379	261052	[]		4 v. ;	['4']	4
380	261053	[]		311 p. ;	['311']	311
381	261054	[]		iii, 265 p. ;	['265']	265
382	261055	[]		viii, [13]-218 p., [6] leaves of plates :	['13', '218', '6']	13
383	261056	[]		251 p. :	['251']	251
384	261057	[]		8 v. :	['8']	8
385	261058	[]		8 v. :	['8']	8
386	261059	[1, 1, 2, 3, 4, 5, 6, 7, 8, 9]	9	9 v. :	['9']	9
387	261060	[]		178 p., [1] leaf of plates :	['178', '1']	178
388	261061	[]		32 p. ;	['32']	32
389	261062	[]		64 p. ;	['64']	64
390	261063	[1, 1, 1, 1, 1, 1, 1, 1, 1, 1, 1, 1, 1, 1, 1, 1, 1, 1, 1, 1, 1, 1, 1, 1, 1, 1, 2, 2, 2, 2, 2, 2, 2, 2, 2, 2, 2, 2, 2, 2, 2, 2, 2, 2, 2, 2, 2, 2, 2, 2, 2]	2	2 v. ;	['2']	2
391	261064	[1, 1, 1, 1, 1, 1, 1, 1, 1, 1, 1, 1, 1, 1, 1, 1, 1, 1, 1, 1, 1, 1, 1, 1, 1, 1, 2, 2, 2, 2, 2, 2, 2, 2, 2, 2, 2, 2, 2, 2, 2, 2, 2, 2, 2, 2, 2, 2, 2, 2, 2]	2	36 p. ;	['36']	36
392	261065	[1, 1, 1, 1, 1, 1, 1, 1, 1, 1, 1, 1, 1, 1, 1, 1, 1, 1, 1, 1, 1, 1, 1, 1, 1, 1, 2, 2, 2, 2, 2, 2, 2, 2, 2, 2, 2, 2, 2, 2, 2, 2, 2, 2, 2, 2, 2, 2, 2, 2, 2]	2	36 p. ;	['36']	36
393	261066	[]		178 p. ;	['178']	178
394	261067	[]		iv, 290 p. ;	['290']	290
395	261068	[1, 2]	2	2 v. :	['2']	2
396	261071	[]		x, 254 p. ;	['254']	254
397	261072	[1, 2]	2	2 v. ;	['2']	2
398	261073	[]		x, [2], [13]-246 p. ;	['2', '13', '246']	2
399	261074	[]		174 [i.e. 175], [1] p. ;	['174', '175', '1']	174
400	261075	[]		2 v. ;	['2']	2
401	261076	[]		138 p. ;	['138']	138
402	261077	[]		2 v. ;	['2']	2
403	261078	[]		[4], 210, [4] p. ;	['4', '210', '4']	4
404	261079	[]		32 p., [6] leaves of plates :	['32', '6']	32
405	261080	[]		36 p. :	['36']	36
406	261081	[]		52 p. ;	['52']	52
407	261082	[]		viii, [6], xiv, [15]-322 p. :	['6', '15', '322']	6
408	261083	[1, 1, 1, 1, 1, 1, 1, 1, 1, 1, 1, 1, 1, 1, 1, 1, 1, 1, 1, 1, 1, 1, 1, 1, 1, 1, 1, 1, 1, 1, 1, 1, 1, 1, 1, 1, 1, 1, 1, 1, 1, 1, 1, 1, 1, 1, 1, 1]	1	3 v. ;	['3']	3
409	261084	[1, 1, 1, 1, 1, 1, 1, 1, 1, 1, 1, 1, 1, 1, 1, 1, 1, 1, 1, 1, 1, 1, 1, 1, 1, 1, 1, 1, 1, 1, 1, 1, 1, 1, 1, 1, 1, 1, 1, 1, 1, 1, 1, 1, 1, 1, 1, 1]	1	119, [5] p., [1] leaf of plates :	['119', '5', '1']	119
410	261085	[]		vi, 142, [2] p., [1] leaf of plates :	['142', '2', '1']	142
411	261086	[]		3 v. ;	['3']	3
412	261087	[]		278 p. ;	['278']	278
413	261088	[]		2 v. ;	['2']	2
414	261089	[1, 1, 1]	1	1 v. ;	['1']	1
415	261090	[1, 1, 1]	1	[4], 263 p., [1] leaf of plates :	['4', '263', '1']	4
416	261091	[1, 1, 1]	1	[4], 284 p., [1] leaf of plates :	['4', '284', '1']	4
417	261092	[1, 1, 1]	1	107, [1] p. ;	['107', '1']	107
418	261093	[]		xii, 144 p. :	['144']	144
419	261094	[]		3 v. ;	['3']	3
420	261095	[1, 1, 1, 1, 1, 1, 1, 1, 1, 2, 2, 2, 2, 2, 2, 2, 3, 3, 3, 3, 3, 3, 3, 3, 3, 3, 3, 3, 3, 3, 3]	3	3 v. ;	['3']	3
421	261096	[]		2 v. ;	['2']	2
422	261097	[]		210 p.  ;	['210']	210
423	261098	[]		[2], viii, 209, [1] p. ;	['2', '209', '1']	2
424	261099	[]		63 p., [1] leaf of plates :	['63', '1']	63
425	261100	[]		48 p., [1] leaf of plates :	['48', '1']	48
426	261102	[]		[4], 191, [21] p., [1] leaf of plates :	['4', '191', '21', '1']	4
427	261103	[]		79, [1] p., [3] leaves of plates :	['79', '1', '3']	79
428	261104	[]		[4], 185, [3] p. ;	['4', '185', '3']	4
429	261105	[]		180 p. ;	['180']	180
430	261156	[1, 2, 1]	2	2 v. ;	['2']	2
431	261157	[1, 2, 1, 2]	2	2 v. ;	['2']	2
432	261486	[]		[8], 352 p. ;	['8', '352']	8
433	276043	[]		viii, 184 p. ;	['184']	184
434	276044	[]		104 p. ;	['104']	104
435	276045	[1, 2, 1]	2	2 v. ;	['2']	2
436	276046	[1, 1, 2, 3, 4]	4	4 v. ;	['4']	4
437	276047	[]		[4], 225, [1], 267, [1], 107, [1], 76 p. ;	['4', '225', '1', '267', '1', '107', '1', '76']	4
438	276049	[]		[2], 65, [1] p. (last page blank), [1] leaf of plates :	['2', '65', '1', '1']	2
439	276050	[]		[2], 262 p., [1] leaf of plates :	['2', '262', '1']	2
440	276051	[1, 1]	1	6 v. :	['6']	6
441	276061	[1, 2, 3]	3	3 v. ;	['3']	3
442	276063	[1, 2, 3, 4]	4	4 v. ;	['4']	4
443	276064	[]		[4], 808 p. ;	['4', '808']	4
444	276066	[]		xvi, 312 p. ;	['312']	312
445	276068	[1, 2, 3, 4]	4	4 v. ;	['4']	4
446	276069	[2]	2	2 v. ;	['2']	2
447	276070	[1, 1, 1, 2]	2	2 v. ;	['2']	2
448	276072	[1, 2]	2	2 v. ;	['2']	2
449	276073	[]		xiv, [2], 416 [i.e. 398] p. ;	['2', '416', '398']	2
450	276075	[1, 1, 2, 3]	3	3 v. ;	['3']	3
451	276078	[]		x, 200, 326 p., [1] leaf of plates :	['200', '326', '1']	200
452	276080	[]		338 p. ;	['338']	338
453	276081	[]		xxx, 143 p. ;	['143']	143
454	276082	[]		xi, [1], 272 p. ;	['1', '272']	1
455	276083	[2, 1]	2	2 v. ;	['2']	2
456	276085	[]		viii, 151, [1] p. ;	['151', '1']	151
457	276086	[]		[8], 958, [2] p. ;	['8', '958', '2']	8
458	276087	[1, 1, 2, 3, 4]	4	4 v. ;	['4']	4
459	276088	[]		[24], 472 p. ;	['24', '472']	24
460	276089	[1, 2]	2	2 v. ;	['2']	2
461	276092	[1]	1	3 v. ;	['3']	3
462	276093	[1, 1, 2]	2	            
463	276094	[]		4 p. l., 327 ( i. e. 331) p. 2 l., 217-544 (i. e. 548), 553-736   p.	['4', '327', '331', '2', '217', '544', '548', '553', '736']	4
464	276097	[1, 1, 2, 3, 4]	4	4 v. ;	['4']	4
465	276099	[]		xx, 314, [21] p.	['314', '21']	314
466	276100	[]		[10], 575, [1] p., [1] leaf of plates :	['10', '575', '1', '1']	10
467	276101	[]		[30], 283 p. ;	['30', '283']	30
468	276102	[]		[12], 171, [13], 219, [17] p. ;	['12', '171', '13', '219', '17']	12
469	276103	[1, 1, 2, 2]	2	2 v. ;	['2']	2
470	276105	[1, 2]	2	2 v. ;	['2']	2
471	276107	[]		[34], 305, [5] p. :	['34', '305', '5']	34
472	276109	[1, 1, 2, 2, 3, 3, 4, 4, 5, 5]	5	5 v. ;	['5']	5
473	276110	[1, 2, 3]	3	3 v. ;	['3']	3
474	276113	[1, 1, 2, 2, 3, 3, 1, 1]	3	3 v. ;	['3']	3
475	276114	[1, 2, 2, 3, 3]	3	4 v. ;	['4']	4
476	276115	[]		2 p. l., v-xvi, 368 p. ;	['2', '368']	2
477	276116	[]		[4], vii, [1], 120 p. ;	['4', '1', '120']	4
478	276117	[1, 1, 2, 1, 1, 1, 1]	2	2 v. ;	['2']	2
479	276118	[1, 2]	2	2 v. ;	['2']	2
480	276120	[1, 2]	2	2 v. ;	['2']	2
481	276121	[]		iv, 87, [1], 104, [16], 18, [2] p., [1] leaf of plates :	['87', '1', '104', '16', '18', '2', '1']	87
482	276122	[1]	1	2 v. ;	['2']	2
483	276123	[]		[12], 323, [1] p. ;	['12', '323', '1']	12
484	276124	[]		xix, [5], 320 p., [4] leaves of plates :	['5', '320', '4']	5
485	276126	[]		xix, [4], 320 p., [5] leaves of plates :	['4', '320', '5']	4
486	276127	[1, 1, 2, 2, 3, 3, 4, 4, 1]	4	4 v. ;	['4']	4
487	276128	[1, 1, 2, 2, 1, 1]	2	2 v. ;	['2']	2
488	276130	[]		[4], 271, [1] p. ;	['4', '271', '1']	4
489	276131	[1, 2]	2	2 v. ;	['2']	2
490	276133	[]		294 p. ;	['294']	294
491	276134	[]		[6], 330, [2] p. (the last leaf blank), [1] leaf of plates :	['6', '330', '2', '1']	6
492	276135	[1]	1	2 v. ;	['2']	2
493	276136	[]		[2], 50 p. ;	['2', '50']	2
494	276139	[1, 2]	2	2 v. ;	['2']	2
495	276140	[1, 2]	2	2 v. ;	['2']	2
496	276142	[1, 1, 1, 2, 2, 3, 3, 3]	3	3 v. ;	['3']	3
497	276148	[1, 2, 2, 3, 3, 3]	3	3 v. ;	['3']	3
498	276150	[1]	1	3 v. ;	['3']	3
499	276155	[2, 1, 3]	3	3 v. ;	['3']	3
500	276156	[]		[16], 270, 84, [i.e. 86], [2] p., [1] folded leaf of plates :	['16', '270', '84', '86', '2', '1']	16
501	276157	[1, 2]	2	xii, iv, 276 p.	['276']	276
502	276158	[]		[4], 138 [i.e. 139], [1] p. (the last page blank) ;	['4', '138', '139', '1']	4
503	276159	[1, 2, 4, 5]	5	5 v. :	['5']	5
504	279595	[1, 2]	2	2 v. ;	['2']	2
505	299668	[]		[4], 225, [1], 267, [1], 107, [1], 76 p. ;	['4', '225', '1', '267', '1', '107', '1', '76']	4
506	340844	[1, 2, 1]	2	2 v. ;	['2']	2
507	340846	[1, 1, 2, 2]	2	4 v. ;	['4']	4
508	340848	[1]	1	viii, 268 p. ;	['268']	268
509	340850	[]		6, [2], iv, 150 p. ;	['6', '2', '150']	6
510	340854	[]		[4], ix, [1], viii, 264 p. ;	['4', '1', '264']	4
511	340856	[]		[6], ix, [1], viii, 240 p. ;	['6', '1', '240']	6
512	340910	[]		64 p. ;	['64']	64
513	340911	[]		[4], xv, [5], 170 p. ;	['4', '5', '170']	4
514	341318	[1, 2, 1]	2	2 v. :	['2']	2
515	341331	[]		327, [13] p., [2] leaves of plates :	['327', '13', '2']	327
516	341332	[1, 2, 1]	2	2 v. ;	['2']	2
517	341334	[]		xvi (i.e. xviii), 422 p.	['422']	422
518	341336	[1, 2, 3]	3	3 v. ;	['3']	3
519	341339	[1, 2]	2	2 v. ;	['2']	2
520	341340	[1, 2, 3, 4, 1, 1]	4	4 v. ;	['4']	4
521	341342	[1, 2, 2, 1, 1]	2	2 v. ;	['2']	2
522	341344	[1, 1, 1, 2, 1]	2	2 v. ;	['2']	2
523	341345	[1, 1, 2, 2, 1, 1]	2	2 v. ;	['2']	2
524	341346	[1, 2, 1, 1]	2	2 v. ;	['2']	2
525	341348	[1, 2, 1]	2	2 v. ;	['2']	2
526	341350	[1, 1, 2, 1]	2	[2], 248 p. ;	['2', '248']	2
527	341351	[1, 1, 2, 2]	2	2 v. ;	['2']	2
528	341353	[1, 2, 3, 4, 5, 1, 1]	5	5v. ;	['5']	5
529	341354	[1, 2, 3, 4, 5, 1, 1]	5	5 v. ;	['5']	5
530	341355	[1, 2, 1, 2]	2	2 v. ;	['2']	2
531	341358	[1, 2, 1, 1]	2	2 v. ;	['2']	2
532	341360	[]		viii, 9-115 p., 3 leaves of plates :	['9', '115', '3']	9
533	341364	[1, 2, 3, 4, 1, 1]	4	4 v. ;	['4']	4
534	341366	[1, 1, 1, 2, 2, 2, 1, 1, 1, 1, 1, 1, 1, 1, 1, 1, 1, 1, 2, 2, 2, 2, 2, 2, 2, 2, 2, 2, 2, 2, 2, 2]	2	3 v. :	['3']	3
535	341367	[1, 1, 2, 2, 1, 1]	2	2 v. ;	['2']	2
536	341368	[1, 2, 1, 1]	2	2 v. :	['2']	2
537	341370	[1, 2]	2	2 v. ;	['2']	2
538	341371	[1, 2]	2	2 v. ;	['2']	2
539	341373	[1, 2]	2	2 v. ;	['2']	2
540	341374	[]		[2], 262 p. ;	['2', '262']	2
541	341376	[1, 1, 2, 2, 1, 1]	2	2 v. ;	['2']	2
542	341377	[]		xii, 264 p. ;	['264']	264
543	341378	[]		264 p. ;	['264']	264
544	341379	[1, 2, 3]	3	3 v. ;	['3']	3
545	341380	[1, 1, 2, 1]	2	2 v. ;	['2']	2
546	341381	[1, 1, 2, 1]	2	2 v. :	['2']	2
547	341383	[]		[2], vi, 280 p. ;	['2', '280']	2
548	341384	[1, 2, 3, 1, 1, 1, 1, 1]	3	3 v. ;	['3']	3
549	341385	[]		xxiv, 259, [5] p., [6] leaves of plates :	['259', '5', '6']	259
550	341386	[1, 2, 3, 4, 1, 1, 1, 1]	4	4 v. ;	['4']	4
551	341387	[]		94 p. ;	['94']	94
552	341388	[1, 2, 1]	2	2 v. ;	['2']	2
553	341392	[]		88, 97-120, 113-176 p. ;	['88', '97', '120', '113', '176']	88
554	341393	[]		[6], 211, [1] p. (last page blank) ;	['6', '211', '1']	6
555	341396	[]		[4], ii, [2], 227, [1] p. (last page blank) ;	['4', '2', '227', '1']	4
556	341398	[1, 2, 1, 1, 1]	2	2 v. ;	['2']	2
557	341399	[1, 1, 2, 2, 1]	2	2 v. ;	['2']	2
558	341400	[]		60 p. :	['60']	60
559	341401	[1, 1, 2, 2, 3, 3, 1, 1, 1, 1]	3	3 v. ;	['3']	3
560	341403	[1]	1	2 v. ;	['2']	2
561	341404	[]		[4], 260 ;	['4', '260']	4
562	341405	[1, 1, 2, 1]	2	2 v. ;	['2']	2
563	341406	[1, 2]	2	2 v. ;	['2']	2
564	341410	[]		135, [1] p. ;	['135', '1']	135
565	341411	[1, 1, 2, 3, 1, 1]	3	3 v. ;	['3']	3
566	341412	[1, 2, 1, 1]	2	2 v. ;	['2']	2
567	341413	[1, 2, 1, 1]	2	2 v. ;	['2']	2
568	341415	[1, 2]	2	2 v. ;	['2']	2
569	341416	[1, 2, 3, 1, 1, 1, 1, 1, 1]	3	3 v. ;	['3']	3
570	341417	[1, 1, 2]	2	2 v. ;	['2']	2
571	341418	[1, 2, 1, 2, 1, 1, 1, 1, 2, 2, 2, 2, 1, 1, 1, 1, 1, 1, 1, 1, 1, 1, 1, 1, 1, 1, 1, 1, 1, 1, 1, 1, 1, 1, 1, 1, 1, 1, 1, 1, 1, 1, 1, 1, 1, 1, 1, 1, 1, 1, 1, 1, 1, 1, 1, 1, 1, 1, 1, 1, 1, 1, 1, 1, 1, 1, 1, 1, 1, 1, 1, 1, 1, 1, 1, 1, 1, 1, 1, 1, 1, 1, 1, 1, 1, 1, 1, 1, 1, 1, 1, 1, 1, 1, 1, 1, 1, 1, 1, 1, 1, 1, 1, 1, 1, 1, 1, 1, 1, 1, 1, 1, 1, 1, 1, 1, 1, 1, 1, 1, 2, 2, 2, 2, 2, 2, 2, 2, 2, 2, 2, 2, 2, 2, 2, 2, 2, 2, 2, 2, 2, 2, 2, 2, 2, 2, 2, 2, 2, 2, 2, 2, 2, 2, 2, 2, 2, 2, 2, 2, 2, 2, 2, 2, 2, 2, 2, 2, 2, 2, 2, 2, 2, 2, 2, 2, 2, 2, 2, 2, 2, 2, 2, 2, 2, 2, 2, 2, 2, 2, 2, 2, 2, 2, 2, 2, 2, 2, 2, 2, 2, 2, 2, 2, 2, 2, 2, 2, 2, 2, 2, 2, 2, 2, 2, 2]	2	2 v. ;	['2']	2
572	341419	[1, 2, 1, 1, 1, 1, 1]	2	2 v. ;	['2']	2
573	341420	[1, 2, 1, 1]	2	2 v. ;	['2']	2
574	341421	[1, 1, 2, 2, 1, 1]	2	2 v. ;	['2']	2
575	341422	[1, 2, 1]	2	2 v. ;	['2']	2
576	341423	[1, 2, 3, 1]	3	3 v. ;	['3']	3
577	341424	[1, 2, 1, 1, 1, 14, 2]	14	2 v. ;	['2']	2
578	341425	[1, 2, 1, 1, 1, 1]	2	2 v. ;	['2']	2
579	341427	[]		10, [xi]-xviii, 293 p.	['10', '293']	10
580	341429	[2, 2, 2, 2]	2	2 v. ;	['2']	2
581	341431	[1, 2]	2	2 v. ;	['2']	2
582	341432	[1, 2, 1]	2	2 v. ;	['2']	2
583	341433	[1, 2, 1]	2	2 v. ;	['2']	2
584	341434	[1, 1, 1]	1	219, [1] p. (the last page blank), 4 leaves of plates :	['219', '1', '4']	219
585	341436	[1, 2, 3, 4]	4	4 v. :	['4']	4
586	341439	[1, 2, 3, 4, 1, 1]	4	4 v. :	['4']	4
587	341440	[]		162 p. ;	['162']	162
588	341441	[1, 1, 2, 2, 3, 3, 4, 4, 5, 5, 1, 1]	5	5 v. ;	['5']	5
589	341442	[1, 2, 1]	2	2 v. ;	['2']	2
590	341443	[1, 2, 3, 4, 1, 1, 1, 1, 1, 1]	4	4 v. :	['4']	4
591	341445	[]		[6], 112, [6] p. ;	['6', '112', '6']	6
592	341446	[1, 1, 2, 2]	2	2 v. ;	['2']	2
593	341447	[1, 2, 3, 1]	3	3 v. ;	['3']	3
594	341448	[1, 2, 1, 1]	2	2 v. ;	['2']	2
595	341450	[1, 1, 2, 1]	2	2 v. ;	['2']	2
596	341452	[1, 2, 1]	2	2 v. ;	['2']	2
597	341454	[1, 2, 3]	3	3 v. ;	['3']	3
598	341455	[1, 2, 3]	3	3 v. ;	['3']	3
599	341457	[1, 1, 1, 1, 1]	1	4 v. :	['4']	4
600	341458	[1, 2, 3, 1]	3	3 v. ;	['3']	3
601	341460	[1, 2, 3, 4]	4	5 v. ;	['5']	5
602	341461	[3, 3, 3]	3	3 v. ;	['3']	3
603	341462	[1, 2, 1, 1]	2	2 v. ;	['2']	2
604	341463	[1, 2]	2	2 v. ;	['2']	2
605	341465	[1, 2, 1]	2	2 v. ;	['2']	2
606	341466	[1, 2, 3, 1]	3	3 v. ;	['3']	3
607	341467	[1, 2, 3, 1, 2, 3]	3	3 v. ;	['3']	3
608	341468	[1, 1, 2, 2, 1, 1]	2	2 v. ;	['2']	2
609	341469	[1, 2, 1, 1]	2	2 v. ;	['2']	2
610	341471	[1, 2, 1, 1, 1, 1, 1, 1]	2	2 v. ;	['2']	2
611	341473	[1, 2, 3]	3	3 v. ;	['3']	3
612	341475	[1, 2, 1, 1]	2	2 v. ;	['2']	2
613	341476	[1, 1, 2, 2]	2	2 v. ;	['2']	2
614	341477	[1, 2, 1]	2	2 v. ;	['2']	2
615	341479	[1, 1, 1, 1, 1, 1, 1, 1, 1, 1, 1, 1, 1, 2, 2, 2, 2, 2, 2, 2, 2, 2, 2, 2, 2, 2, 1, 1, 1, 1, 1, 1, 1, 1, 1, 1, 1, 1, 1, 1, 1, 1, 1, 1, 1, 1, 1, 1, 1, 1, 1, 1, 2, 2, 2, 2, 2, 2, 2, 2, 2, 2, 2, 2, 2, 2, 2, 2, 2, 2, 2, 2, 2, 2, 2, 2, 2, 2, 2, 2, 2, 2]	2	2 v. ;	['2']	2
616	341480	[1, 2, 3, 1, 1, 1, 1]	3	3 v. ;	['3']	3
617	341481	[1, 1, 2, 1]	2	2 v. ;	['2']	2
618	341482	[1, 1, 2, 2, 1, 1, 1, 1]	2	2 v. ;	['2']	2
619	341483	[1, 2, 1, 2, 1, 1]	2	2 v. ;	['2']	2
620	341484	[1]	1	2 v. ;	['2']	2
621	341486	[1, 1, 2, 2, 3, 3, 1]	3	3 v. ;	['3']	3
622	341489	[]		xiv, [2], 536 p. ;	['2', '536']	2
623	341490	[1, 2, 3, 1, 1]	3	3 v. ;	['3']	3
624	341505	[1, 2, 2, 1, 1, 1, 1]	2	2 v. ;	['2']	2
625	341506	[1, 2, 3]	3	3 v. ;	['3']	3
626	341507	[]		viii, 207, [1] p. (last page blank), [1] folded leaf of plates :	['207', '1', '1']	207
627	341508	[1, 2]	2	2 v. ;	['2']	2
628	341517	[1, 1, 2, 2]	2	2 v. ;	['2']	2
629	341519	[1, 2, 1, 1]	2	2 v. ;	['2']	2
630	341520	[1, 2]	2	2 v. ;	['2']	2
631	341521	[]		iv, 66, [2] p. ;	['66', '2']	66
632	341522	[]		vi, 7-104 p. ;	['7', '104']	7
633	341523	[]		[2], v, [3], 141, [1] p. ;	['2', '3', '141', '1']	2
634	341524	[1, 1, 1, 1]	1	2 v. ;	['2']	2
635	341525	[1, 1, 2, 2, 3, 3, 4, 4, 1, 1, 1, 1, 1, 1]	4	4 v. ;	['4']	4
636	341526	[]		221, [1] p. (last page blank), 4 leaves of plates ;	['221', '1', '4']	221
637	341527	[1, 2, 1, 1]	2	2 v. ;	['2']	2
638	341528	[1, 2, 3, 4, 2, 1, 1]	4	4 v. ;	['4']	4
639	341529	[]		vii, [5], 221, [1] p. ;	['5', '221', '1']	5
640	341530	[1, 2]	2	2 v. ;	['2']	2
641	341531	[]		[6], 234 p. ;	['6', '234']	6
642	341532	[]		vi, 95, [1] p. ;	['95', '1']	95
643	341533	[]		vi, [2], 296 p. ;	['2', '296']	2
644	341534	[]		[4], 35, [I] p. (the last page blank) ;	['4', '35']	4
645	341535	[]		[2], 10, [2], 262, [2] p. ;	['2', '10', '2', '262', '2']	2
646	341536	[]		[2], iv, [4], 139, [1] p., 6 leaves of plates :	['2', '4', '139', '1', '6']	2
647	341537	[1, 2, 1]	2	2 v. ;	['2']	2
648	341538	[1, 1, 2, 2, 3, 3, 1, 1]	3	3 v. ;	['3']	3
649	341541	[1, 1, 2, 2, 1]	2	2 v. ;	['2']	2
650	341542	[1, 1, 2, 2]	2	2 v. ;	['2']	2
651	341545	[1, 2, 3, 1]	3	3 v. ;	['3']	3
652	341547	[1, 2, 1, 2, 4, 4, 1]	4	4 v. ;	['4']	4
653	341548	[1, 2]	2	2 v. ;	['2']	2
654	341549	[1, 2, 3, 4, 1, 1]	4	4 v. ;	['4']	4
655	341550	[1, 2, 1, 2, 1, 1]	2	2 v. ;	['2']	2
656	341551	[]		iv, [1], 6-180 p. ;	['1', '6', '180']	1
657	341552	[1, 1, 1]	1	2 v. ;	['2']	2
658	341553	[1, 2, 1, 1]	2	[2], 224 p. ;	['2', '224']	2
659	341554	[1, 1, 2, 2, 1, 1]	2	2 v. ;	['2']	2
660	341555	[1, 2, 2, 1]	2	2 v. ;	['2']	2
661	341556	[1, 2, 2, 3, 3, 3]	3	2 v. ;	['2']	2
662	341557	[2, 1]	2	[4], 152 p., [1] leaf plate ;	['4', '152', '1']	4
663	341558	[1, 2]	2	2 v. ;	['2']	2
664	341560	[]		[20], 338, [2] p. (the last leaf blank) ;	['20', '338', '2']	20
665	341561	[4, 4, 4, 4]	4	5 v. ;	['5']	5
666	341562	[1, 1, 2, 2, 1, 1]	2	2 v. ;	['2']	2
667	341563	[1, 2, 3]	3	[10], 261, [1] p. (the last page blank) ;	['10', '261', '1']	10
668	341564	[]		iv, 125, [7] p. ;	['125', '7']	125
669	341565	[1, 2, 1, 1]	2	2 v. ;	['2']	2
670	341566	[1, 2, 1, 1, 1, 1, 1, 1, 1, 1, 1, 1, 1, 1, 1, 1, 1, 1, 1, 1, 1, 1, 1, 1, 1, 1, 1, 1, 2, 2, 2, 2, 2, 2, 2, 2, 2, 2, 2, 2, 2, 2, 2, 2, 2, 2, 2, 2]	2	2 v. ;	['2']	2
671	341567	[1, 2, 1, 1, 1, 1]	2	2 v. ;	['2']	2
672	341568	[1, 2, 1, 1]	2	2 v. ;	['2']	2
673	341570	[1, 1, 2, 2]	2	2 v. ;	['2']	2
674	341572	[1, 1, 2, 2, 1, 1]	2	2 v. ;	['2']	2
675	341573	[]		[2], 211, [3] p. ;	['2', '211', '3']	2
676	341574	[]		[6], 129 p., [9] leaves ofplates :	['6', '129', '9']	6
677	341575	[]		167, [1] p., [1] leaf of plates ;	['167', '1', '1']	167
678	341576	[1, 2, 1]	2	2 v. ;	['2']	2
679	341580	[1, 1, 2, 2]	2	2 v. ;	['2']	2
680	341581	[1, 1, 2, 3]	3	3 v. ;	['3']	3
681	341585	[1, 2, 3, 1, 1]	3	3 v. ;	['3']	3
682	341597	[1, 1, 2, 1, 1, 1, 1]	2	viii, 287, [1] p. (the last page blank) ;	['287', '1']	287
683	341598	[1, 2, 1]	2	2 v. ;	['2']	2
684	341601	[]		viii, 239, [1] p., [1] leaf of plates ;	['239', '1', '1']	239
685	341602	[1, 1, 2, 2, 3, 3, 4, 4]	4	4 v. ;	['4']	4
686	341603	[1, 2, 1, 1]	2	2 v. ;	['2']	2
687	341604	[1, 2, 2, 3, 4, 1, 1]	4	4 v. ;	['4']	4
688	341606	[]		xii, 276 p., [1] leaf of plates ;	['276', '1']	276
689	341607	[1, 1, 2, 1, 1]	2	2 v. ;	['2']	2
690	341608	[1, 2, 1]	2	2 v. ;	['2']	2
691	341610	[1, 2, 1]	2	2 v. ;	['2']	2
692	341613	[1, 1, 2, 2]	2	2 v. ;	['2']	2
693	341614	[1, 1, 2, 2, 1]	2	2 v. ;	['2']	2
694	341615	[]		[4], 212 p. ;	['4', '212']	4
695	341616	[1, 1, 2, 2, 3, 4]	4	4 v. ;	['4']	4
696	341618	[1, 1, 2, 2, 3, 3, 1, 1]	3	3 v. ;	['3']	3
697	341622	[1, 2, 1, 1]	2	2 v. ;	['2']	2
698	341624	[1, 2, 1, 1]	2	2 v. ;	['2']	2
699	341625	[1, 2, 3, 1, 1]	3	3 v. ;	['3']	3
700	341626	[2, 2, 2, 2]	2	3 v. ;	['3']	3
701	341628	[]		vii, [1], xi, [1], 202, [2] p. (the last leaf blank) ;	['1', '1', '202', '2']	1
702	341629	[1, 1]	1	[2], 124, 109-250, [2] p. ;	['2', '124', '109', '250', '2']	2
703	341636	[1, 1, 1]	1	58 p. :	['58']	58
704	341639	[1, 2, 3, 1, 1, 1]	3	3 v. :	['3']	3
705	341640	[1, 2, 3, 1, 2, 3, 1, 1]	3	3 v. :	['3']	3
706	341646	[1, 1, 1]	1	169, [1] p. (last page blank), 4 leaves of plates :	['169', '1', '4']	169
707	341647	[1, 1, 2, 2, 1, 1]	2	2 v. ;	['2']	2
708	341649	[1, 2]	2	2 v. ;	['2']	2
709	341650	[]		iv, [1], 6-35, [1] p. (the last page blank), [2] leaves of plates :	['1', '6', '35', '1', '2']	1
710	341652	[1, 2]	2	2 v. :	['2']	2
711	341654	[1, 2, 1, 1, 1, 1]	2	2 v. ;	['2']	2
712	341657	[]		xii, 245, [3] p. (the last 3 pages blank) ;	['245', '3', '3']	245
713	341658	[1, 1, 2, 2]	2	2 v. ;	['2']	2
714	341659	[1, 2, 3, 1, 1]	3	3 v. ;	['3']	3
715	341662	[]		iv, 267, [1] p. ;	['267', '1']	267
716	341663	[]		iv, 258 p. ;	['258']	258
717	341666	[1, 2, 1, 1]	2	2 v. ;	['2']	2
718	341667	[]		[2], 315, [1] p. ;	['2', '315', '1']	2
719	341668	[1, 2, 1]	2	2 v. ;	['2']	2
720	341670	[]		[2], 293, [1] p. ;	['2', '293', '1']	2
721	341672	[]		[2], viii, 110 p. ;	['2', '110']	2
722	341673	[1, 2, 1]	2	2 v. ;	['2']	2
723	341675	[1, 2]	2	2 v. ;	['2']	2
724	341677	[1, 1, 2, 2]	2	2 v. ;	['2']	2
725	341679	[1, 1, 2, 2, 1, 1, 1, 1, 1, 1, 2, 2, 2, 2, 2, 2]	2	2 v. ;	['2']	2
726	341680	[1, 1, 2, 1, 1, 1, 1, 1, 1, 2, 2, 2, 2, 2, 2, 2]	2	2 v. ;	['2']	2
727	341681	[]		[8], 135, [1] p. (the last page blank) ;	['8', '135', '1']	8
728	341684	[]		[4], 271, [1] p. ;	['4', '271', '1']	4
729	341686	[1, 2, 1, 1, 2, 2]	2	290 p., 8 leaves of plates;	['290', '8']	290
730	341687	[1, 1]	1	2 v. ;	['2']	2
731	341690	[2, 2, 2, 2]	2	2 v. :	['2']	2
732	341691	[1, 1, 2, 2, 1, 1, 1, 1]	2	2 v. ;	['2']	2
733	341692	[1, 1, 2, 2, 1]	2	2 v. ;	['2']	2
734	341694	[1, 1, 2, 2, 1, 1]	2	2 v. ;	['2']	2
735	341695	[1, 2]	2	2 v. ;	['2']	2
736	341697	[]		[2], 83, [1] p. (the last page blank) ;	['2', '83', '1']	2
737	341699	[1, 2, 1, 1]	2	2 v. ;	['2']	2
738	341702	[]		[2], 320 p. ;	['2', '320']	2
739	341703	[1, 2]	2	2 v. ;	['2']	2
740	341704	[1, 2, 1]	2	2 v. ;	['2']	2
741	341706	[1, 1, 2, 2, 1, 1]	2	2 v. ;	['2']	2
742	341708	[1, 1, 2, 2, 1]	2	2 v. ;	['2']	2
743	341709	[1, 2, 3, 1, 1]	3	3 v. ;	['3']	3
744	341711	[1, 1, 2, 2, 1]	2	2 v. ;	['2']	2
745	341712	[1, 1, 1, 2, 2, 3, 4, 4, 5, 5, 6, 6, 6, 6, 7, 7, 7, 7, 7, 7, 7, 8, 9, 10, 11, 11, 12, 13]	13	13 v. ;	['13']	13
746	341714	[1, 2, 3, 4, 5, 6, 7, 8, 9, 10, 11, 12, 13, 14, 15, 16, 17, 18, 1, 5, 7]	18	18 v. ;	['18']	18
747	341715	[10, 11, 15]	15	18 v. ;	['18']	18
748	341717	[1, 2, 5, 3, 4, 5, 6, 7, 7, 8, 9, 10, 11, 12, 13, 14, 15, 16, 17, 18]	18	18 v. ;	['18']	18
749	341720	[1, 1, 1, 1, 1, 1, 2, 3, 4, 5, 6, 6, 7, 8, 8, 9, 10, 11, 12, 13, 14, 15, 16, 17, 18, 19, 20, 20]	20	20 v. :	['20']	20
750	341722	[1, 1, 2, 1, 1]	2	2 v. ;	['2']	2
751	360997	[]		60 p. :	['60']	60
752	361053	[1, 1, 2, 1, 1]	2	2 v. ;	['2']	2
753	374838	[]		174 p. ;	['174']	174
754	374841	[]		104 p. ;	['104']	104
755	374924	[]		201 p.	['201']	201
756	374930	[]		xi, 262 p. ;	['262']	262
757	374933	[]		40 p. ;	['40']	40
758	374934	[]		2 p.l., 108 p. ;	['2', '108']	2
759	374935	[]		[2], [5]-64 p. ;	['2', '5', '64']	2
760	374936	[]		[8], [13]-159, [1] p., [6] leaves of plates :	['8', '13', '159', '1', '6']	8
761	374937	[]		84 p. ;	['84']	84
762	374938	[]		47 p.	['47']	47
763	374939	[]		100 p. ;	['100']	100
764	374940	[]		100 p. :	['100']	100
765	374941	[]		56 p.	['56']	56
766	374942	[]		[4], [7]-58 p. :	['4', '7', '58']	4
767	374943	[]		46 p.	['46']	46
768	374945	[]		100 p.	['100']	100
769	374947	[]		48 p. ;	['48']	48
770	374948	[]		50 p.	['50']	50
771	374949	[]		100 p.	['100']	100
772	374950	[]		100 p. :	['100']	100
773	374952	[]		100 p. ;	['100']	100
774	374953	[1, 2, 1, 1, 1, 1]	2	2 v. ;	['2']	2
775	374956	[1, 1, 1, 1, 1]	1	2 v. ;	['2']	2
776	374957	[]		[1] ℓ., [7]-100 p.	['1', '7', '100']	1
777	374958	[]		[3] l., [11]-100 p. ;	['3', '11', '100']	3
778	374959	[]		1 p. l., [7]-135 p. ;	['1', '7', '135']	1
779	374961	[]		100 p. :	['100']	100
780	374962	[]		[9]-100 p. :	['9', '100']	9
781	374963	[]		100 p. :	['100']	100
782	375219	[]		[2] ℓ., 172 p. ;	['2', '172']	2
783	375220	[]		1 p. l., [9]-186 p.	['1', '9', '186']	1
784	375221	[]		100 p. :	['100']	100
785	375224	[]		300 p. ;	['300']	300
786	375225	[1]	1	2 v. ;	['2']	2
787	375230	[]		191 p. ;	['191']	191
788	375233	[]		
789	375235	[]		100 p. :	['100']	100
790	375432	[1, 1, 2, 2, 3, 3, 4, 3, 1, 1, 2]	4	4 v. ;	['4']	4
791	375490	[]		[4], 298 p. ;	['4', '298']	4
792	375693	[]		[12], xviii, [1], 20-375, [1] p., [1] leaf of plates:	['12', '1', '20', '375', '1', '1']	12
793	375707	[1, 2, 1, 1]	2	2 v. ;	['2']	2
794	375791	[1, 1, 1]	1	2 v. ;	['2']	2
795	375854	[]		249, [1] p. ;	['249', '1']	249
796	375855	[2, 1, 1]	2	252 p. ;	['252']	252
797	375858	[]		iv, [1], 6-338, [2] p. ;	['1', '6', '338', '2']	1
798	375929	[]		146 p. ;	['146']	146
799	376220	[3, 3, 3, 3, 3, 3]	3	193,[1],48,[2]p. ;	['193', '1', '48', '2']	193
800	376226	[]		346 p., [2] leaves of plates ;	['346', '2']	346
801	376344	[2]	2	2 v. ;	['2']	2
802	376394	[]		253 p., 2 leaves ;	['253', '2']	253
803	376395	[1, 2, 1, 1, 1, 1]	2	2 v. ;	['2']	2
804	376396	[1, 2, 1, 1]	2	2 vols. ;	['2']	2
805	376408	[]		346 p., [2] leaves of plates ;	['346', '2']	346
806	376409	[1, 2, 1, 1]	2	2 v. ;	['2']	2
807	376580	[1, 2, 1, 1]	2	2 v. ;	['2']	2
808	376602	[1, 2, 1, 1]	2	2 v. ;	['2']	2
809	376702	[1, 1, 2, 1, 1, 1, 1, 1, 1, 1, 1, 1, 1, 1, 1, 1, 1, 2, 2, 2, 2, 2, 2]	2	2 v. ;	['2']	2
810	376788	[1, 2, 1, 1, 1, 1]	2	2 v. ;	['2']	2
811	377334	[]		71 p. ;	['71']	71
812	377351	[]		48 p. ;	['48']	48
813	377362	[1, 1, 2, 1, 1, 1, 1, 1, 1]	2	[2], vi, 210 p. ;	['2', '210']	2
814	377373	[]		44 p. ;	['44']	44
815	377404	[1, 2, 1, 1]	2	2 vols. ;	['2']	2
816	377553	[]		vii, iv, [13]-244 p. ;	['13', '244']	13
817	377661	[]		32 p. ;	['32']	32
818	377728	[]		viii, 285, [1] p. (last blank) ;	['285', '1']	285
819	377751	[]		167, [1], 6, 9-16 p., [1] leaf of plates :	['167', '1', '6', '9', '16', '1']	167
820	377769	[]		118 p. :	['118']	118
821	377773	[]		155, [8] p. ;	['155', '8']	155
822	377782	[]		32 p. ;	['32']	32
823	377783	[]		162 p. ;	['162']	162
824	377794	[]		156, 26 p., [1] leaf of plates ;	['156', '26', '1']	156
825	377800	[]		141 p. ;	['141']	141
826	377806	[]		x, [1], 12-240 p. ;	['1', '12', '240']	1
827	377812	[]		231, [1] p. (last blank), [1] leaf of plates :	['231', '1', '1']	231
828	377845	[]		244 p. :	['244']	244
829	377849	[]		[4], 298 p. ;	['4', '298']	4
830	377872	[]		vi [i.e., iv], 224 p. ;	['224']	224
831	377906	[1, 2, 3, 3, 1, 1, 3, 3]	3	3 v. ;	['3']	3
832	377909	[1, 2, 1, 1]	2	
833	378217	[]		268 p. ;	['268']	268
834	378273	[]		216 p., [1] leaf of plates ;	['216', '1']	216
835	378280	[]		216 p., [1] leaf of plates ;	['216', '1']	216
836	378310	[]		194 p. ;	['194']	194
837	378334	[]		iv, [1], 6-192, [24] p. ;	['1', '6', '192', '24']	1
838	378344	[]		iv, [1], 6-180 p. ;	['1', '6', '180']	1
839	378355	[]		170 p. ;	['170']	170
840	378359	[]		166, [18] p. ;	['166', '18']	166
841	378367	[]		157 p. ;	['157']	157
842	378745	[1, 2, 1, 1]	2	2 v. ;	['2']	2
843	378748	[]		190 p. ;	['190']	190
844	378758	[]		228 p. ;	['228']	228
845	378774	[]		
846	378819	[]		264 p. ;	['264']	264
847	378851	[]		[5], 14-272 p.	['5', '14', '272']	5
848	378880	[]		155 p. ;	['155']	155
849	378959	[]		4 pts. in 1 v. ;	['4', '1']	4
850	378973	[]		2 v. ;	['2']	2
851	379016	[1, 1, 1, 2, 2, 2, 2, 2]	2	2 v. ;	['2']	2
852	379041	[]		3 v. ;	['3']	3
853	379054	[1, 2]	2	2 v. ;	['2']	2
854	379061	[]		xi, 212 p. incl. front. ;	['212']	212
855	379082	[]		3 v. ;	['3']	3
856	379084	[]		iii, [9]-240 p. ;	['9', '240']	9
857	379124	[1, 2]	2	2 v. ;	['2']	2
858	379125	[1, 2]	2	2 v. ;	['2']	2
859	379150	[1, 2, 1, 1]	2	2 v. ;	['2']	2
860	379157	[2, 1, 1, 1, 1, 1]	2	2 v. ;	['2']	2
861	379183	[1, 2, 1, 1]	2	2 v. ;	['2']	2
862	379185	[]		2 v. ;	['2']	2
863	379195	[1, 1, 1, 1, 1, 1, 1, 1, 1, 1, 1, 1, 1, 1, 1, 1, 1, 2, 2, 2, 2, 2, 2, 2, 2, 2, 2, 2, 2, 2]	2	2 v. ;	['2']	2
864	379297	[]		2 v. ;	['2']	2
865	379615	[1, 1, 2]	2	[4], iv, 268 p. ;	['4', '268']	4
866	379626	[1, 2, 1]	2	2v. ;	['2']	2
867	379651	[]		75, [1] p., [1] leaf of plates :	['75', '1', '1']	75
868	379654	[1, 2]	2	2 v. ;	['2']	2
869	379658	[1, 2, 1]	2	2 v. ;	['2']	2
870	379664	[1, 2, 2]	2	284 p. ;	['284']	284
871	379665	[1, 1, 2, 3, 1, 1]	3	3 v. ;	['3']	3
872	379700	[]		[4], 5-154 p., :	['4', '5', '154']	4
873	379764	[]		[7], 12-100 p. :	['7', '12', '100']	7
874	379820	[]		198, [28] p. (last blank) ;	['198', '28']	198
875	379836	[]		[2], vi, 210 p. ;	['2', '210']	2
876	379838	[]		104, [8] p. ;	['104', '8']	104
877	379858	[]		[3], 8-100 p. ;	['3', '8', '100']	3
878	379884	[]		32 p. :	['32']	32
879	379944	[]		[3], 8-100 p. ;	['3', '8', '100']	3
880	379988	[]		[2], 162, 71 p., 1 leaf, 72 p., 1 leaf, 90, 71 p. ;	['2', '162', '71', '1', '72', '1', '90', '71']	2
881	380015	[]		[5], 10-100 p. :	['5', '10', '100']	5
882	380133	[]		vi, 7-416 p., [17] leaves of plates :	['7', '416', '17']	7
883	380155	[]		78 p. ;	['78']	78
884	380167	[]		[3], 10-186 p. ;	['3', '10', '186']	3
885	380188	[]		[2], [5]-157, 163, [2], iv, [5]-155 p., [1] leaf of plates (frontis.) :	['2', '5', '157', '163', '2', '5', '155', '1']	2
886	380195	[]		xx, 314, [21] p.	['314', '21']	314
887	380228	[]		108 p. ;	['108']	108
888	380231	[]		100 p. ;	['100']	100
889	380237	[]		95, [1] p. :	['95', '1']	95
890	380249	[]		iv, [5]-192 p. ;	['5', '192']	5
891	380526	[]		viii, 489 p. ;	['489']	489
892	380529	[]		[2], 50 p. ;	['2', '50']	2
893	380552	[]		294 p. ;	['294']	294
894	380622	[]		354 p. ;	['354']	354
895	380625	[]		[5], 8-42 p. ;	['5', '8', '42']	5
896	380629	[2, 2, 2]	2	[4], 254, 6 p. ;	['4', '254', '6']	4
897	380652	[]		[2], 61, [1], 22 p., [1] leaf of plates;	['2', '61', '1', '22', '1']	2
898	380672	[]		48 p. ;	['48']	48
899	380676	[]		32 p. ;	['32']	32
900	380729	[]		161 p. ;	['161']	161
901	380752	[]		160 p. ;	['160']	160
902	380846	[]		[4], 172 p. :	['4', '172']	4
903	380847	[1, 1, 2, 2, 1]	2	2 v. ;	['2']	2
904	380966	[1]	1	2 v. ;	['2']	2
905	381001	[1, 1, 2, 2, 1, 1]	2	2 v. ;	['2']	2
906	381052	[1, 2, 1]	2	2 v. ;	['2']	2
907	381054	[2]	2	2 v. ;	['2']	2
908	381689	[1, 2]	2	2 v. ;	['2']	2
909	427580	[3, 3, 3, 3, 3, 3, 3, 3, 3, 3, 3, 3, 3, 3, 3, 3, 3, 3, 3, 3, 3, 3]	3	14 v. ;	['14']	14
910	427644	[2, 2, 2, 2, 2, 2, 2, 2, 2, 2, 2, 2, 2, 2, 2, 2, 2, 2, 2, 2, 2, 2]	2	14 v. ;	['14']	14
911	427785	[4, 4, 4, 4, 4, 4, 4, 4, 4, 4, 4, 4, 4, 4, 4, 4, 4, 4, 4, 4, 4, 4]	4	14 v. ;	['14']	14
912	427894	[5, 5, 5, 5, 5, 5, 5, 5, 5, 5, 5, 5, 5, 5, 5, 5, 5, 5, 5, 4, 5, 5, 5, 5, 5, 5, 5, 5, 5, 5, 5, 5]	5	14 v. ;	['14']	14
913	428009	[6, 6, 6, 6, 6, 6]	6	14 v. ;	['14']	14
914	428027	[7, 7, 7, 7, 7, 7]	7	14 v. ;	['14']	14
915	428064	[8, 8, 8, 8, 8, 8]	8	p.302;	['302']	302
916	428066	[9, 9, 9, 9, 9, 9]	9	p.302;	['302']	302
917	428071	[10, 10, 10, 10, 10, 10]	10	p.296;	['296']	296
918	428076	[11, 11, 11, 11, 11, 11]	11	p.312;	['312']	312
919	428108	[12, 12, 12, 12, 12, 12, 12, 12, 12, 12, 12, 12, 12, 12, 12]	12	p.336;	['336']	336
920	428124	[13, 13, 13, 13, 13, 13, 13, 13, 13, 13, 13, 13, 13, 13, 13, 13, 13, 13, 13]	13	p.297;	['297']	297
921	428147	[14, 14, 14, 14, 14, 14, 14, 14, 14, 14, 14, 14, 14, 14, 14, 14, 14, 14, 14, 14, 14, 14, 14, 14, 14, 14, 14, 14, 14, 14, 14]	14	p.247;	['247']	247
922	428185	[]		[4], 322, [2] p., [7] leaves of plates :	['4', '322', '2', '7']	4
923	440184	[]		[i] - v; [7] - 219; 	['7', '219']	7
924	440185	[]		[i] - v; [7] - 219	['7', '219']	7
925	440186	[]		i-vii, [1]-267.	['1', '267']	1
926	440187	[]		i-vii, [1]-267.	['1', '267']	1
927	440188	[]		[1]-259	['1', '259']	1
928	440189	[]		[i]-v, 7-238	['7', '238']	7
929	440190	[]		[i]-v, 7-238	['7', '238']	7
930	440191	[]		[i]-v, 7-238	['7', '238']	7
931	440192	[1, 2, 1]	2	1 - 293; v.1	['1', '293', '1']	1
932	440193	[1, 2, 1, 1, 2, 1, 2, 1, 2]	2	[1] - 292; v.1 	['1', '292', '1']	1
933	440194	[]		[i]-xxiv, [1]-190	['1', '190']	1
934	440195	[]		[i]-xix, [1]-328	['1', '328']	1
935	440196	[]		21 cm. 	['21']	21
936	440197	[]		[i]-xxxii, 33-240,[i]-xxvii,[1]-14	['33', '240', '1', '14']	33
937	440198	[1, 2, 2, 1, 2, 2, 2]	2	[1]-243; v.1	['1', '243', '1']	1
938	440199	[]		[i]-viii, [1]-300	['1', '300']	1
939	440200	[1, 2, 1, 1, 2]	2	[i] - iv, [1] - 244; v.1	['1', '244', '1']	1
940	440201	[]		[1]-267	['1', '267']	1
941	440202	[]		[i]-xvi, [1]-240	['1', '240']	1
942	440203	[]		[1]-296	['1', '296']	1
943	440204	[]		[i] - viii; [1] - 296; 	['1', '296']	1
944	440205	[]		[i] - viii; [1] - 296; 	['1', '296']	1
945	440206	[]		[i] - viii; [1] - 296; 	['1', '296']	1
946	440207	[1, 2, 1, 1, 1, 2, 1, 1, 2, 1, 2, 2, 2]	2	[i] - xii, [1] - 264; v.1	['1', '264', '1']	1
947	440208	[]		[i]-v, [1]-257.	['1', '257']	1
948	440209	[1, 2, 1, 2, 1, 1, 2]	2	[i]-x, [1]-296, [1]-288	['1', '296', '1', '288']	1
949	440210	[1, 2]	2	[1]-224, [1]-232	['1', '224', '1', '232']	1
950	440211	[]		[i]-viii, [1]-364	['1', '364']	1
951	440212	[]		[i]-xxii, 1-198	['1', '198']	1
952	440213	[]		[i]-xxii, 1-198	['1', '198']	1
953	440214	[]		[i]-xxii, 1-198	['1', '198']	1
954	440215	[1, 1, 2, 2, 3, 3, 1, 2, 3, 1, 2, 3]	3	[i]-iv, [1]-288; v.1	['1', '288', '1']	1
955	440216	[1, 1, 2, 2, 3, 3, 1, 2, 3, 1, 2, 3]	3	[i]-iv, [1]-288; v.1	['1', '288', '1']	1
956	440217	[1, 2, 3, 1, 2, 3, 1, 2, 3, 2, 3]	3	[i]-viii, 1-256; [i]-viii, [1]-252; [i]-vii, [1]-263	['1', '256', '1', '252', '1', '263']	1
957	440218	[]		[i]-ix,1-511	['1', '511']	1
958	440219	[2, 2, 1, 2]	2	[1] - 304; v.1	['1', '304', '1']	1
959	440220	[]		[i]-vi, [1]-263	['1', '263']	1
960	440221	[]		[1]-225	['1', '225']	1
961	440222	[1, 2, 1, 2, 1, 1, 2]	2	[i]-xxiv, [1]-224	['1', '224']	1
962	440223	[1, 2, 3, 1, 1, 2, 3]	3	[i]-xii, [1]-297; v.1	['1', '297', '1']	1
963	440224	[1, 2, 3, 1, 1, 2, 3]	3	[i]-xii, [1]-297; v.1	['1', '297', '1']	1
964	440225	[]		1-376	['1', '376']	1
965	440226	[1, 2, 1, 2, 1, 2]	2	1-256; v.1	['1', '256', '1']	1
966	440227	[1, 2, 3, 4, 1, 1, 4, 1, 2, 3, 4]	4	[1] - 274; v.1	['1', '274', '1']	1
967	440228	[1, 2, 3, 4, 1, 1, 4, 1, 2, 3, 4]	4	[1]-274; v.1	['1', '274', '1']	1
968	440230	[]		[i]-viii, [9]-240	['9', '240']	9
969	440231	[2]	2	[1]-308.	['1', '308']	1
970	440232	[1, 1, 2, 2, 1, 2, 1, 1]	2	[i]-xiv, [1]-312; v.1	['1', '312', '1']	1
971	440233	[1, 1, 2, 1, 1, 2, 2]	2	[1] - 301; v.1	['1', '301', '1']	1
972	440234	[]		[1]-288	['1', '288']	1
973	440235	[1, 2, 1, 1, 1, 1, 2, 2]	2	[i]-lii, [1]-200; v.1	['1', '200', '1']	1
974	440236	[]		[i]-vi, [13]-264	['13', '264']	13
975	440237	[]		[viii]-xii, [1]-243	['1', '243']	1
976	440238	[]		[i] - ix; [1] - 289	['1', '289']	1
977	440239	[]		[i]-xii, [1]- 322	['1', '322']	1
978	440240	[]		[i]-99	['99']	99
979	440241	[]		[3] - 29	['3', '29']	3
980	440242	[1, 2, 1, 2, 1, 2]	2	[i]-xi, [1]-264	['1', '264']	1
981	440243	[]		[1]-208	['1', '208']	1
982	440244	[]		[i]-xii, [13]-248.	['13', '248']	13
983	440245	[1, 2, 1, 2, 1, 2]	2	[i]-vii,[1]-304; [i]-vii, [1]-301	['1', '304', '1', '301']	1
984	440246	[]		[1]-36	['1', '36']	1
985	440247	[]		[1]-164	['1', '164']	1
986	440250	[]		1-208	['1', '208']	1
987	440251	[]		[i]-vii,1-208	['1', '208']	1
988	440252	[1, 2, 1, 2, 1, 2]	2	[1] - 269, iii - viii; v.1 	['1', '269', '1']	1
989	440253	[]		[i]-xxvii, [1]-367	['1', '367']	1
990	440254	[1, 2, 3, 1, 1, 1, 2, 3, 1, 2, 3, 1]	3	[i] - xxxv, [1] - 273; v.1	['1', '273', '1']	1
991	440255	[]		[i]-xii, 1-316	['1', '316']	1
992	440256	[]		1-259	['1', '259']	1
993	440257	[]		[1]-251	['1', '251']	1
994	440258	[]		[1]-203	['1', '203']	1
995	440259	[]		[1]- 212	['1', '212']	1
996	440260	[1, 2, 1, 2]	2	[1]-295; v.1	['1', '295', '1']	1
997	440261	[1, 2, 1, 1, 1, 2, 1, 2]	2	[i]-xii, [1]-226; v.1	['1', '226', '1']	1
998	440263	[1, 2, 1, 1, 1, 2, 1, 2]	2	i - xvi; [1] - 264; v.1	['1', '264', '1']	1
999	440265	[1, 2, 1, 1, 1, 2, 1, 2]	2	i-xvi, [1]-264; [1]-306	['1', '264', '1', '306']	1
1000	440266	[]		[i]-x,[11]-277	['11', '277']	11
1001	440267	[]		[i] - x, [11] - 277; 	['11', '277']	11
1002	440268	[1, 2, 1, 1, 2, 1, 2]	2	[i]-vi, 1-188; v.1	['1', '188', '1']	1
1003	440269	[1, 2]	2	1-224; v.1	['1', '224', '1']	1
1004	440270	[1, 1, 1, 1, 2, 2, 2, 2, 3, 3, 3, 4, 4, 4, 1, 1]	4	[i]-viii, [i]-xliii, [1]-216, v.1; [1]-242, v.2;�[1]-254, v.3; v.iii; [1]-262, [i]-v, v.4	['1', '216', '1', '1', '242', '2', '1', '254', '3', '1', '262', '4']	1
1005	440271	[]		[i]-viii, [1]-4, [1]-286	['1', '4', '1', '286']	1
1006	440272	[]		[i]-viii, [1]-4, [1]-286	['1', '4', '1', '286']	1
1007	440273	[]		[1]-296	['1', '296']	1
1008	440275	[]		407-430	['407', '430']	407
1009	440276	[]		456-464	['456', '464']	456
1010	440277	[]		[1]-18	['1', '18']	1
1011	440278	[]		[63]-97	['63', '97']	63
1012	440279	[]		141-198	['141', '198']	141
1013	440280	[]		53-140	['53', '140']	53
1014	440281	[]		247-336	['247', '336']	247
1015	440282	[]		357-406	['357', '406']	357
1016	440283	[]		431-455	['431', '455']	431
1017	440284	[]		[19]-61	['19', '61']	19
1018	440285	[]		[34]-87	['34', '87']	34
1019	440286	[]		[1]-33	['1', '33']	1
1020	440287	[]		i-ix, 1-98, 1-20	['1', '98', '1', '20']	1
1021	440288	[]		199-246	['199', '246']	199
1022	440289	[]		337-356	['337', '356']	337
1023	440290	[]		[i]-vii, [1]-166	['1', '166']	1
1024	440291	[]		[i]-vii, 1-220. 	['1', '220']	1
1025	440293	[1, 2]	2	[i]-vii, [9]-[191]	['9', '191']	9
1026	440294	[]		[i]-viii, [1]-285	['1', '285']	1
1027	440295	[1, 2, 4, 1, 1, 2, 3, 4]	4	[i]-[ii], [1]-324; v.1	['1', '324', '1']	1
1028	440296	[]		[i]-viii, [1]-167	['1', '167']	1
1029	440297	[]		[i]-iv; [5]-244	['5', '244']	5
1030	440298	[1, 2, 3, 4, 1, 1, 2, 3, 4, 1, 2, 3, 4]	4	[i]-x, [1]-298	['1', '298']	1
1031	440299	[]		[i] - viii, 1 - 207	['1', '207']	1
1032	440300	[1, 2, 1, 1, 2, 1, 2, 1, 2, 1, 2]	2	[i] - xxiv, 1 - 250; v.1	['1', '250', '1']	1
1033	440301	[1, 2, 1, 1, 2]	2	[i]-vii, [1]-262, v.1; 1-315, v.2	['1', '262', '1', '1', '315', '2']	1
1034	440302	[1, 2, 1, 1, 2]	2	[i] - viii. 1 - 262; v.1	['1', '262', '1']	1
1035	440303	[3, 4, 4, 4, 3, 3, 4, 4]	4	[i]-xiv, 25-203; v.3	['25', '203', '3']	25
1036	440304	[]		[i]-viii, [1]-240	['1', '240']	1
1037	440305	[]		[i]-iv, [5]-198	['5', '198']	5
1038	440306	[]		[i] - vi, [1] - 301	['1', '301']	1
1039	440307	[]		[1]-472	['1', '472']	1
1040	440308	[1, 2, 3, 1, 1, 2, 3]	3	[i]-x,[1]-285; v. 1	['1', '285', '1']	1
1041	440309	[1, 2, 2, 2, 2, 2, 2, 2, 2, 1, 2, 1, 1, 1, 2, 2, 2]	2	[i]-viii, 1-464, v.1; i-ix, 1-98, 1-20, 1-146, [1]-61, [1]-97, [1]-87, v.2	['1', '464', '1', '1', '98', '1', '20', '1', '146', '1', '61', '1', '97', '1', '87', '2']	1
1042	440310	[]		[i] - vii, 1-327	['1', '327']	1
1043	440311	[]		[i]-v, 1-540	['1', '540']	1
1044	440312	[1, 2, 1, 2]	2	[1]-295, v.1; [1]-299, v.2	['1', '295', '1', '1', '299', '2']	1
1045	440313	[1, 1, 2, 3, 1, 2, 3]	3	[i]-iv, [1]-288, v.1; [i]-iv, [1]-269, v.2; [i]-iv, [1]-311, v.3	['1', '288', '1', '1', '269', '2', '1', '311', '3']	1
1046	440315	[]		[1]-vi, [7]-283	['1', '7', '283']	1
1047	440316	[]		[i]-viii, [1]-224	['1', '224']	1
1048	440317	[1, 2, 1, 1, 1, 1, 2]	2	[i]-vii, [1]- 280; v.1 [1]- 247; v.2	['1', '280', '1', '1', '247', '2']	1
1049	440319	[]		[i]-xii, 1-216	['1', '216']	1
1050	440320	[]		[i]-vii, [13]-218	['13', '218']	13
1051	440321	[]		[i]-ii, [3]-286	['3', '286']	3
1052	440325	[]		[i] - iv, [1] - 284	['1', '284']	1
1053	440326	[1, 2, 1, 2]	2	[1] - 329, 430-435; v.1	['1', '329', '430', '435', '1']	1
1054	440327	[]		1-386	['1', '386']	1
1055	440328	[1, 2, 1, 2]	2	[1]-316, v.1 ; [1]-315, v. 2	['1', '316', '1', '1', '315', '2']	1
1056	440329	[]		i-xii, 1-321	['1', '321']	1
1057	440330	[]		[i]-viii, [1]-300	['1', '300']	1
1058	440331	[]		1-267	['1', '267']	1
1059	440332	[]		11-186, [cxxxvii]-cxl, 141-252	['11', '186', '141', '252']	11
1060	440333	[1, 2, 3, 4, 1, 1, 1, 1, 2, 2, 3, 3, 3, 4, 4, 4]	4	[1]-352, v.1; [1]-301, v.2; [1]-321, v.3; [1]-282, v.4	['1', '352', '1', '1', '301', '2', '1', '321', '3', '1', '282', '4']	1
1061	440334	[1, 2, 3, 4, 1, 2, 3, 4, 1, 1, 2, 2, 3, 3, 3, 4, 4, 4]	4	[1]-356, v.1; [1]-408, v.2; [1]-312, v.3; [1]-363, v.4	['1', '356', '1', '1', '408', '2', '1', '312', '3', '1', '363', '4']	1
1062	440335	[]		[i]-xiii, [1]-199	['1', '199']	1
1063	440336	[]		[i]-viii, [1]-155	['1', '155']	1
1064	440337	[]		407-430	['407', '430']	407
1065	440338	[]		456-464	['456', '464']	456
1066	440339	[]		[1]-18	['1', '18']	1
1067	440340	[]		[63]-97	['63', '97']	63
1068	440341	[]		141-198	['141', '198']	141
1069	440342	[]		53-140	['53', '140']	53
1070	440343	[]		247-336	['247', '336']	247
1071	440344	[]		357-406	['357', '406']	357
1072	440345	[]		431-455	['431', '455']	431
1073	440346	[]		[19]-61	['19', '61']	19
1074	440347	[]		[34]-87	['34', '87']	34
1075	440350	[]		[1]-33	['1', '33']	1
1076	440351	[]		i-ix, 1-98, 1-20	['1', '98', '1', '20']	1
1077	440352	[]		199-246	['199', '246']	199
1078	440353	[]		337-356	['337', '356']	337
1079	440354	[]		[i]-vii, [1]-166	['1', '166']	1
1080	440355	[]		[i]-vii, 1-220. 	['1', '220']	1
1081	440356	[1, 2]	2	[i]-vii, [9]-[191]	['9', '191']	9
1082	440357	[]		[i]-viii, [1]-285	['1', '285']	1
1083	440358	[1, 2, 4, 1, 1, 2, 3, 4]	4	[i]-[ii], [1]-324; v.1	['1', '324', '1']	1
1084	440360	[]		[i]-viii, [1]-167	['1', '167']	1
1085	440361	[]		[i]-iv; [5]-244	['5', '244']	5
1086	440362	[1, 2, 3, 4, 1, 1, 2, 3, 4, 1, 2, 3, 4]	4	[i]-x, [1]-298	['1', '298']	1
1087	440363	[]		[i] - viii, 1 - 207	['1', '207']	1
1088	440364	[1, 2, 1, 1, 2, 1, 2, 1, 2, 1, 2]	2	[i] - xxiv, 1 - 250; v.1	['1', '250', '1']	1
1089	440365	[1, 2, 1, 1, 2]	2	[i]-vii, [1]-262, v.1; 1-315, v.2	['1', '262', '1', '1', '315', '2']	1
1090	440366	[1, 2, 1, 1, 2]	2	[i] - viii. 1 - 262; v.1	['1', '262', '1']	1
1091	440367	[3, 4, 4, 4, 3, 3, 4, 4]	4	[i]-xiv, 25-203; v.3	['25', '203', '3']	25
1092	440368	[]		[i]-viii, [1]-240	['1', '240']	1
1093	440369	[]		[i]-iv, [5]-198	['5', '198']	5
1094	440370	[]		[i] - vi, [1] - 301	['1', '301']	1
1095	440371	[]		[1]-472	['1', '472']	1
1096	440372	[1, 2, 3, 1, 1, 2, 3]	3	[i]-x,[1]-285; v. 1	['1', '285', '1']	1
1097	440373	[1, 2, 2, 2, 2, 2, 2, 2, 2, 1, 2, 1, 1, 1, 2, 2, 2]	2	[i]-viii, 1-464, v.1; i-ix, 1-98, 1-20, 1-146, [1]-61, [1]-97, [1]-87, v.2	['1', '464', '1', '1', '98', '1', '20', '1', '146', '1', '61', '1', '97', '1', '87', '2']	1
1098	440374	[]		[i] - vii, 1-327	['1', '327']	1
1099	440375	[]		[i]-v, 1-540	['1', '540']	1
1100	440376	[1, 2, 1, 2]	2	[1]-295, v.1; [1]-299, v.2	['1', '295', '1', '1', '299', '2']	1
1101	440377	[1, 1, 2, 3, 1, 2, 3]	3	[i]-iv, [1]-288, v.1; [i]-iv, [1]-269, v.2; [i]-iv, [1]-311, v.3	['1', '288', '1', '1', '269', '2', '1', '311', '3']	1
1102	440378	[]		[1]-vi, [7]-283	['1', '7', '283']	1
1103	440379	[]		[i]-viii, [1]-224	['1', '224']	1
1104	440380	[1, 2, 1, 1, 1, 1, 2]	2	[i]-vii, [1]- 280; v.1 [1]- 247; v.2	['1', '280', '1', '1', '247', '2']	1
1105	440381	[]		[i]-xii, 1-216	['1', '216']	1
1106	440385	[]		[i]-vii, [13]-218	['13', '218']	13
1107	440386	[]		[i]-ii, [3]-286	['3', '286']	3
1108	440387	[]		[i] - iv, [1] - 284	['1', '284']	1
1109	440388	[1, 2, 1, 2]	2	[1] - 329, 430-435; v.1	['1', '329', '430', '435', '1']	1
1110	440389	[]		1-386	['1', '386']	1
1111	440390	[1, 2, 1, 2]	2	[1]-316, v.1 ; [1]-315, v. 2	['1', '316', '1', '1', '315', '2']	1
1112	440391	[]		i-xii, 1-321	['1', '321']	1
1113	440392	[]		[i]-viii, [1]-300	['1', '300']	1
1114	440393	[]		1-267	['1', '267']	1
1115	440382	[]		11-186, [cxxxvii]-cxl, 141-252	['11', '186', '141', '252']	11
1116	440394	[1, 2, 3, 4, 1, 1, 1, 1, 2, 2, 3, 3, 3, 4, 4, 4]	4	[1]-352, v.1; [1]-301, v.2; [1]-321, v.3; [1]-282, v.4	['1', '352', '1', '1', '301', '2', '1', '321', '3', '1', '282', '4']	1
1117	440395	[1, 2, 3, 4, 1, 2, 3, 4, 1, 1, 2, 2, 3, 3, 3, 4, 4, 4]	4	[1]-356, v.1; [1]-408, v.2; [1]-312, v.3; [1]-363, v.4	['1', '356', '1', '1', '408', '2', '1', '312', '3', '1', '363', '4']	1
1118	440396	[]		[i]-xiii, [1]-199	['1', '199']	1
1119	440397	[]		[i]-viii, [1]-155	['1', '155']	1
1120	440399	[]		[i]-xv, [1]-149	['1', '149']	1
1121	440400	[]		[1]-271	['1', '271']	1
1122	440401	[]		[i]-xix,[1]-291	['1', '291']	1
1123	440402	[]		[i]-viii, [1]-302	['1', '302']	1
1124	440404	[]		[1]-124	['1', '124']	1
1125	440405	[]		[i]-x, 1-154	['1', '154']	1
1126	440406	[1, 2, 3, 1, 2, 3, 3]	3	[1]-346, v.1 	['1', '346', '1']	1
1127	440407	[1, 2, 1, 1, 1, 2, 2]	2	[i] - viii; [1] - 265; v.1 	['1', '265', '1']	1
1128	440408	[1, 2, 1, 1, 1, 2, 2]	2	[i] - viii; [1] - 265; v.1 [i] - viii; [1] - 303; v.2 	['1', '265', '1', '1', '303', '2']	1
1129	440409	[1, 2, 3, 1, 2, 3, 3]	3	[1]-323, v.1; [1]-431, v.2; [1]-369, v.3	['1', '323', '1', '1', '431', '2', '1', '369', '3']	1
1130	440410	[1, 1, 2, 2, 1, 1, 2, 1, 1, 1, 2]	2	[i]-xxi,  [1]-429, v. 1	['1', '429', '1']	1
1131	440411	[]		[i]-xxxii, [1]-245	['1', '245']	1
1132	440412	[]		[1]-70	['1', '70']	1
1133	440413	[1, 2, 1, 1, 2]	2	[i]-vi, [1]-271, v.1; [1]-322, v.2 	['1', '271', '1', '1', '322', '2']	1
1134	440414	[1, 2, 1, 1, 1, 2]	2	[iii]-vi, [1]-271; v.1 	['1', '271', '1']	1
1135	440415	[]		i-xiv, [1]-174	['1', '174']	1
1136	440416	[]		[i]-x, [11]-240	['11', '240']	11
1137	440417	[]		[i]-xii, [1]-286	['1', '286']	1
1138	440418	[1, 1, 2]	2	[i]-viii, [1]-159; v.1	['1', '159', '1']	1
1139	440419	[]		[1]-214	['1', '214']	1
1140	440420	[]		[1]-269	['1', '269']	1
1141	440421	[]		[1]-214 : 	['1', '214']	1
1142	440422	[]		[1]-284	['1', '284']	1
1143	440423	[1, 2, 3, 4, 1, 2, 3, 4, 1, 1, 1, 2, 3, 4]	4	[i]-xxxv, [36]-286, v.1; [i]-xi, [12]-282; [i]-xi, [12]-303, v.3; [i]-xii, [13]-255, v.4	['36', '286', '1', '12', '282', '12', '303', '3', '13', '255', '4']	36
1144	440424	[]		[1]-34 (last page torn out) : 	['1', '34']	1
1145	440425	[]		[i]-xii, [1]-299	['1', '299']	1
1146	440426	[]		[i]-[vii], [9]- 58. 	['9', '58']	9
1147	440427	[]		[1]-147	['1', '147']	1
1148	1170822	[]		[2], 272 p. ;	['2', '272']	2
1149	147525-1	[1, 2, 3, 4, 5, 1, 1]	5	5 v. ;	['5']	5
1150	147525-2	[1, 2, 3, 4, 5, 1, 1]	5	5 v. ;	['5']	5
1151	150692	[1, 1, 2, 2]	2	2 v. ;	['2']	2
1152	1523438	[]		[8], 256, 97, [13], 63 p. ;	['8', '256', '97', '13', '63']	8
1153	1532730	[]		359, 158 [2], 64 p., 2 plates :	['359', '158', '2', '64', '2']	359
1154	155079-1	[]		[2], 264 (i.e. 262), [2] p., [1] leaf of plates :	['2', '264', '262', '2', '1']	2
1155	155079-2	[]		[2], 264 (i.e. 262), [2] p., [1] leaf of plates :	['2', '264', '262', '2', '1']	2
1156	155707	[1, 2, 1, 1, 1, 2, 2, 2, 2, 2, 1, 1]	2	2 v. ;	['2']	2
1157	156893	[1, 1, 2, 2]	2	2 v. ;	['2']	2
1158	157119	[1, 1, 2, 2]	2	2v. ;	['2']	2
1159	1623886	[]		xii, [13]-227, [1] p. ;	['13', '227', '1']	13
1160	179309	[]		xii, 13-329, [1] p. (the last page blank) ;	['13', '329', '1']	13
1161	179521-1	[1, 2, 2, 1, 1]	2	2 v. ;	['2']	2
1162	179521-2	[1, 1]	1	2 v. ;	['2']	2
1163	1797874	[1, 2, 3, 1, 1]	3	3 v. ;	['3']	3
1164	1798963	[1, 2]	2	2 v. ;	['2']	2
1165	1799320	[1, 2, 3, 1, 2, 3, 3, 3]	3	2 v. in 3 ;	['2', '3']	2
1166	1799322	[1, 2, 1, 1]	2	2 v. in 1 (235 p.) ;	['2', '1', '235']	2
1167	1799792	[]		[8], 120 p. ;	['8', '120']	8
1168	1801901	[1, 2, 1, 1]	2	2 v. :	['2']	2
1169	1802107	[]		vii, 168 p. [8];	['168', '8']	168
1170	1802363	[]		[2], 66 p. ;	['2', '66']	2
1171	1807023	[]		[12], 201, [3] p. ;	['12', '201', '3']	12
1172	1807217	[]		[4], 166 p. ;	['4', '166']	4
1173	1808066	[]		[6], 348 p.	['6', '348']	6
1174	1808700	[]		[30], 264 p. :	['30', '264']	30
1175	1813449	[]		[2], 128 p. ;	['2', '128']	2
1176	1813680-1	[1, 2, 2, 3, 3, 1, 1]	3	3 v. ;	['3']	3
1177	1813680-2	[]		3 v. ;	['3']	3
1178	1815738	[]		iv, 235 p. ;	['235']	235
1179	1816853	[]		2 v.	['2']	2
1180	1818524	[]		[16], 1-96, 85-260 p. ;	['16', '1', '96', '85', '260']	16
1181	1818538	[]		[8], 279, [1] p. ;	['8', '279', '1']	8
1182	1819612	[]		[4], 439, [5] p.:	['4', '439', '5']	4
1183	189377	[1, 2, 1, 1]	2	2 v. ;	['2']	2
1184	191125	[]		iii-xii, 320, [8] p.	['320', '8']	320
1185	191356	[]		252 p. ;	['252']	252
1186	191423-1	[1, 2, 1, 1]	2	2 v. ;	['2']	2
1187	191423-2	[1, 2, 1, 1]	2	2 v. ;	['2']	2
1188	191504-2	[]		[4], 188 p. ;	['4', '188']	4
1189	191504	[]		[4], 188 p. ;	['4', '188']	4
1190	191505-1	[]		[4], 188 p.	['4', '188']	4
1191	191505-2	[]		[4], 188 p.	['4', '188']	4
1192	192859	[1, 1, 2, 2, 1, 1]	2	2 v. ;	['2']	2
1193	192863	[1, 1, 2, 2, 1, 1]	2	2 v. ;	['2']	2
1194	193273	[]		xii, 166, [2] p. (the last leaf blank) ;	['166', '2']	166
1195	193280	[1, 2, 1, 1]	2	2 v. ;	['2']	2
1196	193355	[1, 2, 3, 4]	4	4 v. ;	['4']	4
1197	193386	[1, 2, 1, 2, 1, 1]	2	2 v. ;	['2']	2
1198	193485-1	[]		xiii, [3], 44, [4] p. (the last leaf blank) ;	['3', '44', '4']	3
1199	193485-2	[]		xiii, [3], 44, [4] p. (the last leaf blank) ;	['3', '44', '4']	3
1200	193485_3	[]		xiii, [3], 44, [4] p. (the last leaf blank) ;	['3', '44', '4']	3
1201	193494	[1, 2, 1, 1]	2	2 v. ;	['2']	2
1202	193580-1	[1, 2, 3, 4, 1, 1]	4	4 v. ;	['4']	4
1203	194294	[]		xviii, [19]-230, [10] p. ;	['19', '230', '10']	19
1204	194528	[1, 1, 2, 2]	2	2 v. ;	['2']	2
1205	194769	[1, 2, 1, 1]	2	2 v. ;	['2']	2
1206	194812	[1, 2, 2, 1, 1]	2	2 v. :	['2']	2
1207	194813	[1, 2, 2, 1, 1]	2	2 v. :	['2']	2
1208	195787	[1, 2, 1, 1]	2	[12], 228 p. ;	['12', '228']	12
1209	196104	[]		xii, 245, [1] p. (the last page blank) ;	['245', '1']	245
1210	196219-1	[1, 1, 2, 2, 3, 3, 4, 4, 1, 1]	4	4 v. ;	['4']	4
1211	196219-2	[1, 1, 2, 2, 3, 3, 4, 4, 1, 1]	4	4 v. ;	['4']	4
1212	196549	[]		[5], 4-274, [2] p. (the last leaf blank) ;	['5', '4', '274', '2']	5
1213	196603-2	[1, 2, 1, 1]	2	2 v. ;	['2']	2
1214	196603	[1, 2, 1, 1]	2	2 v. ;	['2']	2
1215	196688	[1, 2, 3, 1, 2, 3, 1, 1]	3	3 v. ;	['3']	3
1216	196689	[1]	1	4 v. ;	['4']	4
1217	196691	[1, 2, 3, 4, 3, 4, 1, 1]	4	6 v. ;	['6']	6
1218	1967107	[1, 1, 2, 1, 1]	2	2 v. ;	['2']	2
1219	196864	[1, 2, 1, 1]	2	2 v. ;	['2']	2
1220	196868	[1, 2, 1, 1]	2	2 v. ;	['2']	2
1221	196998	[]		[4], 169, [1] p. (the last page blank) ;	['4', '169', '1']	4
1222	197021	[1, 1, 2, 1, 1]	2	2 v. ;	['2']	2
1223	197053	[]		[4], 240 p. ;	['4', '240']	4
1224	197114	[]		252 p. ;	['252']	252
1225	197294-1	[1, 2, 1, 1]	2	2 v. ;	['2']	2
1226	197294-2	[1, 2, 2, 1]	2	2 v. ;	['2']	2
1227	197297-1	[]		xii, 263, [1] p. (last page blank), [2] leaves of plates :	['263', '1', '2']	263
1228	197400	[]		vi, [1], xii-xv, [1], 227, [1] p., [2] leaves of plates :	['1', '1', '227', '1', '2']	1
1229	197402	[1, 2]	2	2 v. ;	['2']	2
1230	197903	[]		xxii, [2], 152 p., [1] leaf of plates :	['2', '152', '1']	2
1231	197904	[1, 1, 2, 2, 1, 1]	2	2 v. :	['2']	2
1232	198171	[]		xii, 237, [3] p. (the last 3 pages blank) ;	['237', '3', '3']	237
1233	198261	[1, 2, 1, 2, 1, 1]	2	2 v. ;	['2']	2
1234	1986497	[1, 2, 1, 1]	2	2 v. ;	['2']	2
1235	198706	[]		301, [3] p. ;	['301', '3']	301
1236	198707	[1, 2, 2, 1, 1, 2, 2]	2	2 v. ;	['2']	2
1237	198847	[1, 1, 2, 2, 3, 3, 4, 4, 1, 1, 3, 3]	4	4 v. ;	['4']	4
1238	198860	[]		xii, 240 p., [1] leaf of plates :	['240', '1']	240
1239	198912	[1, 2, 1, 2]	2	2 v. ;	['2']	2
1240	198938	[1, 1, 1]	1	2 v. ;	['2']	2
1241	198941	[1, 1, 2, 1, 1]	2	2 v. ;	['2']	2
1242	198960	[]		[2], vi, [1], 10-119, [1] p. (the last page blank), [1] leaf of plates :	['2', '1', '10', '119', '1', '1']	2
1243	199030	[1, 2, 1, 1]	2	2 v. ;	['2']	2
1244	199111	[1, 1, 2, 2, 1, 1]	2	[4], 272 p. ;	['4', '272']	4
1245	199214-1	[]		[2], 262 p., [1] leaf of plates :	['2', '262', '1']	2
1246	199451	[]		vi, [2], 206, [2] p. (the last leaf blank) ;	['2', '206', '2']	2
1247	199564	[1, 1, 2, 2, 1, 1]	2	2 v. ;	['2']	2
1248	199576-2	[1, 2, 2, 1, 1]	2	[4], 303, [5] p. ;	['4', '303', '5']	4
1249	199580	[1, 2, 1, 1]	2	2 v. ;	['2']	2
1250	200185	[1, 2]	2	2 v. ;	['2']	2
1251	207938	[]		[8], vii, [2], 10-252, [4] p. ;	['8', '2', '10', '252', '4']	8
1252	218047	[1, 1, 1]	1	4 v. ;	['4']	4
1253	247080	[]		[2], xi, [2], 8-204 p., [3] leaves of plates :	['2', '2', '8', '204', '3']	2
1254	247652	[]		iv, [4], 259, [1] p., [1] leaf of plates :	['4', '259', '1', '1']	4
1255	253193	[]		xvi, 197, [3] p.	['197', '3']	197
1256	2591056	[]		[6], 110, [10] p., [1] leaf of plates :	['6', '110', '10', '1']	6
1257	263842_1	[1, 2]	2	2 v. :	['2']	2
1258	265180	[1, 2]	2	2 v. :	['2']	2
1259	267389	[]		[8], 224 p. ;	['8', '224']	8
1260	268576	[]		2 v. ;	['2']	2
1261	272993	[]		[12], 355, [1] p., [7] leaves of plates :	['12', '355', '1', '7']	12
1262	301938	[]		[12], 172, 142 p., [1] leaf of plates :	['12', '172', '142', '1']	12
1263	3033334	[1, 2, 3]	3	3 v. ;	['3']	3
1264	3057101	[]		47, [1] p. ;	['47', '1']	47
1265	3057297	[]		24 p. ;	['24']	24
1266	3063545	[]		[2], 219, [5] p. :	['2', '219', '5']	2
1267	3067950	[]		16 p. ;	['16']	16
1268	3084387	[]		xvii, [1], 190 p., [8] leaves of plates :	['1', '190', '8']	1
1269	3084453	[]		lxix, [1], 286 p., [8] leaves of plates :	['1', '286', '8']	1
1270	3133906	[1, 2]	2	2 v. ;	['2']	2
1271	3133961	[1, 2]	2	2 v. :	['2']	2
1272	336244	[1, 2, 1, 1]	2	2 v. ;	['2']	2
1273	3387037	[1, 2, 3, 4]	4	4 v. ;	['4']	4
1274	3449865	[1, 2]	2	2 v.	['2']	2
1275	3451937	[1, 2, 1, 1]	2	2 v. :	['2']	2
1276	3452831-1	[2, 3, 4]	4	4 v. ;	['4']	4
1277	3452831-2	[1, 2, 3, 4]	4	
1278	3477271	[]		[2], ii, 116 p. :	['2', '116']	2
1279	3483391	[]		[2], 158 p., [6] leaves of plates :	['2', '158', '6']	2
1280	3488547	[]		[10], 179, [1] p., [1] leaf of plates	['10', '179', '1', '1']	10
1281	3488551	[]		[6], iv, 119, [3], 30, [6] p. :	['6', '119', '3', '30', '6']	6
1282	353932	[]		xxviii, 316 p.	['316']	316
1283	3765250	[1, 2, 3, 4, 5, 6, 7, 8, 1, 1]	8	8 v. :	['8']	8
1284	3765321	[]		[2], lxvi, 256 p. ;	['2', '256']	2
1285	3767199	[1, 1, 2, 2, 3, 4]	4	4 v. :	['4']	4
1286	3769203	[]		[24], 470 [i.e. 472] p. ;	['24', '470', '472']	24
1287	3887499	[]		[2], 107, [3] p. ;	['2', '107', '3']	2
1288	4497805	[1, 1, 2, 2, 1, 1]	2	2 v. ;	['2']	2
1289	5464858	[]		24 p. ;	['24']	24
1290	6393920	[]		iv, 226, [2] pages, [1] leaf of plates :	['226', '2', '1']	226
1291	66277	[1, 1, 2, 1, 1]	2	viii, [1], 10-240 p. ;	['1', '10', '240']	1
1292	73133	[]		[4], iii, [1], 144 p., [2] leaves of plates :	['4', '1', '144', '2']	4
1293	88377-1	[1, 2, 2, 1, 1]	2	2 v. :	['2']	2
1294	88377-2	[1, 2, 1, 1]	2	2 v. :	['2']	2
1295	88838	[1, 2, 1, 1]	2	2 v. :	['2']	2
1296	991655	[1, 2, 3, 1, 1]	3	3 v. ;	['3']	3
1297	1005225	[]		2 v. :	['2']	2
1298	1236	[]		[4], 115, [1] p. :	['4', '115', '1']	4
1299	1523425	[1, 2, 3, 4, 5, 6, 7, 8, 1, 2, 3, 4, 5, 6, 7, 8, 1, 2, 3, 4, 5, 6, 7, 8]	8	8 v., plates :	['8']	8
1300	1523447	[]		2 leaves, [8], 104 p. ;	['2', '8', '104']	2
1301	1540890	[]		[72], 508 p., [1] leaf of plates :	['72', '508', '1']	72
1302	1707448	[1, 2, 1, 1]	2	2 v. in 1 ([2], xiii, [27], 228, [10], 232, [8]p.) ;	['2', '1', '2', '27', '228', '10', '232', '8']	2
1303	1775702_1	[1, 2, 3, 4, 1, 2, 3, 4, 1, 1, 1]	4	4 v. :	['4']	4
1304	1791946	[]		[6], vi, xvi, [2], 169, [7] p.	['6', '2', '169', '7']	6
1305	1801660	[]		[8], 56 p. ;	['8', '56']	8
1306	1801799	[]		viii, 46 p. ;	['46']	46
1307	1802362	[1, 2, 2, 1, 1]	2	2 v. (642 p.) ;	['2', '642']	2
1308	1802991	[]		[4], 228 p. ;	['4', '228']	4
1309	1808697	[1, 2]	2	2 v. in 1 ([24], 119, 142 p.) ;	['2', '1', '24', '119', '142']	2
1310	1808698	[1, 2]	2	2 v. :	['2']	2
1311	1817470	[]		vi, 254, [4] p. ;	['254', '4']	254
1312	181766	[2, 2, 2, 2]	2	2 v. :	['2']	2
1313	1818165	[]		[8], 304, 12 p. :	['8', '304', '12']	8
1314	1819599	[]		274 p. ;	['274']	274
1315	191049	[1, 2]	2	2 v. ;	['2']	2
1316	192415	[3, 4, 4, 5, 5, 6, 6, 7, 8, 9, 9]	9	2 v. :	['2']	2
1317	193381	[1, 2, 1, 1]	2	2 v. ;	['2']	2
1318	193580-2	[1, 2, 3, 1, 1]	3	4 v. ;	['4']	4
1319	194937	[]		[8], 327, [1] p. ;	['8', '327', '1']	8
1320	195421	[1, 2]	2	2 v. ;	['2']	2
1321	195428	[1, 1, 2, 2]	2	2 v. ;	['2']	2
1322	196208	[]		2 v. ;	['2']	2
1323	196532	[1, 2, 3, 1, 1]	3	[4], 368 p. ;	['4', '368']	4
1324	196684	[1, 2, 3]	3	3 v. ;	['3']	3
1325	196687	[1, 1, 2, 2, 3, 3, 4, 4, 5, 5, 1, 1]	5	5 v. ;	['5']	5
1326	196600-1	[1, 2, 1, 1]	2	2 v. ;	['2']	2
1327	197280	[1, 1, 2, 1, 1]	2	2 v. ;	['2']	2
1328	198546	[1, 2, 1, 2, 1, 1]	2	2 v. ;	['2']	2
1329	199032	[1, 1, 1]	1	[4], 248 p. ;	['4', '248']	4
1330	199035	[1, 2, 2, 1, 1]	2	2 v. ;	['2']	2
1331	199115	[]		[4], 96 p. ;	['4', '96']	4
1332	199118	[]		[22], liv, 132 p. ;	['22', '132']	22
1333	199214-2	[]		[2], 262 p., [1] leaf of plates :	['2', '262', '1']	2
1334	199454	[]		[4], 168 p. ;	['4', '168']	4
1335	199559	[]		19, [1] p. (the last page blank) ;	['19', '1']	19
1336	200026	[1, 2, 1, 1]	2	2 v. ;	['2']	2
1337	202353	[]		[16], 3-32, 3-40, 3-40, 3-40, 3-40, 3-32, 25-32, 32, 41-78, 91-128, 131-168, 171-208, 211-248 p. ;	['16', '3', '32', '3', '40', '3', '40', '3', '40', '3', '40', '3', '32', '25', '32', '32', '41', '78', '91', '128', '131', '168', '171', '208', '211', '248']	16
1338	231488	[]		xii, 396 p.	['396']	396
1339	2360719	[]		[2], iv, [2], 5-284 p., [8] leaves of plates :	['2', '2', '5', '284', '8']	2
1340	196600-2	[1, 2, 1, 1]	2	2 v. ;	['2']	2
1341	245177	[]		xxii, 302 p. ;	['302']	302
1342	253936	[]		[4], 20 p. ;	['4', '20']	4
1343	261889	[1, 2, 3, 3]	3	3 v. ;	['3']	3
1344	264043	[]		[4], 278, [2] p. ;	['4', '278', '2']	4
1345	267660	[]		xii, 402, [2] p. ;	['402', '2']	402
1346	268589	[]		[16], 347, [5] p. ;	['16', '347', '5']	16
1347	276154	[]		2 v. in 1 ([4], 222 [i.e. 228]; [4], 156 p.) ;	['2', '1', '4', '222', '228', '4', '156']	2
1348	279045	[1, 2]	2	2 v. (advertisements at end of v. 2) ;	['2', '2']	2
1349	280044	[]		[2], 310, [4] p. (last page blank), [1] leaf of plates :	['2', '310', '4', '1']	2
1350	280894	[]		37, [1] p. (last page blank) ;	['37', '1']	37
1351	280895	[]		[2], 37, [1] p. (last page blank) ;	['2', '37', '1']	2
1352	289545	[]		2 p.  ., 382 p.	['2', '382']	2
1353	289719-1	[]		[16], 511, [1] p. :	['16', '511', '1']	16
1354	295350	[2]	2	5 pts. in 2 v. (pts. 1-3: 465 p.; pts. 4-5: p. 351-700) ;	['5', '2', '1', '3', '465', '4', '5', '351', '700']	5
1355	307856	[]		4 p.  ., 168 p.	['4', '168']	4
1356	311033	[]		437 p.	['437']	437
1357	311239	[]		[8], 560 p., [3] leaves of plates :	['8', '560', '3']	8
1358	314755	[]		[4], 282, [2] p. ;	['4', '282', '2']	4
1359	314839	[]		[4], 197(i.e. 199),175,[1],78,[2] p.	['4', '197', '199', '175', '1', '78', '2']	4
1360	3445936	[]		[2], 206 p. ;	['2', '206']	2
1361	3446410	[]		[8], 352 p. ;	['8', '352']	8
1362	3448398	[]		xvi, 213, [13], 196, [2] p., [22] leaves of plates :	['213', '13', '196', '2', '22']	213
1363	3450674	[]		[2], xxv, [1], 165, [3] p. ;	['2', '1', '165', '3']	2
1364	3451010	[1, 2, 1, 1]	2	2 v. ;	['2']	2
1365	3451191	[]		[12], 143, [1] p. ;	['12', '143', '1']	12
1366	3488499	[]		[8],, 205, [1] p., [1] leaf of plates :	['8', '205', '1', '1']	8
1367	3490269	[1, 2, 1, 1, 2, 2]	2	2 v. :	['2']	2
1368	3765209	[1, 2, 3, 4, 5, 1, 1, 3]	5	5 v. :	['5']	5
1369	3765310	[1, 1]	1	5 v. :	['5']	5
1370	3766195	[1, 2]	2	2 v. in 1. ;	['2', '1']	2
1371	3768213	[]		2 v. in 1 ([32], 237, [1] ; [2], 287, [1] p., [1] leaf of plates) :	['2', '1', '32', '237', '1', '2', '287', '1', '1']	2
1372	3768559	[]		xiv, 414 p., [3] leaves of plates :	['414', '3']	414
1373	3859265	[]		2 v. ;	['2']	2
1374	3866527-1	[]		[2], vi, ix-xxii, [2], 487, [1] p. ;	['2', '2', '487', '1']	2
1375	3866527-2	[]		[2], vi, ix-xxii, [2], 487, [1] p. ;	['2', '2', '487', '1']	2
1376	3955111	[]		[6], 185, [1] p. :	['6', '185', '1']	6
1377	4008200	[]		vi, 254, [4] p. ;	['254', '4']	254
1378	4106228	[]		[16], 215, [1], 24 p. ;	['16', '215', '1', '24']	16
1379	4158597	[]		2 v. ; 254	['2', '254']	2
1380	4499929	[]		116 p. ;	['116']	116
1381	455115	[]		2 v.	['2']	2
1382	4756565	[1, 2, 3, 4, 1, 1]	4	4 v. :	['4']	4
1383	55310	[]		[4], 75, [1] p. ;	['4', '75', '1']	4
1384	6333789	[]		[10], liv, 464 p. ;	['10', '464']	10
1385	170630	[]		[10], 374 p., [1] leaf of plates :	['10', '374', '1']	10
1386	1802270	[]		[4], 159, 170-199 [i.e. 201], 100-102 [i.e. 120] p. ;	['4', '159', '170', '199', '201', '100', '102', '120']	4
1387	1808071	[]		[2], 138, [2] p. ;	['2', '138', '2']	2
1388	1808112	[]		[4], 74, [2] p. ;	['4', '74', '2']	4
1389	193800	[]		[4], 364, [4] p., [1] leaf of plates :	['4', '364', '4', '1']	4
1390	194383	[]		xiii, [1], 424 p. ;	['1', '424']	1
1391	254565	[]		2 pts. in 1 v.	['2', '1']	2
1392	264652	[]		168 p. :	['168']	168
1393	277617	[1, 2, 1, 1, 2, 2]	2	2 v. ;	['2']	2
1394	280901	[1, 2, 1, 1, 2, 2]	2	[4], 40 p. ;	['4', '40']	4
1395	289811	[1, 2, 1, 1, 2, 2]	2	xvi, 340, [4] p.	['340', '4']	340
1396	296576	[]		[4], iv, 120 p. :	['4', '120']	4
1397	986563-2	[1]	1	2 v. :	['2']	2
1398	991680	[1]	1	3 v. ;	['3']	3
1399	102839	[1, 2, 1, 1]	2	2 v. :	['2']	2
1400	106811-1	[1, 2, 1, 1]	2	2 v. ;	['2']	2
1401	107682	[1, 2, 1, 1]	2	iv, 248 p. ;	['248']	248
1402	1295841	[]		[4], 225 p. ;	['4', '225']	4
1403	3980197	[]		262 p., [5] leaves of plates :	['262', '5']	262
1404	145817	[]		[12], 33, [7+], 548 p., [2] leaves of plates :	['12', '33', '7', '548', '2']	12
1405	148307	[1, 2, 1, 1]	2	2 v. ;	['2']	2
1406	157471	[1, 1]	1	2 v. ;	['2']	2
1407	157475	[]		xix, [5], 216 p. ;	['5', '216']	5
1408	157778	[1, 2, 3, 1, 1]	3	3 v. ;	['3']	3
1409	158787	[1, 2, 1]	2	2 v. (232 p.) ;	['2', '232']	2
1410	158810	[]		135, [1] p. ;	['135', '1']	135
1411	158817	[1, 1, 2]	2	2 v. ;	['2']	2
1412	161843	[1, 1, 1, 1]	1	[2], 255, [1] p. (the last page blank) ;	['2', '255', '1']	2
1413	161978	[]		iv, [5]-141, [1] p. (last page blank), 4 leaves of plates :	['5', '141', '1', '4']	5
1414	161980	[1, 2, 1, 1]	2	2 v. ;	['2']	2
1415	162468	[1, 2, 3, 4, 1, 1]	4	4 v. :	['4']	4
1416	162472	[]		viii, 175, [1] p. ;	['175', '1']	175
1417	162474	[1, 2, 1, 1]	2	2 v. ;	['2']	2
1418	162481	[]		94 p. ;	['94']	94
1419	162682	[]		vi, 241, [1] p. (last page blank), [1] leaf of plates :	['241', '1', '1']	241
1420	164000	[1, 2, 1, 1]	2	2 v. :	['2']	2
1421	164383	[]		iv, 5-327, [13] p., 24 leaves of plates (1 folded) :	['5', '327', '13', '24', '1']	5
1422	1688620	[]		[4], 220, [4] p. ;	['4', '220', '4']	4
1423	1799929	[1, 1, 1, 2, 2, 1, 1, 1, 1, 2, 2, 2, 2]	2	2 v. ;	['2']	2
1424	1800446-1	[1, 2, 1, 2, 1, 1]	2	2 v. ;	['2']	2
1425	1808057	[1, 1, 2, 2, 2, 2, 2, 3, 3, 3, 3, 3, 1, 1, 2, 2, 2, 2, 2, 2, 3, 3, 3, 3, 3, 3, 3, 3]	3	4 v. :	['4']	4
1426	1839540	[]		[4], 60 p. ;	['4', '60']	4
1427	187817-1	[]		250, [2] p., [2] leaves of plates :	['250', '2', '2']	250
1428	187817-2	[]		250, [2] p., [2] leaves of plates :	['250', '2', '2']	250
1429	1999542	[1, 2, 1, 1, 1, 1, 1, 1, 1, 1, 1, 1, 1, 1, 2, 2]	2	2 v. ([12], 29, [11], 550, [16], 266 p., [2] leaves of plates) :	['2', '12', '29', '11', '550', '16', '266', '2']	2
1430	214829	[1, 1]	1	226 p., 6 leaves of plates :	['226', '6']	226
1431	245269	[1, 1]	1	[6], viii, 47, [1], 16 p., [1] folded leaf of plates :	['6', '47', '1', '16', '1']	6
1432	245278	[1, 2, 3, 4, 1, 1]	4	4 v. :	['4']	4
1433	247574	[]		xii, 285, [3] p., [1] leaf of plates :	['285', '3', '1']	285
1434	253712-1	[]		[4], 356 p. ;	['4', '356']	4
1435	253869	[1, 2, 2, 1, 1, 2, 2]	2	2 v. ;	['2']	2
1436	264431	[]		[4], 391, [1] p. (last page blank) ;	['4', '391', '1']	4
1437	267308	[]		[18], 340 p. ;	['18', '340']	18
1438	268225	[]		[2], 166 p. ;	['2', '166']	2
1439	269637	[]		[10], 101, [1] p. ;	['10', '101', '1']	10
1440	274006-1	[1, 2, 1, 1, 2, 2, 2, 2]	2	2 v. :	['2']	2
1441	274006	[1, 1, 2, 2, 1, 2, 2]	2	2 v. :	['2']	2
1442	298043	[1, 2, 1, 1]	2	2 v., plates :	['2']	2
1443	302876	[1, 2, 1, 1]	2	2 v. in 1 ;	['2', '1']	2
1444	3064113	[]		iv, [13]-448 [i.e. 248] p., [1] leaf of plates :	['13', '448', '248', '1']	13
1445	3146725	[]		xx, 334 p. ;	['334']	334
1446	33967	[1, 2, 2, 1, 1]	2	2 v. :	['2']	2
1447	3466800	[]		[4], 212 p., [1] leaf of plates :	['4', '212', '1']	4
1448	3482651	[20]	20	4 v. in 1 (364 [i.e. 634] p., [15] leaves of plates) :	['4', '1', '364', '634', '15']	4
1449	348412	[1, 4, 5, 6, 7, 8, 1, 1]	8	8 v. :	['8']	8
1450	349453	[1, 15, 1, 1]	15	2 v.	['2']	2
1451	3766789	[1, 3, 1, 2, 3, 1, 1]	3	3 v. ;	['3']	3
1452	3959310	[1]	1	179, [1] p., [4] leaves of plates :	['179', '1', '4']	179
1453	3979903	[1]	1	53, [1] p., [2] leaves of plates :	['53', '1', '2']	53
1454	3980016	[1]	1	iv, 299 p., [6] leaves of plates :	['299', '6']	299
1455	3980153	[]		iv, [1], 6-35, [1] p. (the last page blank), [2] leaves of plates :	['1', '6', '35', '1', '2']	1
1456	3980160	[]		90 p., [2] leaves of plates :	['90', '2']	90
1457	3980210	[]		41 p., [1] leaf of plates :	['41', '1']	41
1458	3980224	[]		145, [1] p., [4] leaves of plates :	['145', '1', '4']	145
1459	3980233	[3]	3	235, [1] p., [6] leaves of plates :	['235', '1', '6']	235
1460	3980240	[3]	3	491, [1] p., [11] leaves of plates :	['491', '1', '11']	491
1461	4732386	[1, 2]	2	2 v. in 1 (xii, 228 p.) :	['2', '1', '228']	2
1462	4742076	[1, 2, 1, 1, 1, 1, 2, 2, 2, 2]	2	2 v. in 1 ;	['2', '1']	2
1463	4805340	[]		414, [2] p. ;	['414', '2']	414
1464	4806147	[]		[2], vi, 34 p. ;	['2', '34']	2
1465	4807327	[]		16 p. ;	['16']	16
1466	54578	[]		[8], [137]-285, [3] p. ;	['8', '137', '285', '3']	8
1467	590004	[1, 1, 2, 3, 1, 1]	3	3 v. :	['3']	3
1468	593247	[1, 2, 1, 1]	2	2 v. :	['2']	2
1469	593702	[]		[8], 323, [1] p. ;	['8', '323', '1']	8
1470	60022	[]		iv, 364 p. ;	['364']	364
1471	600631	[]		xii, 203, [1] p. ;	['203', '1']	203
1472	87232-1	[1, 1, 2, 2, 1, 1]	2	2 v. ;	['2']	2
1473	87549	[]		vii, [1], 334 p.	['1', '334']	1
1474	88719	[]		v, [1], 121 p. ;	['1', '121']	1
1475	88846	[1, 2, 3, 4, 5, 1, 1]	5	5 v. ;	['5']	5
1476	89387	[1, 2, 3, 4, 1, 1]	4	4 v. ;	['4']	4
1477	89525	[]		viii, 241, [1] p. ;	['241', '1']	241
1478	101037	[1, 1]	1	[2], xi, [1], 276 p. ;	['2', '1', '276']	2
1479	101097	[1, 2]	2	2 v. :	['2']	2
1480	101912	[1, 2, 3, 1, 1]	3	3 v. ([4], 320 p.) ;	['3', '4', '320']	3
1481	103048	[1, 1, 2, 2, 3, 3, 4, 4, 5, 5, 5, 1, 1]	5	5 v. ;	['5']	5
1482	104728	[]		iv, 236 p. ;	['236']	236
1483	105886	[1, 2, 2, 3, 3, 1, 1]	3	3 v. ;	['3']	3
1484	105991	[1, 2, 3, 4, 5, 1, 1]	5	5 v. ;	['5']	5
1485	106698	[1, 2, 1, 1]	2	2 v. ;	['2']	2
1486	106876	[]		viii, 279, [1] p., [1] leaf of plates :	['279', '1', '1']	279
1487	107487	[]		vii, [1], 9-287, [1] p. (the last page blank) ;	['1', '9', '287', '1']	1
1488	107488	[1, 2, 1, 2, 1, 1]	2	2 v. ;	['2']	2
1489	107502	[]		172 p., [4] leaves of plates :	['172', '4']	172
1490	107503	[]		vi, 278 p. ;	['278']	278
1491	107688	[]		[2], 309, [1] p. (the last page blank) ;	['2', '309', '1']	2
1492	107697	[]		vii, [17], 215, [1] p. (the last page blank) ;	['17', '215', '1']	17
1493	107708	[]		xvi, 306 p. ;	['306']	306
1494	107720	[]		[4], 236 p. ;	['4', '236']	4
1495	1337190	[]		263 p. ;	['263']	263
1496	1361816	[1, 1, 2, 1, 1]	2	2 v. :	['2']	2
1497	1361817	[1, 1, 2, 2, 1, 1]	2	2 v. ;	['2']	2
1498	156255	[1, 2, 3, 1, 2, 3, 1, 1]	3	3 v. ;	['3']	3
1499	161049-1	[1, 2, 3, 4, 5, 6, 7, 8, 9, 10, 1, 1, 1, 1, 1, 2, 2, 2, 2, 2, 2, 2, 2, 3, 3, 3, 3, 3, 3, 3, 3, 3, 3, 3, 4, 4, 4, 5, 5, 8, 8, 8, 8, 8, 8, 9, 9, 10, 10, 10, 10, 10, 1, 1, 1, 1, 1, 1, 1, 1, 1, 1, 1, 1, 1, 1, 2, 2, 2, 2, 2, 2, 2, 2, 2, 2, 2, 2, 2, 2, 2, 2, 3, 3, 3, 3, 3, 3, 3, 3, 3, 3, 3, 3, 3, 3, 3, 3, 3, 3, 3, 3, 3, 3, 4, 4, 4, 4, 4, 4, 5, 5, 6, 6, 7, 7, 8, 8, 8, 8, 8, 8, 8, 8, 8, 8, 9, 9, 9, 9, 9, 9, 10, 10, 10, 10, 10, 10, 10, 10]	10	10 v. :	['10']	10
1500	162471	[1, 2, 1, 1]	2	2 v. ;	['2']	2
1501	162476	[1, 1, 2, 1, 2]	2	2 v. ;	['2']	2
1502	164275	[1, 2, 1, 1]	2	2 v. ;	['2']	2
1503	164371	[1, 2, 1, 1]	2	iv, 133, [5], 148 p. ;	['133', '5', '148']	133
1504	1724557	[1, 1, 2, 2, 1, 1]	2	2 v. ;	['2']	2
1505	1740351	[1, 1, 2, 2, 1, 2, 1]	2	2 v. ;	['2']	2
1506	1751561	[]		vi, [2], 296 p. ;	['2', '296']	2
1507	1782313	[]		xiv, [2], 536 p. ;	['2', '536']	2
1508	1783632	[1, 2, 1, 1]	2	2 v. ;	['2']	2
1509	1786548	[]		276 p. ;	['276']	276
1510	1798495	[]		304 p. ;	['304']	304
1511	1799321	[]		[2], 280 p. ;	['2', '280']	2
1512	1800446-2	[1, 1, 2, 2, 1, 1]	2	2 v. ;	['2']	2
1513	1805125	[2, 1, 1]	2	2 v. ;	['2']	2
1514	194546	[]		173, [3] p. ;	['173', '3']	173
1515	195147	[1, 1]	1	83, [1] p. (the last page blank), 2 leaves of plates :	['83', '1', '2']	83
1516	215577	[1, 1, 1]	1	235, [1] p. (last page blank), 5 leaves of plates :	['235', '1', '5']	235
1517	2427580	[]		lvi, 93, [1] p. ;	['93', '1']	93
1518	3573558	[]		36 p. :	['36']	36
1519	275729	[]		162, [6] p. :	['162', '6']	162
1520	289349	[]		x, [iii]-xlii, [43]-219, [5] p. :	['43', '219', '5']	43
1521	3454989	[]		127 p. ;	['127']	127
1522	3455066	[]		60 p. ;	['60']	60
1523	3455155	[]		106, [2] p. ;	['106', '2']	106
1524	3455357	[]		vi, [1], 8-304 p. ;	['1', '8', '304']	1
1525	3455848	[]		150 p., [1] leaf of plates :	['150', '1']	150
1526	3456688	[1, 2, 1, 1]	2	2 v. ;	['2']	2
1527	3457680	[1, 2, 1, 1]	2	2 v. ;	['2']	2
1528	3459911	[1, 2, 1, 1]	2	2 v. (249, [1]; [3], 256-540 p.), [2] leaves of plates :	['2', '249', '1', '3', '256', '540', '2']	2
1529	3464706	[1, 1, 2, 1, 1, 1, 2, 2, 2, 2, 1, 1]	2	2 v. ;	['2']	2
1530	3466573	[]		[5], 14-159, [1] p. ;	['5', '14', '159', '1']	5
1531	3468177	[1, 2, 1, 1]	2	2 v. ;	['2']	2
1532	3469522	[]		iv, [1], 6-188 p. ;	['1', '6', '188']	1
1533	3469776	[1, 2, 2, 1]	2	2 v. ;	['2']	2
1534	3469781	[1, 2, 1, 1]	2	2 v. ;	['2']	2
1535	3469872	[]		167, [1] p. ;	['167', '1']	167
1536	5911017	[]		2 v. ;	['2']	2
1537	3470604	[]		iv, [1], 6-230, [2] p. ;	['1', '6', '230', '2']	1
1538	3471348	[1, 2]	2	2 v. ;	['2']	2
1539	3471418	[1, 2, 1, 1]	2	2 v. ;	['2']	2
1540	3471487	[]		xx, [1], 22-276 p. ;	['1', '22', '276']	1
1541	3478066	[1, 2, 1, 1]	2	2 v. ;	['2']	2
1542	3478155	[]		viii, [1], 6-277, [1] p. ;	['1', '6', '277', '1']	1
1543	3478219	[1, 1]	1	2 v. ;	['2']	2
1544	3478569	[]		248 p., [1] leaf of plates :	['248', '1']	248
1545	3478620	[]		iv, [1], 6-264 p. ;	['1', '6', '264']	1
1546	3480400	[]		xii, [1], 14-162 [i.e., 164] p. ;	['1', '14', '162', '164']	1
1547	3500094	[]		16 p. ;	['16']	16
1548	3570636-1	[]		54 p. :	['54']	54
1549	3570636-2	[]		54 p. :	['54']	54
1550	3570895	[]		34 p. :	['34']	34
1551	3571089	[]		36 p. ;	['36']	36
1552	3571120	[]		36 p. ;	['36']	36
1553	3571220-1	[]		36 p. ;	['36']	36
1554	3571220-2	[]		36 p. ;	['36']	36
1555	3571236	[]		2 v. ;	['2']	2
1556	3571294	[]		36 p. ;	['36']	36
1557	3573308	[]		36 p. :	['36']	36
1558	3573803	[]		36 p. ;	['36']	36
1559	3573994	[]		36 p. ;	['36']	36
1560	3574011	[]		36 p.	['36']	36
1561	3574040	[]		36 p. ;	['36']	36
1562	3574061	[]		47 p. ;	['47']	47
1563	3767898	[]		217, [1] p. ;	['217', '1']	217
1564	421748	[]		216 p.	['216']	216
1565	4324031	[]		xi, [1], 199, [1] p. ;	['1', '199', '1']	1
1566	445507	[]		[12], xvi, 363, [1], 110 p. :	['12', '363', '1', '110']	12
1567	448220	[]		372 p. ;	['372']	372
1568	4814271	[]		iii, [1], 171, [1] p. ;	['1', '171', '1']	1
1569	5007461	[]		196 p. ;	['196']	196
1570	5021631	[1, 2, 1, 2, 1, 1]	2	2 v. ;	['2']	2
1571	54717-1	[1, 2, 1, 1]	2	2 v. ;	['2']	2
1572	54717-2	[2, 2, 2]	2	2 v. ;	['2']	2
1573	55077	[1, 2, 3, 1, 1]	3	3 v. ;	['3']	3
1574	555749	[]		[3], viii-xii, [1], 14-268 p. ;	['3', '1', '14', '268']	3
1575	570674	[]		[4], 236 p. ;	['4', '236']	4
1576	573051	[1, 2, 3, 3, 1, 1, 3, 3]	3	3 v. ;	['3']	3
1577	59069	[]		xii, 300 p. ;	['300']	300
1578	603543	[]		vi, [7]-402 p., 10 leaves of plates :	['7', '402', '10']	7
1579	72411	[1, 2]	2	2 v. ;	['2']	2
1580	73075	[]		67, [1] p. (final page blank); 2 leaves of plates :	['67', '1', '2']	67
1581	74927	[1, 2, 1, 1]	2	2 v. (173 p.) ;	['2', '173']	2
1582	83954	[1, 1, 2, 2, 1, 1]	2	2 v. ;	['2']	2
1583	86181	[]		vi, 242 p. ;	['242']	242
1584	87503	[]		xxiv, 200 p.	['200']	200
1585	88576	[]		125, [7] p. ;	['125', '7']	125
1586	88848	[1, 2, 3, 4, 1, 1]	4	4 v. ;	['4']	4
1587	89529	[1, 2, 1, 1]	2	2 v. (iv, [1], 6-312 p.) ;	['2', '1', '6', '312']	2
1588	90019	[1, 2, 1, 1]	2	vi, [7]-169, [1] p. ;	['7', '169', '1']	7
1589	957218	[]		xii, [12]-284 p. ;	['12', '284']	12
1590	962416-1	[]		2 v. (69, [1] p.) ;	['2', '69', '1']	2
1591	962416-2	[]		2 v. (69, [1] p.) ;	['2', '69', '1']	2
1592	962416-3	[1, 1, 1]	1	2 v. (69, [1] p.) ;	['2', '69', '1']	2
1593	1116	[]		[4], 180 p. ;	['4', '180']	4
1594	1361026	[]		16 p. ;	['16']	16
1595	1720878	[]		xii, 219, [1] p. ;	['219', '1']	219
1596	1833008	[]		v, [3], 124 p. ;	['3', '124']	3
1597	199942	[3]	3	[16], 336, 1-40, 49-106 p. ;	['16', '336', '1', '40', '49', '106']	16
1598	200425	[2]	2	[8], 401 [i.e. 399], [1] p. ;	['8', '401', '399', '1']	8
1599	245120-1	[]		[8], 560 p., [2] leaves of plates :	['8', '560', '2']	8
1600	245120-2	[]		[8], 560 p., [2] leaves of plates :	['8', '560', '2']	8
1601	248125	[1, 1, 1, 2, 2, 2, 2, 3, 3, 3, 1]	3	3 v. ;	['3']	3
1602	253712-2	[]		[4], 356 p. ;	['4', '356']	4
1603	255966	[]		[4], 9-62, [2] p. ;	['4', '9', '62', '2']	4
1604	269315	[]		140, [4] p. ;	['140', '4']	140
1605	277537	[]		2 v.	['2']	2
1606	281901	[]		24 p. ;	['24']	24
1607	37832	[]		iv, [5]-338, [2] p. (final page blank) ;	['5', '338', '2']	5
1608	40573	[]		170, [2] p. ;	['170', '2']	170
1609	4757078	[1, 2, 3, 4, 1, 1, 2, 2, 3, 1]	4	4 v. :	['4']	4
1610	4757145	[1, 2, 3, 4, 1, 1]	4	4 v. :	['4']	4
1611	54439	[]		252 p. ;	['252']	252
1612	54482	[]		[4], 298 p. ;	['4', '298']	4
1613	550390	[]		vi, 95, [1] p. ;	['95', '1']	95
1614	569010	[1, 1, 2, 3, 4, 5, 6, 7, 8, 1, 1]	8	8 v. :	['8']	8
1615	58837	[1, 2, 1, 1]	2	2 v. ;	['2']	2
1616	58980	[1, 1, 2, 2, 1]	2	xii, 136, [4], 162, [2] p. ;	['136', '4', '162', '2']	136
1617	59418	[2, 3, 4, 1, 1]	4	4 v. ;	['4']	4
1618	5946802	[]		417, [3] p., [1] leaf of plates :	['417', '3', '1']	417
1619	600630	[1, 2, 1, 1, 2]	2	2 v. :	['2']	2
1620	6996611	[]		207 p. ;	['207']	207
1621	73408	[1, 2, 1, 1]	2	2 v. ;	['2']	2
1622	73842	[1, 2, 1, 1]	2	[2], v, [2], 10-106, [2], 116 p. ;	['2', '2', '10', '106', '2', '116']	2
1623	75030	[1, 2, 3, 1, 1]	3	3 v. (246 p.) ;	['3', '246']	3
1624	75774	[]		xi, [1], 360 p. ;	['1', '360']	1
1625	89573	[1, 2, 1, 1]	2	2 v. ;	['2']	2
1626	9492	[]		12, 23-99, 110-119, 126-145, [1] p. ;	['12', '23', '99', '110', '119', '126', '145', '1']	12
1627	973317	[]		[13], 8-353, [1] p. ;	['13', '8', '353', '1']	13
1628	976233	[1, 2, 2, 3, 3]	3	4 v. ;	['4']	4
1629	100704	[1, 1, 2, 2, 1, 1]	2	2 v. ;	['2']	2
1630	101326	[1, 1, 2, 2, 1, 1]	2	2 v. ;	['2']	2
1631	101332	[1, 2, 3, 4, 1, 2, 3, 4, 1, 1]	4	4 v. ;	['4']	4
1632	101337	[1, 2, 3, 3]	3	3 v. ;	['3']	3
1633	101382	[1, 2, 3, 1, 1]	3	3 v. ;	['3']	3
1634	101576	[1, 2, 1, 1]	2	2 v. ;	['2']	2
1635	102731	[1, 1, 2]	2	2 v. ;	['2']	2
1636	102798-1	[1, 1, 2, 2, 3, 3, 4, 4, 1, 1]	4	4 v. ;	['4']	4
1637	102798-2	[1, 1, 2, 2, 3, 4, 4, 1, 1]	4	4 v. ;	['4']	4
1638	104121	[1, 2]	2	2 v. ;	['2']	2
1639	105725-1	[1, 1, 2, 3, 1, 1]	3	3 v. ;	['3']	3
1640	105725-2	[1, 1, 2, 3, 1, 1]	3	3 v. ;	['3']	3
1641	105725-3	[1, 1, 2, 2, 1, 1]	2	3 v. ;	['3']	3
1642	105744	[1, 2, 3]	3	3 v. ;	['3']	3
1643	105746	[1, 2, 2, 3, 3, 1, 1]	3	3 v. ;	['3']	3
1644	105788	[1, 2, 3, 1, 2, 3]	3	3 v. ;	['3']	3
1645	105802	[]		xii, [1], 14-200, [2] p. (the last leaf blank) ;	['1', '14', '200', '2']	1
1646	105881	[1, 2, 3, 4, 1, 1]	4	4 v. ;	['4']	4
1647	105979	[1, 2, 3, 3, 1, 1]	3	3 v. ;	['3']	3
1648	105986	[1, 1, 2, 2, 3, 3, 4, 4, 5, 5, 1, 1]	5	5 v. ;	['5']	5
1649	105995	[1, 1, 2, 2, 3, 3, 1, 1]	3	3 v. ;	['3']	3
1650	106006	[1, 2, 3, 1, 1]	3	3 v. ;	['3']	3
1651	106010	[1, 2, 3, 1, 1]	3	3 v. ;	['3']	3
1652	106014-1	[1, 1, 2, 2, 3, 1, 1]	3	3 v. ;	['3']	3
1653	106014-2	[1, 1, 2, 3, 3, 1, 1]	3	3 v. ;	['3']	3
1654	106016	[1, 1, 2, 2, 3, 3, 1, 1]	3	3 v. ;	['3']	3
1655	106033	[1, 2, 3, 4, 5, 1, 1]	5	5 v. ;	['5']	5
1656	106298	[1, 2, 1, 1]	2	2 v. ;	['2']	2
1657	106552	[1, 2, 1, 1]	2	2 v. ;	['2']	2
1658	106616	[1, 2, 1, 1]	2	2 v. ;	['2']	2
1659	106688	[1, 1, 2, 2]	2	2 v. ;	['2']	2
1660	106711	[1, 1, 2, 2]	2	2 v. :	['2']	2
1661	106811-2	[1, 2, 1, 1]	2	2 v. ;	['2']	2
1662	106819	[]		[2], 168 p. ;	['2', '168']	2
1663	106820	[1, 2, 1, 1]	2	2 v. ;	['2']	2
1664	106972	[1, 2]	2	2 v. :	['2']	2
1665	107393-1	[1, 2, 1, 1]	2	2 v. ;	['2']	2
1666	107393-2	[1, 2, 1, 1]	2	2 v. ;	['2']	2
1667	107624	[1, 2, 1, 1]	2	2 v. ;	['2']	2
1668	107701	[1, 1, 2, 2]	2	2 v. ;	['2']	2
1669	107711	[1, 2, 1, 1]	2	2 v. ;	['2']	2
1670	107724	[1, 2]	2	2 v. ;	['2']	2
1671	107726	[1, 2, 1, 1]	2	2 v. ;	['2']	2
1672	107728	[1, 2, 1, 1]	2	2 v. ;	['2']	2
1673	1341181	[1, 1, 2]	2	2 v. ;	['2']	2
1674	161049-2	[1, 2, 3, 4, 5, 7, 8, 9, 10, 1, 1, 1, 1, 1, 2, 2, 2, 2, 2, 2, 2, 2, 3, 3, 3, 3, 3, 3, 3, 3, 3, 3, 3, 4, 4, 4, 5, 5, 8, 8, 8, 8, 8, 8, 9, 9, 10, 10, 10, 10, 10, 1, 1, 1, 1, 1, 1, 1, 1, 1, 1, 1, 1, 1, 1, 2, 2, 2, 2, 2, 2, 2, 2, 2, 2, 2, 2, 2, 2, 2, 2, 3, 3, 3, 3, 3, 3, 3, 3, 3, 3, 3, 3, 3, 3, 3, 3, 3, 3, 3, 3, 3, 3, 4, 4, 4, 4, 4, 4, 5, 5, 7, 7, 8, 8, 8, 8, 8, 8, 8, 8, 8, 8, 9, 9, 9, 9, 9, 9, 10, 10, 10, 10, 10, 10, 10, 10, 10, 10]	10	10 v. :	['10']	10
1675	161798	[1, 2, 3, 1, 1]	3	3 v. ;	['3']	3
1676	161806	[1, 2, 3, 1, 1]	3	3 v. ;	['3']	3
1677	162466	[1, 2, 1, 2, 1, 1]	2	2 v. ;	['2']	2
1678	162702	[1, 2, 1, 1]	2	2 v. ;	['2']	2
1679	163856	[1, 2, 1, 2]	2	2 v. ([6], ix, [1], 264 p.) ;	['2', '6', '1', '264']	2
1680	163997	[1, 2, 1, 1]	2	2 v. ;	['2']	2
1681	164001	[1, 2, 3, 1, 1]	3	3 v. ;	['3']	3
1682	164282	[1, 2, 3, 4, 1, 1]	4	4 v. ;	['4']	4
1683	1746796	[1, 2, 3, 4, 1, 1]	4	4 v. :	['4']	4
1684	1798428	[1, 2, 1, 1]	2	2 v. ;	['2']	2
1685	1798766	[1, 2, 3, 1, 1]	3	3 v. ;	['3']	3
1686	1799034	[1, 2, 1, 2]	2	2 v. ;	['2']	2
1687	1799123	[1, 2, 1, 2, 1, 1]	2	2 v. ;	['2']	2
1688	1800288	[1, 1, 2, 2, 3, 3, 4, 4]	4	4 v. ;	['4']	4
1689	1800399	[1, 2, 3, 1, 1]	3	3 v. ;	['3']	3
1690	190185	[]		160 p., [4] leaves of plates :	['160', '4']	160
1691	208314	[1, 2, 1, 2, 1, 1]	2	2 v. ;	['2']	2
1692	3136144	[]		352 p. ;	['352']	352
1693	3441301	[]		xiv, 141, [1 p., [1] leaf of plates :	['141', '1', '1']	141
1694	3445990	[1, 1, 2, 3, 3, 4, 5, 6]	6	6 v. :	['6']	6
1695	3450187	[]		[2], 341, [1] p. ;	['2', '341', '1']	2
1696	35225-1	[1, 2, 3, 4, 1, 1]	4	4 v. ;	['4']	4
1697	35225-2	[1, 2, 2, 3, 4, 1, 1]	4	4 v. ;	['4']	4
1698	3768971	[1, 2, 1, 1]	2	2 v. :	['2']	2
1699	3769976	[1]	1	2 v. :	['2']	2
1700	4785227	[1, 2, 2, 2]	2	2 v. ;	['2']	2
1701	57961	[1, 1, 2, 3, 1, 1]	3	3 v. ;	['3']	3
1702	595131	[1, 2, 1, 2]	2	2 v. (x, 209, [8]; [4], 248 p.) ;	['2', '209', '8', '4', '248']	2
1703	596561	[]		3 v. (vii, [8]-268 p., [8] leaves of plates) :	['3', '8', '268', '8']	3
1704	87232-2	[1, 2, 1, 1]	2	2 v. ;	['2']	2
1705	87246	[1, 1, 2, 2, 3, 3]	3	3 v. ;	['3']	3
1706	88720	[]		xii, [4], 174 p. ;	['4', '174']	4
1707	5942278	[]		81, [1] p., 2 leaves of plates :	['81', '1', '2']	81
1708	1752858	[]		xxvi, [2], 360 p., [1] leaf of plates :	['2', '360', '1']	2
1709	102829	[1, 1, 1]	1	2 v., [1] leaf of plates (231, [1]; 211, [5] p.) :	['2', '1', '231', '1', '211', '5']	2
1710	ocm78091842 	[]		240 pages ;	['240']	240
1711	ocn476765648	[]		[2], ii, 187, [1] pages ;	['2', '187', '1']	2
1712	ocm40688589 	[]		272 pages ;	['272']	272
1713	ocn484442023	[1, 1, 2, 2, 1, 1]	2	2 v. :	['2']	2
1714	ocm06756321 	[]		xix, 162 pages :	['162']	162
1715	ocm13313695 	[1, 2, 3, 1, 2, 3, 1, 1]	3	3 volumes	['3']	3
1716	ocm40733633 	[1, 2, 1, 1]	2	2 v. in 1, [1] leaf of plates :	['2', '1', '1']	2
1717	ocm02861722 	[1, 1, 2, 2, 2, 3, 3, 3]	3	3v. :	['3']	3
1718	ocm06536542 	[1, 2, 3, 1, 2, 3, 1, 2, 3]	3	3v. ;	['3']	3
1719	ocn486073979	[1, 2, 3, 4, 5, 1, 1]	5	5v. :	['5']	5
1720	ocm52981134 	[1, 2, 3, 4, 5, 1, 2, 3, 4, 5, 1, 1]	5	5v. :	['5']	5
1721	ocn270121854	[1, 2, 3, 1, 1]	3	3v. (iv, 320; [4], 328; [4], 258, [8] pages) ;	['3', '320', '4', '328', '4', '258', '8']	3
1722	ocn480433456	[]		xxvii, 88 pages ;	['88']	88
1723	ocn123448855	[1, 2, 3, 1, 1]	3	3 v. :	['3']	3
1724	ocn482649224	[1, 2, 3, 1, 2, 3, 1, 1]	3	3 v. ;	['3']	3
1725	ocm02892878 	[1, 2, 1, 2, 3]	3	3 volumes ;	['3']	3
1726	ocm21212908 	[1, 2, 3, 1, 1]	3	3 v. ;	['3']	3
1727	ocm00621029 	[1, 2, 3, 1, 2, 3]	3	2 preliminary leaves, 387 pages	['2', '387']	2
1728	ocn607607606	[1, 2, 3, 1, 1, 1, 2, 2, 2, 3, 3, 3, 3, 1, 1]	3	3 volumes ;	['3']	3
1729	ocn940098594	[1, 2, 3, 1, 2, 3, 1, 2, 2, 2, 3, 3, 1]	3	3 v. ;	['3']	3
1730	ocm52859548 	[1, 2, 1, 1]	2	2 volumes in 1.	['2', '1']	2
1731	ocm43297821 	[1, 2, 1, 1]	2	2v. ;	['2']	2
1732	ocm12862142 	[1, 2, 3]	3	3v. :	['3']	3
1733	ocm06853360 	[1, 2, 3, 1, 2, 3]	3	3 v	['3']	3
1734	ocm04294241 	[]		221 pages	['221']	221
1735	ocn931590936	[1, 2, 3, 1, 2, 3, 1, 1]	3	3 volumes ([4], 270, [2], pages ; [4], 272 pages ; [4], 220, pages) ;	['3', '4', '270', '2', '4', '272', '4', '220']	3
1736	ocn228695081	[]		2 preliminary leaves, 272 pages ;	['2', '272']	2
1737	ocm14975239 	[1, 2, 3, 4, 1, 2, 3, 4, 1, 1]	4	4 volumes ;	['4']	4
1738	ocm13226312 	[]		269 pages	['269']	269
1739	ocn841534744	[1, 2, 3]	3	3 v. :	['3']	3
1740	ocm04739245 	[1, 2, 3, 4, 1, 2, 3, 4]	4	4 volumes	['4']	4
1741	ocm37033335 	[]		48 pages	['48']	48
1742	ocm16348484 	[]		93 pages	['93']	93
1743	ocm10847141 	[]		[1-5], 6-136 pages :	['1', '5', '6', '136']	1
1744	ocm29104507 	[]		148 pages ;	['148']	148
1745	ocm06925160 	[1, 2, 3, 4, 1, 1]	4	4 volumes	['4']	4
1746	ocm06929107 	[1, 2, 3, 1, 1]	3	3 volumes ;	['3']	3
1747	ocm20682925 	[1, 2, 3, 4, 1, 2, 3, 4, 1, 1]	4	4 volumes	['4']	4
1748	ocn810531182	[1, 2, 3, 1, 2, 3, 1, 2, 3, 1, 1]	3	3 volumes ;	['3']	3
1749	ocn271241011	[]		181, [1] pages, VII plates :	['181', '1']	181
1750	ocm02060360 	[1, 2, 1, 1]	2	2 volumes	['2']	2
1751	ocm09838110 	[]		[4], 180 pages, [1] leaf of plates :	['4', '180', '1']	4
1752	ocm06959518 	[1, 2, 1, 1]	2	2 volumes	['2']	2
1753	ocm04300840 	[]		240 pages	['240']	240
1754	ocm08438237 	[]		[4], 217, [3] pages ;	['4', '217', '3']	4
1755	ocm02494528 	[]		262 pages ;	['262']	262
1756	ocm06968795 	[]		[4], 218 p. ;	['4', '218']	4
1757	ocm13440754 	[]		xxiv, xxi*, xxii*, xxv-xxxi [i.e. xxxiii], 131 pages ;	['131']	131
1758	ocm10503613 	[1, 1, 2, 2, 3, 3, 1, 1]	3	3v. ;	['3']	3
1759	ocm17381477 	[1, 2, 3, 1, 2, 2, 1, 1]	3	3v. ;	['3']	3
1760	ocm14032243 	[1, 2, 3, 4, 1, 2, 3, 4, 1, 1]	4	4v.	['4']	4
1761	ocm03596752 	[1, 2, 3, 1, 1]	3	3v. ;	['3']	3
1762	ocm06989179 	[1, 2, 3, 1, 2, 3, 1, 1]	3	3v.	['3']	3
1763	ocm06977684 	[1, 2, 3, 1, 1]	3	3v.	['3']	3
1764	ocm01336923 	[2, 3, 1, 2, 3, 1, 1]	3	3 volumes	['3']	3
1765	ocm06977863 	[1, 2, 3]	3	3 volumes	['3']	3
1766	ocm49835584 	[1, 2, 3, 1, 1]	3	3v. ;	['3']	3
1767	ocm06972377 	[1, 2, 2, 3, 3, 4, 4, 1, 1]	4	4v. bound in 2 books	['4', '2']	4
1768	ocm06976739 	[1, 2, 3, 1, 1]	3	3v.	['3']	3
1769	ocm06972448 	[1, 2, 3, 4, 1, 2, 3, 4, 1, 1]	4	4 volumes	['4']	4
1770	ocm63548219 	[1, 2, 1, 1]	2	
1771	ocm47896198 	[1, 2, 3, 4, 1, 2, 3, 4, 1, 1]	4	4v. :	['4']	4
1772	ocm05062980 	[1, 2]	2	2 volumes ;	['2']	2
1773	ocm27442362 	[1, 2, 1, 1]	2	2 volumes ;	['2']	2
1774	ocm24619819 	[]		xi, 263 pages ;	['263']	263
1775	ocm48799180 	[1, 2, 3, 1, 2, 3, 1, 1]	3	3v. ;	['3']	3
1776	ocm07021553 	[1, 2, 3, 1, 1]	3	3v. ;	['3']	3
1777	ocm50543021 	[1, 2, 1, 1, 2, 1, 1]	2	2v. ;	['2']	2
1778	ocm07020267 	[1, 3, 4, 1, 2, 3, 4, 1, 1]	4	4 volumes	['4']	4
1779	ocm07026767 	[1, 2, 3, 4, 5, 1, 1]	5	5v. :	['5']	5
1780	ocm07026880 	[1, 2, 3, 2, 3, 1, 1]	3	3v. :	['3']	3
1781	ocm07032000 	[1, 1, 2, 2, 3, 3, 4, 4, 1, 1]	4	4v. :	['4']	4
1782	ocn482476225	[1, 1, 2, 3, 4, 1, 1]	4	4v. ;	['4']	4
1783	ocm10448517 	[1, 2, 1, 1]	2	2v. :	['2']	2
1784	ocn482470676	[1, 2, 1, 1]	2	2v. in 1 (172, 155 p.) ;	['2', '1', '172', '155']	2
1785	ocm18056772	[1, 2, 3, 1, 1]	3	3v. ;	['3']	3
1786	ocm07027666 	[1, 2, 3, 1, 2, 3, 1, 1]	3	3v. ;	['3']	3
1787	ocm13310562 	[]		viii, 441 pages :	['441']	441
1788	ocn892596217	[]		iv, 187 p. ;	['187']	187
1789	ocm50917140 	[1, 2, 2, 3, 3, 1, 1]	3	3v. :	['3']	3
1790	ocm13312753 	[1, 2, 3, 1, 2, 3, 1, 1]	3	3v. :	['3']	3
1791	ocm07032578 	[]		[2] leaves, [iii]-viii, 421, [1] pages	['2', '421', '1']	2
1792	ocm38981912 	[1, 2, 3, 1, 2, 3, 1, 2, 3, 1, 1]	3	3v. :	['3']	3
1793	ocn191257087	[]		415, [1] p., :	['415', '1']	415
1794	ocm25074779 	[1, 2, 3, 1, 2, 3, 1, 1]	3	3v. :	['3']	3
1795	ocm04635045 	[1, 2, 1, 1]	2	2v. :	['2']	2
1796	ocn265013947	[1, 2, 3, 1, 1]	3	3 volumes ;	['3']	3
1797	ocm08634631 	[1, 2, 3, 1, 1]	3	3v. :	['3']	3
1798	ocm07075573 	[1, 2, 3, 4, 1, 3, 4, 1, 1]	4	4v. :	['4']	4
1799	ocm07075706 	[1, 1, 2, 2, 3, 3, 4, 4, 1, 1]	4	4v. :	['4']	4
1800	ocm07075724 	[1, 2, 3, 1, 1, 1]	3	3v. :	['3']	3
1801	ocm07085107 	[1, 2, 3, 4, 1, 2, 3, 4, 1, 1]	4	4v. :	['4']	4
1802	ocm07075758 	[1, 2, 3, 3, 4, 4, 5, 1, 1]	5	5v. :	['5']	5
1803	ocm65625364 	[1, 2, 3, 1, 1]	3	3 volumes ;	['3']	3
1804	ocm31393385 	[1, 2, 3, 4, 5, 1, 2, 3, 5, 1, 1, 2, 2, 3, 3, 4, 4, 5, 5]	5	5v. :	['5']	5
1805	ocm06883452 	[1, 1, 2, 3, 3, 4, 1, 1]	4	4v. :	['4']	4
1806	ocn877490859	[1, 1, 2, 3, 3]	3	3v. ;	['3']	3
1807	ocm24584830 	[1, 1, 2, 1, 1]	2	2 v. ([2], 270; [2], 244 p.) ;	['2', '2', '270', '2', '244']	2
1808	ocn228749189	[1, 2, 3, 3, 4, 4, 1, 1]	4	4v. :	['4']	4
1809	ocm07071452 	[1, 2, 1, 1]	2	3v. :	['3']	3
1810	ocn913379713	[1, 2, 3, 1, 2, 3]	3	3v. :	['3']	3
1811	ocn252091768	[]		[4], 288 p. :	['4', '288']	4
1812	ocm00965816 	[]		[4], 149, [3] pages, [4] leaves of plates :	['4', '149', '3', '4']	4
1813	ocm00742172 	[1, 2]	2	2v. ;	['2']	2
1814	ocm13379341 	[1, 2, 1, 1]	2	2v. :	['2']	2
1815	ocm09930143 	[]		xlviii pages, 2 leaves, 321, [1] pages	['2', '321', '1']	2
1816	ocn187451781	[]		[4], 286, [2] pages ;	['4', '286', '2']	4
1817	ocm70516068 	[1, 2, 3, 4, 1, 2, 3, 4, 1, 1]	4	4v. :	['4']	4
1818	ocm10377134 	[]		xii, 228 p. ;	['228']	228
1819	ocm01180901 	[]		750 pages :	['750']	750
1820	ocm78001274 	[1, 2, 2, 1, 1]	2	2v. :	['2']	2
1821	ocn187453083	[]		911, [1] pages, [11] leaves of plates :	['911', '1', '11']	911
1822	ocm22774772 	[]		838 pages, [9] leaves of plates :	['838', '9']	838
1823	ocm21618027 	[1, 2, 1, 1]	2	2v. :	['2']	2
1824	ocm59222208 	[1, 2, 3, 1, 1]	3	3 volumes ;	['3']	3
1825	ocm43388336 	[]		viii, 436 pages :	['436']	436
