id	author name	title catalog	vols	pub date	pub location
260496	Weston, Anna Maria	Pleasure and pain, or The fate of Ellen : a novel / by Anna Maria Weston.	3	1814	London
260498	Hawkins, Laetitia Matilda	Rosanne, or, A father\\\'s labour lost / by Laetitia-Matilda Hawkins.	3	1814	London
260507	Leadbeater, Mary	Tales for cottagers : accomodated to the present condition of the Irish peasantry / by Mary Leadbetter and Elizabeth Shakleton.	1	1814	Dublin
260508	Burney, Sarah Harriet	Tales of fancy / by S. H. Burney. ...	3	1816	London
260658	Godwin, William	St. Leon : a tale of the sixteenth century / BY William Godwin.	4	1816	London
260659	Malory, Thomas	The history of the renowned Prince Arthur, king of Britain; with his life and death, and all his glorious battles.  Likewise, the noble acts and heroic deeds of his valiant knights of the Round Table.	2	1816	London
260660	Fielding, Henry	The history of the adventures of Joseph Andrews, and his friend Mr. Abraham Adams. Written in imitation of the manner of Cervantes, author of Don Quixote.	1	1810	London
260661	Bunyan, John	The pilgrim\\\'s progress from this world to that which is to come, delivered under the similitude of a dream / by John Bunyan.	1	1811	Philadelphia
260662	Weber, Henry William	Tales of the East : comprising the most popular romances of oriental origin, and the best imitations by European authors : with new translations, and additional tales, never before published. To which is prefixed an introductory dissertation ... / by Henry Weber.	3	1812	Edinburgh
260665	Austen, Jane	Northanger Abbey: and Persuasion. By the author of ""Pride and prejudice"", ""Mansfield-Park"", &c.  With a biographical notice of the author ..."	4	1818	London
260666	Edgeworth, Maria	The modern Griselda : a tale / by Miss Edgeworth.	1	1810	Georgetown
260667	Edgeworth, Maria	The modern Griselda : a tale / by Miss Edgeworth.	1	1810	Georgetown
260668	Bunyan, John	A true relation of the holy war, made by King Shaddai upon Diabolus, for the regaining of the metropolis of the world; or, The losing and taking again of the town of Mansoul. By John Bunyan.	1	1810	London
260669	Porter, Anna Maria	The knight of St. John : a romance / by Miss Anna Maria Porter ....	3	1817	London
260670	Porter, Anna Maria	The knight of St. John, a romance, by Miss Anna Maria Porter ...	3	1817	London
260671	Porter, Anna Maria	The Knight of St. John : a romance / by Anna Maria Porter.	2	1817	Philadelphia
260672	Johnson, R	The blossoms of morality : intended for the amusement and instruction of young ladies and gentlemen / by the editor of The looking-glass for the mind.	1	1810	Philadelphia
260673	Burney, Sarah Harriet	Clarentine : a novel / by Miss Burney, author of ""Geraldine Fauconberg,"" ""Traits of nature,"" &c."	3	1816	London
260677		The Irish emigrant. An historical tale founded on fact, by an Hibernian [pseud.]	2	1817	Winchester, Va.,
260679	Opie, Amelia Alderson	The father and daughter : a tale / by Amelia Opie.	1	1812	Georgetown
260680	Ryley, S. W	The itinerant, or Memoirs of an actor / by S.W. Ryley : in two volumes.	2	1810	New York
260681	Ryley, S. W	The Itinerant; or, Memoirs of an actor ... By S. W. Ryley ...	9	1817	London
260682	Ryley, S. W	The Itinerant; or, Memoirs of an actor ... By S. W. Ryley ...	9	1817	London
260683	Ryley, S. W	The itinerant, or Memoirs of an actor. Vol. IV[-VI] / by S.W. Ryley.	3	1816	London
260684	Ryley, S. W	The itinerant, or Memoirs of an actor. Vol. IV[-VI] / by S.W. Ryley.	3	1816	London
260685	More, Hannah	Coelebs in search of a wife : comprehending observations on domestic habits and manners, religion and morals.	2	1813	London
260716	Hamilton, Elizabeth	Translation of the letters of a Hindoo rajah; written previous to, and during the period of his residence in England. To which is prefixed, a preliminary dissertation on the history, religion, and manners, of the Hindoos. By Elizabeth Hamilton.	2	1811	London
260723	Jenner, J.	Melmoth House : a novel : in three volumes / by Mrs. J. Jenner.	3	1816	London
260725	Dow, Lorenzo	History of Cosmopolite, or The four volumes of Lorenzo\\\'s journal, concentrated in one : containing his experience and travels, from childhood to 1814, being upwards of thirty-six years.	1	1814	New York
260726	Klopstock, Friedrich Gottlieb	The messiah / attempted from the German of Mr. Klopstock, by Mr. Collyer ...	2	1811	Boston
260727	Klopstock, Friedrich Gottlieb	The Messiah / from the German of Klopstock. The first sixteen books by Mrs. Collyer, and the three last by Mrs. Meeke. To which is prefixed, An introduction on divine poetry. In two volumes.	2	1811	London
260728	Waln, Robert	The hermit in America on a visit to Philadelphia : containing some account of the human leeches, belles, beaux, coquettes, dandies, cotillion parties, supper parties, tea parties, &c. &c. of that famous city, and the poets and painters of America / edited by Peter Atall, Esq.	1	1819	Philadelphia
260729	Smollett, Tobias George	The adventures of Ferdinand, count Fathom, by Dr. Smollett.	2	1817	New York
260730	Helme, Elizabeth	Instructive rambles in London, and the adjacent villages. Designed to amuse the mind, and improve the understanding of youth. By Elizabeth Helm.	1	1814	New York
260731	More, Hannah	Coelebs in search of a wife. Comprehending observations on domestic habits and manners, religion and morals.	2	1810	Philadelphia
260732	Hogg, James	The brownie of Bodsbeck, and other tales / by James Hogg ...	2	1818	Edinburgh
260733	Graves, Richard	The spiritual Quixote, or, The summer\\\'s ramble of Mr. Geoffry Wildgoose. A comic romance. To which is prefixed the life of the author.	2	1816	Providence, R.I.,
260734	Williams, John	The captivity and deliverance of Mr. John Williams, pastor of the church in Deerfield, and Mrs. Mary Rowlandson, of Lancaster, who were taken, together with their families and neighbors, by the French and Indians, and carried into Canada. Written by themselves.	1	1811	Brookfield
260735	Brunton, Mary	Self-control: a novel.	2	1811	Edinburgh
260736	Byron, Medora Gordon	The alderman and the peer, or, The ancient castle & modern villa : in three volumes / by Miss Byron.	3	1810	London
260737		The Englishman in Paris : a satirical novel : With sketches of   the most memorable characters that have recently visited that celebrated        capital ... In three volumes.	3	1819	London
260738	Byron, Medora Gordon	Celia in search of a husband / By a modern antique.	2	1819	London
260740	Brunton, Mary	Discipline: a novel. By the author of Self-Control.	3	1814	Edinburgh
260741	More, Hannah	The works of Hannah More : including several pieces never before published.	8	1818	Philadelphia
260742	Grant, Anne MacVicar	Letters from the mountains; being the real correspondence of a lady, between the years 1773 and 1807.	3	1813	London
260743	Cunningham, J. W	A world without souls ; and, The velvet cushion / by J.W. Cunningham.	2	1815	Albany
260744	Cunningham, J. W	A world without souls ; and, The velvet cushion / by J.W. Cunningham.	1	1815	Albany
260745		An interesting account of the voyages and travels of Captains Lewis and Clarke, in the years 1804-5, & 6 : giving a faithful description of the river Missouri and its source--of the various tribes of Indians through which they passed--manners and customs--soil--climate--commerce--gold and silver mines--animal and vegetable productions : interspersed with very entertaining anecdotes ... : to which is added a complete dictionary of the Indian tongue / by William Fisher, Esq.	1	1813	Baltimore
260747	West	Alicia de Lacy : an historical romance / by the author of ""The loyalists,"" &c."	4	1814	London
260748	Helme, Elizabeth	Instructive rambles in London and the adjacent villages : Designed to amuse the mind and improve the understanding of youth / by Elizabeth Helme.	1	1811	London
260749	Swift, Jonathan	The works of Jonathan Swift D. D., Dean of St. patrick\\\'s, Dublin : containing additional letters, tracts, and poems, not hitherto published / with notes, and a life of the author, by Sir Walter Scott, bart.	19	1814	Edinburgh
260750	Swift, Jonathan	The works of Jonathan Swift D. D., Dean of St. patrick\\\'s, Dublin : containing additional letters, tracts, and poems, not hitherto published / with notes, and a life of the author, by Sir Walter Scott, bart.	19	1814	Edinburgh
260751	Louis Bonaparte	Maria; or, The Hollanders / by Louis Bonaparte.	3	1815	London
260752	Wall, Anton	Amatonda : a tale from the German of Anton Wall.	1	1811	London
260753		A short account of the courtship of Alonzo & Melissa : setting forth their hardships and difficulties, caused by the barbarity of an unfeeling father / by Daniel Jackson, Jun.	1	1811	Plattsburgh [NY]
260754		The Asylum, or, Alonzo and Melissa : an American tale, founded on fact / by I. Mitchell.	2	1811	Poughkeepsie [N.Y.] :
260755	Foster, Hannah Webster	The coquette, or, The history of Eliza Wharton : a novel, founded on fact / by a lady of Massachusetts.	1	1811	Newburyport:
260756	Irving, Washington	Salmagundi : or, The whim-whams and opinions of Launcelot Langstaff, esq. and others ....	2	1811	London
260757	Parker, Emma	Elfrida, heiress of Belgrove : a novel. / By Emma Parker.	4	1811	London
260758	Rose, Edward H	The sea-devil; or, Son of a bellows-mender : a tragi-comic romance of the present day. In two volumes. / By Edward Rose, seaman.	2	1811	Plymouth Dock
260759	Klopstock, Friedrich Gottlieb	The Messiah / from the German of Klopstock. The first sixteen books by Mrs. Collyer, and the three last by Mrs. Meeke. To which is prefixed, An introduction on divine poetry. In two volumes.	2	1811	London
260760	Nares, Edward	Thinks-I-to-myself : a serio-ludicro, tragico-comico tale / written by Thinks-I-to-Myself, Who?	2	1811	London
260761	Nares, Edward	Thinks-I-to-myself : a serio-ludicro, tragico-comico tale / written by Thinks-I-to-Myself, Who?	2	1811	London
260762	West	The refusal. By the author of the ""Tale of the times,"" ""Infidel father,"" &c."	3	1810	London
260763	Swift, Jonathan	A tale of a tub : written for the universal improvement of mankind : To which is added an account of a battle between the ancient and modern books in St. James Library : with the author\\\'s apology, and explanatory notes / by W. Wotton, B.D. and others.	1	1811	London
260764	Fowler, George	The wandering philanthropist; or, Lettres [sic] from a Chinese. Written during his residence in the United States. Discovered and edited by George Fowler.	1	1810	Philadelphia
260765		Dame Partlet\\\'s farm : containing an account of the great riches she obtained by industry, the good life she led, and alas good reader! her sudden death : to which is added, a hymn, written by Dame Partlett, just before her death, and an epitaph for her tomb stone.	1	1810	Philadelphia
260766		Rosa; or, American genius and education.	1	1810	New York
260767	Barrett, Eaton Stannard	The metropolis, or, A cure for gaming ; interspersed with anecdotes of living characters in high life / by Cervantes Hogg [pseud]	3	1811	London
260768	Cottin	The Saracen; or, Matilda and Malek Adhel, a crusade romance, from the French of Madame Cottin, with an historical introduction, by J. Michaud.	2	1810	New York
260769	Brown, Charles Brockden	Ormond : or, The secret witness / by B. C. Brown.	3	1811	London
260770	Hunter, Rachel	Letters from Mrs. Palmerstone  to her daughter; inculcating morality by entertaining narratives. By Mrs. Hunter.	3	1810	London
260771	Cottin	Elizabeth, or, The exiles of Siberia.	1	1810	London
260772	Porter, Anna Maria	The lake of Killarney : a novel in two volumes / by Anna Maria Porter.	2	1810	Philadelphia
260773	Johnson, Samuel	Rasselas, : a tale. / By Samuel Johnson, LL.D.	1	1816	Oxford
260774	Smith, Charlotte Turner	The old manor house : a novel / By Charlotte Smith.	2	1810	London
260775	Cuthbertson, Catherine	Forest of Montalbano : a novel / by the author of Santo Sebastiano and The romance of the Pyrenees.	4	1810	London
260776		Anne of Brittany : an historical romance.	3	1810	London
260777	A Lady	Julia de Vienne : a novel, imitated from the french / by a lady.	4	1811	London
260778	Goulburn, Edward	Frederick de Montford : a novel / By the author of The pursuits of fashion.	3	1811	London
260779		Bath and London ; or, Scenes in each : a novel.	4	1811	London
260780	Walsh	The officer\\\'s daughter ; or, A visit to Ireland in 1790 / By the Daughter of a Captain in the Navy, deceased.	4	1810	London
260781		The avenger ; or, The Sicilian vespers : a romance of the thirteenth century, not inapplicable to the nineteenth.	3	1810	London
260782	Austen, Jane	Emma: a novel. In three volumes. By the author of ""Pride and prejudice,"" &c. &c. ..."	3	1816	London
260783	Austen, Jane	Mansfield Park; a novel in three volumes By the author of ""Pride and prejudice."	3	1816	London
260784	Austen, Jane	Mansfield Park: a novel.  In three volumes. By the author of ""Sense and sensibility"", and ""Pride and prejudice"" ..."	3	1814	London
260785	Austen, Jane	Sense and sensibility : a novel in three volumes / By a lady.	3	1811	London
260786	Shelley, Mary Wollstonecraft	Frankenstein, or, The modern Prometheus.	3	1818	London
260787	Friend to St. Peter	The trial of Antichrist, otherwise, the man of sin, for high treason against the Son of God ... / taken in short hand by a friend to St. Peter.	1	1810	Boston
260788	Lamb, Charles	Tales from Shakspeare : designed for the use of young persons ...	1	1813	Philadelphia
260789	T. B	The life and death of the Merry Deuill of Edmonton : with the pleasant pranks of Smug the Smith, Sir John, and mine host of the George about the stealing of venison / by T.B.	1	1819	London
260790		Shakespeare\\\'s jest book / [edited by Samuel Weller Singer].	1	1814	Chiswick
260791	Ellis, George	Specimens of early English metrical romances : chiefly written during the early part of the fourteenth century ; to which is prefixed an historical introduction, intended to illustrate the rise and progress of romantic composition in France and England / by George Ellis, esq.	3	1811	London
260792	Harington, John	The metamorphosis of Ajax : a cloacinean satire, with the Anatomy and Apology, to which is added, Ulysses upon Ajax.	1	1814	Chiswick
260793	Painter, William	The palace of pleasure, beautified, adorned, and well furnished with pleasant histories and excellent novels, very requisite for delight and profit : Chosen and selected out of divers good and commendable authors.	2	1813	London
260794	Scott, Walter	Tales of my landlord : third series / collected and arranged  by Jedediah Cleishbotham.	4	1819	Edinburgh
260795	Scott, Walter	Tales of my landlord : third series / collected and arranged  by Jedediah Cleishbotham.	4	1819	Edinburgh
260796	Fielding, Henry	The works of Henry Fielding, esq., with An essay on his life and genius/ by Arthur Murphy, Esq.	14	1813	New York
260797	Swift, Jonathan	The works of the Rev. Jonathan Swift, D.D., Dean of St. Patrick\\\'s, Dublin / Arranged by Thomas Sheridan, A.M. with notes, historical and critical.	24	1812	New York
260798		Munchausen at Walcheren, or, A continuation of the renowned Barons surprising travels, adventures, expeditions, and exploits, at Walcheren, The Dardanelles, Talavera, Cintra, &c. &c. his various combats with Eastern armies: and the particulars of a wonderful turtle-feast with Sir W...... C...... on board his yacht, when preparing to attack Flushing. Written by himself.	1	1811	London
260799	Porter, Jane	The Scottish chiefs : a romance, in five volumes / by Miss Jane Porter.	5	1811	London
260800		The Spirit of ""The book"", or, Memoirs of Caroline, princess of Hasburgh : a political and amatory romance / edited by Thomas Ashe."	3	1811	London
260801		Christmas tales : for the amusement and instruction of young ladies and gentlemen in winter evenings.	1	1811	York
260802	Scott, Walter	Tales of my landlord : second series / collected and arranged  by Jedediah Cleishbotham.	4	1818	Edinburgh
260803	Scott, Walter	Tales of my landlord : second series / collected and arranged  by Jedediah Cleishbotham.	4	1818	Edinburgh
260804	Scott, Walter	Tales of my landlord / collected and arranged by Jedediah Cleishbotham.	4	1816	Edinburgh
260806	Battersby, John	Tell-tale sophas : an eclectic fable in three volumes : Founded on anecdotes, foreign and domestic / By John Battersby.	3	1814	London
260807	Barrett, Eaton Stannard	The heroine, or, Adventures of Cherubina / by Eaton Stannard Barrett.	3	1815	London
260808	Barrett, Eaton Stannard	The heroine, or, Adventures of Cherubina / by Eaton Stannard Barrett.	3	1815	London
260809	Barrett, Eaton Stannard	The heroine, or, Adventures of Cherubina / by Eaton Stannard Barrett.	3	1815	London
260810	Corp, Harriet	An antidote to the miseries of human life in the history of the     widow Placid and her daughter Rachel.	1	1810	London
260811	Brackenridge, H. H	Modern chivalry : containing the adventures of a captain and     Teague O\\\'Regan, his servant / By H. H. Brackenridge, ... With the last corrections and additions of the author. ...	2	1819	Pittsburgh
260812	Vandelure, John	A narrative of the travels of John Vandeluer, on the western continent : Containing an account of the conversion of an Indian chief and his family to Christianity : Being a letter written to his uncle in Philadelphia in the year 1796.	1	1817	Hallowell
260815	Erskine, Thomas Erskine	Armata : a fragment.	1	1818	London
260816	Erskine, Thomas Erskine	The second part of Armata.	1	1818	London
260817	Goldsmith, Oliver	The vicar of Wakefield : a tale.	1	1810	Philadelphia
260818		The adulteress, or, Anecdotes of two noble families : A tale : In four volumes / By an English-woman.	4	1810	London
260819	Opie, Amelia Alderson	Temper, or, Domestic scenes : a tale, in three volumes / by Mrs. Opie.	3	1812	London
260820	Ashe, Thomas	The liberal critic, or, Memoirs of Henry Percy : conveying a     correct estimate of the manners and principles of the present times/ By      Thomas Ashe, Esq.	3	1812	London
260821	Manvill, P.D	Lucinda, or, The mountain mourner : Being recent facts in a series of letters / from Mrs. Manvill, in the State of New-York, to her sister in Pennsylvania.	1	1817	Ballston Spa, NY :
260822	Paltock, Robert	The life & adventures of Peter Wilkins, a Cornish man : taken from his own mouth, in his passage to England, from off Cape Horn in America, in the ship Hector / by R.S., a passenger in the Hector.	2	1816	London
260823		The Arabian nights entertainments : carefully revised, and occasionally corrected from the Arabic : to which is added, a selection of new tales, now first translated from the Arabic originals, also, an introduction and notes, illustrative of the religion, manners and customs, of the Mahummedans / by Jonathan Scott.	6	1811	London
260824		The Arabian nights entertainments : carefully revised, and occasionally corrected from the Arabic : to which is added, a selection of new tales, now first translated from the Arabic originals, also, an introduction and notes, illustrative of the religion, manners and customs, of the Mahummedans / by Jonathan Scott.	6	1811	London
260825	Bigelow, Jacob	The wars of the gulls : an historical romance : In three chapters.	1	1812	New York
260826	Jacson, Frances	Rhoda : a novel / By the author of ""Things by their right names"" and ""Plain sense."	3	1816	London
260827	De Lourdoueix, M	Charenton, or, The follies of the age : a philosophical romance  / by M. de Lourdoueix ; translated from the French.	1	1818	London
260828	Brackenridge, H. H	Modern chivalry : containing the adventures of a captain, and Teague O\\\'Regan, his servant / By H.H. Brackenridge.	1	1815	Wilmington :
260830	Surr, T. S	The magic of wealth : a novel / by T. S. Surr.	3	1815	London
260831	West	The loyalists : an historical novel / by the author of ""Letters to a young man,"" ""A tale of the times,"" &c."	3	1812	London
260832	West	The loyalists : an historical novel / by the author of ""Letters to a young man,"" ""A tale of the times,"" &c."	3	1812	London
260833	Scott, Walter	Rob Roy / by the author of ""Waverley,"" ""Guy Mannering,"" and ""The antiquary."	3	1818	Edinburgh
260834	Scott, Walter	Rob Roy / by the author of ""Waverley,"" ""Guy Mannering,"" and ""The antiquary."	3	1818	Edinburgh
260835	Scott, Walter	The antiquary / by the author of ""Waverley"" and ""Guy Mannering."	3	1816	Edinburgh
260836	Scott, Walter	The antiquary / by the author of ""Waverley"" and ""Guy Mannering."	3	1816	Edinburgh
260837	Scott, Walter	The antiquary / by the author of ""Waverley"" and ""Guy Mannering."	3	1816	Edinburgh
260838	Burney, Sarah Harriet	Traits of nature / by Miss Burney, author of Clarentine, Geraldine Fauconberg, &c.	4	1812	London
260842	Brown, Thomas	Brighton, or, The Steyne : a satirical novel in three volumes.	3	1818	London
260843	Roche, Regina Maria	Anna, or, Edinburgh : a novel in two volumes / by Mrs. Roche.	2	1815	London
260844	Brown, Thomas	Bath : a satirical novel, with portraits / by Thomas Brown, the Elder.	3	1818	London
260845	Gunning	The man of fashion : a tale of modern times / by the late Miss Gunning.	2	1815	London
260846	Appleton	Edgar : a national tale / by Miss Appleton.	3	1816	London
260847		Robin Hood : a tale of the olden time : in two volumes.	2	1819	Edinburgh
260848		The ordeal : a novel : in three volumes.	3	1813	London
260850	Bury, Charlotte Campbell	Self-indulgence : a tale of the nineteenth century.	2	1812	Edinburgh
260851	Benson, Maria	The carriage / by Maria Benson.	1	1819	London
260852	Barrett, Eaton Stannard	Six weeks at Long\\\'s / by a late resident.	3	1817	London
260853	Benson, Maria	The wife : a novel : in three volumes / by Maria Benson.	3	1810	London
260855	Colman, George	The history of Elsmere and Rosa : an episode / the merry matter written by John Mathers; the grave by a solid gentleman.	2	1817	London
260857	Brooke, Frances	Manners : a novel.	3	1817	London
260858	Macneill, Hector	The Scottish adventurers, or, the way to rise : an historical tale / by Hector Macneill.	2	1812	Edinburgh
260859		Anne of Brittany : an historical romance.	3	1811	New York
260860	Jacson, Frances	Things by their right names : a novel / by a person without a name.	2	1812	London
260861	Ross	The bachelor and the married man, or The equilibrium of the ""balance of comfort."	3	1817	London
260862		Rosamund, Countess of Clarenstein.	3	1812	London
260863	Bigelow, Jacob	Varieties in woman : a novel.	3	1819	London
260868		The British novelists : with an essay, and prefaces, biographical and criticial / by Mrs. Barbauld.	50	1810	
260869	Richardson, Samuel	Clarissa, or, The history of a young lady : comprehending the most important concerns of private life : and particularly shewing the distresses that may attend the misconduct both of parents and children, in relation to marriage.	8	1810	London
260870	Richardson, Samuel	The history of Sir Charles Grandison : in a series of letters / Samuel Richardson.	7	1810	London
260871	Defoe, Daniel	The life and surprising adventures of Robinson Crusoe, of York, mariner : who lived eight-and-twenty years, all alone, on an uninhabited island, near the mouth of the great river Oroonoque : With an account of his travels round three parts of the globe / Written by himself.	2	1810	London
260872	Fielding, Henry	The history of the adventures of Joseph Andrews, and his friend, Mr. Abraham Adams : Written in imitation of the manner of Cervantes ... / by Henry Fielding.	1	1810	London
260873	Fielding, Henry	The history of Tom Jones, a foundling / Henry Fielding.	3	1810	London
260874	Reeve, Clara	The Old English Baron : a Gothic story / [Clara Reeve]. The Castle of Otranto : a Gothic story / Horace Walpole, Earl of Orford.	1	1810	London
260875	Coventry, Francis	The history of Pompey the Little, or the life and adventures of a lap-dog / by Mrs. Coventry. The Vicar of Wakefield : a tale. By Dr. Goldsmith.	1	1810	London
260876	Lennox, Charlotte	The female Quixote, or The adventures of Arabella / by Mrs. Lennox.	2	1810	London
260877	Johnson, Samuel	The history of Rasselas, prince of Abissinia / By Samuel Johnson. Almoran and Hamet : An oriental tale / By Dr. Hawkesworth.	1	1810	London
260879	Inchbald	A simple story / by Mrs. Inchbald.	1	1810	London
260880	Mackenzie, Henry	The man of feeling : and Julia de Roubigné, a tale, in a  series of letters / by Henry Mackenzie, esq.	1	1810	London
260881	Smollett, Tobias George	The expedition of Humphry Clinker / by the author of Roderick Random.	2	1810	London
260882	Graves, Richard	The spiritual Quixote, or the summers̕ ramble of Mr. Geoffry   Wildgoose : a comic romance to which is prefixed the life of the author.	2	1810	London
260883	Moore, John	Zeluco : various views of human nature, taken from life and  manners, foreign and domestic / by Dr. Moore.	2	1810	London
260884	Smith, Charlotte Turner	The old manor house / By Charlotte Smith.	2	1810	London
260885	Burney, Fanny	Evelina, or, The history of a young lady\\\'s introduction to the world.	2	1810	London
260886	Burney, Fanny	Cecilia, or, Memoirs of an heiress / by the author of Evelina.	3	1810	London
260887	Radcliffe, Ann Ward	The romance of the forest : interspersed with some pieces of poetry / by the authoress of ""A Sicilian romance,"" &c."	2	1810	London
260888	Radcliffe, Ann Ward	The mysteries of Udolpho : a romance : interspersed with some    pieces of poetry / by Ann Radcliffe.	3	1810	London
260889	Bage, Robert	Man as he is not ; or, Hermsprong / Robert Bage.	1	1810	London
260890	Edgeworth, Maria	Belinda / Maria Edgeworth.	2	1810	London
260891	Paulding, James Kirke	Letters from the South : written during an excursion in the summer of 1816 / by the author of John Bull and Brother Jonathan, &c. &c.	2	1817	New York
260892	Bloomfield, Obadiah Benjamin Franklin	The life and adventures of Obadiah Benjamin Franklin Bloomfield, M.D. : a native of the United States of America, now on the tour of Europe : interspersed with episodes, and remarks, religious, moral, public spirited, and humorous / written by himself.	1	1818	Philadelphia
260893	Graham, Elizabeth Susanna Davenport	Voyage to Locuta : a fragment, with etchings and notes of illustration : dedicated to Theresa Tidy ... / by Lemuel Gulliver, Jun.	1	1818	London
260894	Agg, John	A month in town : a satirical novel / by Humphrey Hedgehog.	3	1816	London
260897		The spirit of ""The book"" or, Memoirs of Caroline princess of        Hasburg : a political and amatory romance : In one volume / Edited by     Thomas Ashe, Esq."	1	1812	Philadelphia
260898	Balfour, Alexander	Campbell, or, The Scottish probationer : a novel.	3	1819	Edinburgh
260899	Dacre, Charlotte	The passions : in four volumes / by Rosa Matilda.	4	1811	London
260900	Brooke, Frances	A year and a day : a novel / by Madame Panache.	2	1818	London
260903	Ferrier, Susan	Marriage : a novel.	3	1818	Edinburgh
260904	Godwin, William	Mandeville : a tale of the seventeenth century in England / by William Godwin.	2	1818	New York
260905	Godwin, William	Mandeville : a tale of the seventeenth cenutry in England / by William Godwin.	3	1817	Edinburgh
260906	Hamilton, Elizabeth	The cottagers of Glenburnie : a tale for the farmer\\\'s fire-side / by Elizabeth Hamilton.	1	1812	Philadelphia
260907	Hamilton, Elizabeth	The cottagers of Glenburnie : a tale for the farmer\\\'s fire-side / by Elizabeth Hamilton.	1	1812	Philadelphia
260909	Hutton, Catherine	The Welsh mountaineer : a novel / by Catharine Hutton.	2	1817	Philadelphia
260910	Argus, Arabella	The juvenile spectator : being observations on the tempers, manners, and foibles of various young persons : interspersed with such lively   matter as it is presumed will amuse as well as instruct / by Arabella Argus.	1	1810	London
260911		Letters of an Italian nun and an English gentleman / translated from the French of J.J. Rousseau.	1	1817	London
260912		Lionel, or, The last of the Pevenseys : a novel.	3	1818	London
260915	Serres, Olivia Wilmot	Memoirs of a princess, or, First love : an historical romance / by Olivia W. S----, author of ""The book."	2	1812	London
260916		Fatherless Fanny, or, A young lady\\\'s first entrance into life : being the memoirs of a little mendicant and her benefactors / by the author of The old English baron, &c. &c.	1	1816	Sheffield
260917	Jacson, Frances	Rhoda : a novel / by the author of ""Things by their right names,"" ""Plain sense,"" &c."	3	1816	London
260918	Roche, Regina Maria	The monastery of St. Columb, or, The atonement : a novel / by Regina Maria Roche.	5	1813	London
260919	Ross	The balance of comfort, or, The old maid and married woman : a novel / by Mrs. Ross.	3	1817	London
260920	Ross	The balance of comfort, or, The old maid and married woman : a novel / by Mrs. Ross.	3	1817	London
260922	Porter, Anna Maria	The recluse of Norway / by Anna Maria Porter.	2	1815	Philadelphia
260924	Barlow, F	A sequel to Coelebs, or, The Stanley letters : containing observations on religion and morals, with anecdotes founded on fact.	1	1812	London
260925	West	The loyalists : an historical novel / by the author of ""Letters to a young man"", ""A tale of the times"", &c."	2	1813	Boston
260929	Rousseau, Jean-Jacques	Eloisa : a series of letters / translated from the French of J.J. Rousseau; to which are added, The adventures of Lord B- at Rome, being the sequel of Eloisa (found among the author\\\'s papers after his decease).	3	1810	London
260930	Mathers, John	The history of Mr. John Decastro and his brother Bat, commonly called Old Crab : in four volumes / the merry matter written by John Mathers, the grave by a solid gentleman.	4	1815	London
260931	Corp, Harriet	An antidote to the miseries of human life, in the history of the widow Placid and her daughter Rachel / by Harriet Corp.	1	1814	London
260933	Cuthbertson, Catherine	Adelaide, or, The countercharm : a novel.../ By the author of ""Santo Sebastiano, or, The young protector,"" ""Romance of the Pyrenees,"" and ""The forest of Montalbano"" ..."	5	1813	London
260934	Cuthbertson, Catherine	Rosabella, or, A mother\\\'s marriage : a novel : in five volumes / By the author of The romance of the Pyrenees, Santo Sebastiano, or, The young protector, The forest of Montalbano ...	5	1817	London
260935	Cuthbertson, Catherine	Rosabella, or, A mother\\\'s marriage : a novel : in five volumes / By the author of The romance of the Pyrenees, Santo Sebastiano, or, The young protector, The forest of Montalbano ...	5	1817	London
260936	Dallas, Alexander R.C	Felix Alvarez, or, Manners in Spain : containing descriptive accounts of some of the prominent events of the late peninsular war : and authentic anecdotes illustrative of the Spanish character : interspersed with poetry, original, and from the Spanish / by Alexander R.C. Dallas.	3	1818	London
260937	Edgeworth, Maria	Harrington : a tale and Ormond : a tale / by Maria Edgeworth, author of Comic dramas, Tales of fashionable life, &c. &c ; in three volumes.	3	1817	London
260938	Dallas, Robert Charles	The miscellaneous works and novels of R. C. Dallas.	7	1813	London
260940		Harold the exile.	3	1819	London
260941	Herbster, F.	The cavern of Roseville, or, The two sisters : a tale / translated from the French of Madame Herbster by A. Jamieson.	1	1817	London
260942	Hutton, Catherine	The miser married : a novel / by Catherine Hutton.	3	1813	London
260943	Johnstone, C. I	Clan-Albin : a national tale.	4	1815	London
260944	Leadbeater, Mary	Tales for cottagers : accomodated to the present condition of the Irish peasantry / by Mary Leadbetter and Elizabeth Shakleton.	1	1814	Dublin
260945		The absent man : a narrative / edited by Sir Peter Plastic, Knight of the Order of the Tower and Sword.	1	1817	London
260946		The absent man : a narrative / edited by Sir Peter Plastic, Knight of the Order of the Tower and Sword.	1	1817	London
260947	Plumptre, Anne	Tales of wonder, of humour, and of sentiment; original and translated. By Anne and Annabella Plumptre.	3	1818	London
260948	Gunning	Dangers through life, or, The victim of seduction : a novel / by Mrs. Plunkett (late Miss Gunning).	3	1812	London
260949	Porter, Anna Maria	The fast of St. Magdalen : a romance / by Miss Anna Maria Porter.	3	1819	London
260951	Porter, Jane	Thaddeus of Warsaw / by Miss Porter.	4	1812	London
260952	Prickett	Warwick Castle : an historical novel / by Miss Prickett.	3	1815	London
260953		Rachel : a tale.	1	1818	London
260955	Cottin	Elizabeth, or, The exiles of Siberia : A tale founded on facts / From the French of Madame de Cottin, by Mrs. Meeke.	1	1814	London
260956	Opie, Amelia Alderson	Tales of real life / by Mrs. Opie.	3	1813	London
260958	Moysey, Abel	Forman : a tale.	3	1819	London
260959	Radcliffe, Ann Ward	The castles of Athlin and Dunbayne : a Highland story / by Ann Radcliffe.	1	1811	London
260960	Opie, Amelia Alderson	The father and daughter : a tale, in prose / by Mrs. Opie.	1	1819	London
260961	Author of Prodigious!!!, or, Childe paddie in London	Gogmagog-Hall, or, The philosophical lord and the governess / by the author of Prodigious!!! or, Childe Paddie in London.	3	1819	London
260962	Maturin, Charles Robert	Women, or, Pour et contre : a tale / by the author of ""Bertram,"" &c. ; in three volumes."	3	1818	Edinburgh
260963	Hawkins, Laetitia Matilda	The countess and Gertrude, or, Modes of discipline / by Laetitia-Matilda Hawkins ; in four volumes.	4	1811	London
260964	Cordova, Cordelia	Human nature : a novel : in three volumes.	3	1816	London
260967		Popular romances : consisting of imaginary voyages and travels : Containing Gulliver\\\'s travels, Journey to the world under ground, The life and adventures of Peter Wilkins, The adventures of Robinson Crusoe, and The history of Automathes / to which is prefixed an introductory dissertation, by Henry Weber, esq.	1	1812	Edinburgh
260968	Scott, Walter	Guy Mannering, or, The astrologer / by the author of Waverley.	3	1817	Edinburgh
260969	Scott, Walter	Waverley, or, \\\'Tis sixty years since.	3	1817	Edinburgh
260970	Scott, Walter	Tales of my landlord / collected and arranged by Jedediah Cleishbotham.	4	1818	Edinburgh
260973	Stuart, Augusta Amelia	Cava of Toledo, or, The Gothic princess : A romance / by Augusta Amelia Stuart.	5	1812	London
260980	Swift, Jonathan	A tale of a tub : written for the universal improvement of mankind : To which is added, An account of a battle between the ancient and modern books in St. James\\\'s Library : with the author\\\'s apology, and explanatory notes / by W. Wotton and others.	1	1812	New York
260981	Mordaunt, Henry	Chronicles of the Ton, or, A spring and summer in London / by Henry Mordaunt.	3	1815	
260982	Smollett, Tobias George	The adventures of Peregrine Pickle : in which are included Memoirs of a lady of quality : in two volumes.	2	1815	London
260983	Smollett, Tobias George	The adventures of Roderick Random / by T. Smollett ; with a life of the author.	1	1815	London
260984		Worthingham-lease : a tale / by _____.	1	1811	London
260985	Erskine, Thomas Erskine	Armata : a fragment.	2	1817	London
260986	Sullivan, W. F	The history of Mr. Rightway and his pupils : an entertaining and instructive lesson for young gentlemen / written by William Francis Sullivan.	1	1816	London
260988	Swift, Jonathan	Gulliver\\\'s travels into several remote nations of the world / by Jonathan Swift ; with a sketch of his life.	1	1819	London
260990	Campbell, John	Worlds displayed, for the benefit of young people, by a familiar history of some of their inhabitants.	1	1819	Boston
260991		The history of Jacob Newman, the shipwrecked Irish boy.	1	1810	New York
260992	Bigland, John	The philosophical wanderers, or, The history of the Roman tribune, and the priestess of Minerva : exhibiting the vicissitudes that diversify the fortunes of nations and individuals / by John Bigland.	1	1811	London
261004	Waterhouse, Benjamin	A journal of a young man of Massachusetts : late a surgeon on board an American privateer, who was captured at sea by the British, in May, eighteen hundred and thirteen, and was confined first, at Melville island, Halifax, then at Chatham, in England, and last, at Dartmoor prison : interspersed with observations, anecdotes and remarks, tending to illustrate the moral and political characters of three nations : to which is added, a correct engraving of Dartmoor prison, representing the massacre of American prisoners / written by himself.	1	1816	Boston
261006	Erskine, Thomas Erskine	The second part of Armata.	1	1817	London
261007	Cervantes Saavedra, Miguel de	Don Quixote de la Mancha / translated from the original Spanish of Miguel de Cervantes Saavedra by Charles Jarvis ; embellished with twenty-four highly finished engravings, from drawings designed expressly for this edition.	4	1819	London
261008	Hervey, Elizabeth	Amabel, or, Memoirs of a woman of fashion / By Mrs. Hervey.	4	1814	London
261009	Johnson, Samuel	The history of Rasselas, Prince of Abyssinia : A tale / By Samuel Johnson, LL.D.	1	1812	London
261010	Smith, Charlotte Turner	Ethelinde, or, The recluse of the lake : a novel / by Charlotte Smith.	5	1814	London
261011	Ashe, Thomas	The spirit of The book, or, Memoirs of Caroline princess of Hasburgh : a political and amatory romance : in one volume / edited by Thomas Ashe.	1	1812	Philadelphia
261012	Morgan	Florence Macarthy : an Irish tale / by Lady Morgan.	4	1818	London
261013	Morgan	O\\\'Donnel : a national tale / by Lady Morgan, (late Miss Owenson).	3	1814	London
261014	Lawrence, James	The empire of the Nairs, or, The rights of women : An Utopian romance, in twelve books / by James Lawrence.	4	1811	London
261015	High Dutch gentleman	Rabelais the Younger, or, The history of some cities and of several wonderful men and ladies in the western world / written by a High Dutch gentleman and his sweetheart, Callipyga Softbones.	1	1819	New York
261016		True and infernal friendship, or, The wisdom of Eve : and The character of the serpent, with the situations, joys, and loss of Paradise ...	1	1813	Providence, R.I. :
261017	Clopper, Jonas	Fragments of the history of Bawlfredonia : containing an account of the discovery and settlement, of that great southern continent : and of the formation and progress of the Bawlfredonian commonwealth / By Herman Thwackius ; Translated from the original Bawlfredonian manuscript, into the French language, by Monsieur Traducteur, and rendered into English, by a citizen of America..	1	1819	Baltimore
261018	Fidfaddy, Frederick Augustus	The adventures of Uncle Sam in search after his lost honor / by Frederick Augustus Fidfaddy.	1	1816	Middletown
261019	Irving, Washington	Salmagundi, or, the whim-whams and opinions of Launcelot Langstaff, Esq. and others.	2	1814	New York
261020	Irving, Washington	A history of New York, from the beginning of the world to the end of the Dutch dynasty : containing among many surprising and curious matters, the unutterable ponderings of Walter the Doubter, the disastrous projects of William the Testy, and the chivalric achievements of Peter the Headstrong, the three Dutch governors of New-Amsterdam : being the only authentic history of the times that ever hath been published / by Diedrich Knickerbocker.	2	1812	New York
261021	Irving, Washington	The sketch book of Geoffrey Crayon, gent. : No. I[-VII].	2	1819	New York
261022	Irving, Washington	The sketch book of Geoffrey Crayon, gent. : No. I[-VII].	2	1819	New York
261023	Irving, Washington	The sketch book of Geoffrey Crayon, gent. : No. I[-VII].	2	1819	New York
261024	Irving, Washington	The sketch book of Geoffrey Crayon, gent. : No. I[-VII].	2	1819	New York
261025	Irving, Washington	The sketch book of Geoffrey Crayon, gent. : No. I[-VII].	2	1819	New York
261026	Irving, Washington	The sketch book of Geoffrey Crayon, gent. : No. I[-VII].	2	1819	New York
261027	Irving, Washington	The sketch book of Geoffrey Crayon, gent. : No. I[-VII].	2	1819	New York
261028	Irving, Washington	The sketch book of Geoffrey Crayon, gent. : No. I[-VII].	2	1819	New York
261029	Irving, Washington	The sketch book of Geoffrey Crayon, gent. : No. I[-VII].	2	1819	New York
261030	Knapp, Samuel L	Extracts from the journal of Marshal Soult : addressed to a friend : how obtained, and by whom translated is not a subject of enquiry.	1	1817	Newburyport [Mass.] :
261031	Rowson	Sarah, or the Exemplary wife / By Susanna Rowson.	1	1813	Boston
261032	Paulding, James Kirke	The diverting history of John Bull and Brother Jonathan / by Hector Bull-us.	1	1812	New York
261033		The Old bachelor.	1	1814	Richmond [Va.] :
261034	Weems, M. L	God\\\'s revenge against adultery : awfully exemplified in the following cases of American crim. con. I. The accomplished Dr. Theodore Wilson, (Delaware,) who for seducing Mrs. Nancy Wiley, had his brains blown out by her husband. II. The elegant James O\\\'Neale, Esq. (North Carolina,) who for seducing the beautiful Miss Matilda L\\\'Estrange, was killed by her brother / By Mason L. Weems, author of The life of Washington.	1	1816	Philadelphia
261035	Weems, M. L	God\\\'s revenge against gambling : exemplified in the miserable lives and untimely deaths of a number of persons of both sexes, who had sacrificed their health, wealth, and honor at gaming tables : with curious anecdotes ... / by M.L. Weems.	1	1818	Philadelphia
261036	Botsford	Adelaide : a new and original novel / by a lady of Philadelphia.	2	1816	Philadelphia
261037	Brackenridge, H. H	Modern chivalry : containing the adventures of a captain, and Teague O\\\'Regan, his servant / By H.H. Brackenridge.	4	1815	Philadelphia
261038	Weems, M. L	God\\\'s revenge against murder, or, The drown\\\'d wife : a tragedy as lately performed ... by Ned Findley ... / by M.L. Weems.	1	1818	Philadelphia
261039	Strong, Titus	The common reader : consisting of a variety of pieces, original and selected : intended for the use of schools, and particularly calculated for the improvement of scholars of the first & second classes in the art of reading / by T. Strong.	1	1818	Greenfield
261040	Waterhouse, Benjamin	A journal of a young man of Massachusetts : late a surgeon on board an American privateer, who was captured at sea by the British, in May, eighteen hundred and thirteen, and was confined first, at Melville island, Halifax, then at Chatham, in England, and last, at Dartmoor prison : interspersed with observations, anecdotes and remarks, tending to illustrate the moral and political characters of three nations : to which is added, a correct engraving of Dartmoor prison, representing the massacre of American prisoners / written by himself.	1	1816	Boston
261041		The History of Capt. Thomas Parismas : containing a particular account of the cruel and barbarous treatment of a young lady, who was the wife of Mr. James Negotio, a merchant, in the East Indies ...	1	1812	Greenwich [Mass.] :
261042	Neal, John	Keep cool : a novel / written in hot weather, by somebody, M.D.C. &c. &c. &c. author of sundry works of great merit, never published, or read, from his-story ; reviewed by -- himself -- ""Esquire""."	2	1817	Baltimore
261043	Sabin, Elijah R	The life and reflections of Charles Observator : in which are displayed the real characters of human life / by Elijah R. Sabin.	1	1816	Boston
261044	Finch, John	The Soldier\\\'s orphan : a novel.	1	1812	New York
261045	Burney, Sarah Harriet	Geraldine Fauconberg  / by Miss Burney.	2	1817	Philadelphia
261046	Tyler, Royall	The Algerine captive, or, The life and adventures of Doctor Updike Underhill, six years a prisoner among the Algerines.	1	1816	Hartford [Conn.] :
261047	Woodworth, Samuel	The champions of freedom, or, The mysterious chief : a romance of the nineteenth century, founded on the events of the war, between the United States and Great Britain, which terminated in March, 1815 / By Samuel Woodworth.	2	1816	New York
261048	Hutton, Catherine	The miser married : a novel : in two volumes / by Catherine Hutton.	2	1814	Philadelphia
261049	Hutton, Catherine	Oakwood Hall : a novel : including a description of the lakes of Cumberland and Westmoreland, and a part of South Wales / By Catherine Hutton.	3	1819	London
261050	Lockhart, J. G	Peter\\\'s letters to his kinsfolk.	3	1819	Edinburgh
261051	Johnstone, C. I	Clan-Albin : a national tale : four volumes in three.	3	1815	Philadelphia
261052	Morgan	Florence Macarthy : an Irish tale / by Lady Morgan.	4	1819	London
261053	Edgeworth, Maria	Comic dramas : in three acts / by Maria Edgeworth.	1	1817	Philadelphia
261054	Walker, George	The vagabond, or, Practical infidelity : a novel / by George Walker.	1	1814	Harrisonburg [Va.] :
261055	Author of The Greeks	Life high & low / by the author of The Greeks, Pigeons, Fashion, To night, Ton, Modern belles, Modern beaux, Dress and address, &c. ; embellished with humorous coloured plates.	1	1819	London
261056	Hofland	The son of a genius : a tale for the use of youth / by the author of The history of an officer\\\'s widow and family, Clergyman\\\'s widow and family, Daughter-in-law, etc. etc.	1	1818	New York
261060	Chateaubriand, FrancÃßois-ReneÃÅ	Atala : or, The love and constancy of two savages in the desert / translated from the French of F.A. Chateaubriand by Caleb Bingham.	1	1814	Boston
261063	Richmond, Legh	The dairyman\\\'s daughter : an authentic and interesting narrative in two parts.	2	1819	Philadelphia
261064	Sabbath school teacher	A visit to a Sabbath evening school : a narrative for children / by a Sabbath school teacher.	1	1818	New York
261065		Memoirs of Catharine Mason and Julia Mills.	1	1818	Philadelphia
261066	Cunningham, J. W	Sancho, or, The proverbialist / by J.W. Cunningham.	1	1817	London
261072	StaeÃàl	Zulma, and other tales : to which is prefixed an essay on fictions / By the Baroness de Stael Holstein ; Translated from the French.	2	1813	London
261073	Genlis, SteÃÅphanie FeÃÅliciteÃÅ	Sainclair, or The victim to the arts and sciences, and Hortense, or The victim to novels and travel : A novel, in two volumes / Translated from the French of Madame de Genlis by Archibald Haralson ; To which is prefixed, a tale of the celebrated M. Florian, entitled Claudine, or The Savoyarde.	1	1813	Georgetown
261074	Cottin	Elizabeth, or, The exiles of Siberia : A tale founded upon facts / From the French of Madame Cottin.	1	1815	Windsor [Vt.] :
261075		The old bachelor.	2	1818	Baltimore
261076		Comic tales in prose and verse : comprising a selection from the most celebrated authors.	1	1814	Philadelphia
261077	Brydges, Egerton	Archaica : Containing a reprint of scarce old English prose tracts / With prefaces, critical and biographical, by Sir E. Brydges, bart., M.P.	2	1815	London
261078	Montolieu, Isabelle de	Sentimental anecdotes / by Madame de Montolieu ; translated from the French by Mrs. Plunkett, formerly Miss Gunning.	2	1812	Philadelphia
261079	Dorset, Catherine Ann Turner	Think before you speak, or, The three wishes : a tale / by the author of the Peacock at home.	1	1810	Philadelphia
261080		The Blackbird\\\'s nest : a tale.	1	1812	Philadelphia
261081	Campbell, John	Worlds displayed, for the benefit of young people, by a familiar history of some of their inhabitants.	1	1819	Philadelphia
261082	Swift, Jonathan	Gulliver\\\'s travels into several remote nations of the world / By Jonathan Swift ... With a sketch of his life.	1	1815	London
261083	Peacock, Thomas Love	Melincourt / By the author of Headlong Hall.	3	1817	London
261084	Author of The citizen\'s daughter	My bird and my dog : a tale for youth / by the author of the Citizen\\\'s daughter, Idiot heiress, &c.	1	1816	London
261085	Taylor, Jefferys	Harry\\\'s holiday, or, The doings of one who had nothing to do / by Jefferys Taylor ; with a preface by Miss Jane Taylor, author of Nursery rhymes, Hymns for infants, &c	1	1818	London
261086		Varieties of life, or, Conduct and consequences : A novel / By the author of ""Sketches of character."	3	1815	London
261088		The Affecting narrative of Peggy and Patty Summers, or, The sisters of Ashdale : their unfortunate meeting with Capt. Jackall at Carlisle, who personated their brother : His introducing them to Lord Racket, (who he was employed by) as an acquaintance of his : the abominable art used to ruin them : and an account of their father\\\'s journey to London, His finding them in keeping, and not being able to get access to them was the cause of his death.	2	1810	London
261089	Edgeworth, Maria	The Absentee : a tale / by Miss Edgeworth.	1	1812	Philadelphia
261090	Juvenis	Mary and Fanny : A narrative / By Juvenis [pseud.] ...	1	1816	London
261091	Beckford, William	Vathek : translated from the original French.	1	1816	London
261092	Richardson, Samuel	The history of Sir Charles Grandison / abridged from the works of Samuel Richardson.	1	1812	Wilmington [Del.] :
261094		Memoirs of Oliver Cromwell and his children / supposed to be written by himself.	3	1816	London
261095	Budden, Maria Elizabeth	True stories, from ancient history : chronologically arranged : from the creation of the world to the death of Charlemagne / by the author of ""Always happy,"" &c."	3	1819	London
261096	Edgeworth, Maria	Belinda / Maria Edgeworth.	2	1810	London
261097	Erskine, Thomas Erskine	Armata : a fragment.	1	1817	London
261098	Erskine, Thomas Erskine	The second part of Armata.	1	1817	London
261099	Weems, M. L	The drunkard\\\'s looking glass : reflecting a faithful likeness of the drunkard, in sundry very interesting attitudes, with lively representations of the many strange capers which he cuts at different stages of his disease : as first, when he has only ""a drop in his eye,"" second, when he is ""half shaved,"" third, when he is getting ""a little on the staggers or so,"" and fourth, and fifth, and so on, till he is ""quite capsized,"" or ""snug under the table with the dogs,"" and can ""stick to the floor without holding on."" / By M.L. Weems ..."	1	1818	Philadelphia
261100	Weems, M. L	God\\\'s revenge against adultery : awfully exemplified in the following cases of American crim. con. I. The accomplished Dr. Theodore Wilson, (Deleware,) who for seducing Mrs. Nancy Wiley, had his brains blown out by her husband. II. The elegant James O\\\'Neale, Esq. (North Carolina,) who for seducing the beautiful Miss Matilda L\\\'Estrange, was killed by her brother / By Mason L. Weems, author of The life of Washington.	1	1818	Philadelphia
261102	Hughs	The ornaments discovered : a story, in two parts / by the author of Aunt Mary\\\'s tales.	1	1815	London
261103	Galt, John	The history of Gog and Magog, the champions of London : containing an account of the origin of many things relative to the city : a tale / by Robin Goodfellow, author of The rocking horse.	1	1819	London
261104	Cunningham, J. W	The velvet cushion.	1	1814	London
261105	Knight, Ellis Cornelia	Dinarbas : a tale.	1	1813	Brattleborough
276043	Corp, Harriet	A sequel to the Antidote to the miseries of human life, containing a further account of Mrs. Placid and her daughter Rachel.	1	1814	London
276045	Brooke, Frances	A year and a day : a novel / by Madame Panache.	2	1818	London
276046	West	Alicia de Lacy : an historical romance / by the author of ""The loyalists,"" &c."	4	1814	London
276061	Scott, Walter	Peveril of the Peak / By the author of ""Waverley, Kenilworth,"" &c. In three volumes."	3	1823	Philadelphia
276063	Edgeworth, Maria	Patronage / by Maria Edgeworth.	4	1814	London
276069		National tales.	2	1825	New York
276072	Brackenridge, H. H	Modern chivalry : containing the adventures of a captain and     Teague O\\\'Regan, his servant / By H. H. Brackenridge, ... With the last corrections and additions of the author. ...	2	1819	Pittsburgh
276075	Meeke, Mary	Midnight weddings : a novel / by Mrs. Meeke.	3	1814	London
276092	Roberts	Duty : a novel / by the late Mrs. Roberts ... interspersed with poetry and preceded by a character of the author by Mrs. Opie.	3	1814	London
276093	Murray, Hugh	Corasmin, or, The minister : a romance / by the author of the Swiss emigrants.	2	1814	London
276097	Hanway, Mary Ann	Christabelle, the maid of Rouen : a novel founded on facts / by Mrs. Hanway.	4	1814	London
276103		Bannockburn : a novel : being a sequel to The Scottish Chiefs by Miss Jane Porter.	2	1822	Philadelphia
276109	Burney, Fanny	The wanderer, or, Female difficulties / by the author of Evelina, Cecilia, and Camilla.	5	1814	London
276110	Burney, Fanny	The wanderer, or, Female difficulties / by Madame d\\\'Arblay, author of Evelina, Cecilia, and Camilla.	3	1814	New York
276114	Porter, Anna Maria	The recluse of Norway / by Miss Anna Maria Porter.	4	1814	London
276142	Burney, Sarah Harriet	Tales of fancy / by S. H. Burney. ...	3	1816	London
276148	Hawkins, Laetitia Matilda	Rosanne, or, A father\\\'s labour lost / by Laetitia-Matilda Hawkins.	3	1814	London
276150	Weston, Anna Maria	Pleasure and pain, or The fate of Ellen : a novel / by Anna Maria Weston.	3	1814	London
276155	Battersby, John	Tell-tale sophas : an eclectic fable in three volumes : Founded on anecdotes, foreign and domestic / By John Battersby.	3	1814	London
279595	Bird, Robert Montgomery	Nick of the woods, or the jibbenainosay / A tale of Kentucky ; in two volumes.	2	1837	Philadelphia
374838	Bacon, Delia Salter	The bride of Fort Edward : founded on an incident of the Revolution.	1	1839	New York
374841	Bokum, Hermann	Never despair : A tale of the emigrants. Founded on fact.	1	1837	New York
374924		The brigantine: or, Admiral Lowe. A tale of the 17th century. By an American.	1	1839	New York
374930	Brownson, Orestes Augustus	Charles Elwood: or, the infidel converted. By O.A. Brownson.	1	1840	Boston
374933	Bradbury, Osgood	Mysteries of Lowell.	1	1844	Boston
374934	Briggs, Charles F	Working a passage, or, Life in a liner : published for the benefit of young travellers / by B.C.F.	1	1844	New York
374935	Ashby	Helen Howard, or The bankrupt and broker : A tale of New England / By Professor Ashby.	1	1845	Boston
374936		Autobiography of a reformed drunkard, or, Letters and recollections by an inmate of the Alms-House.	1	1845	Philadelphia
374937	Ballou, Maturin Murray	Fanny Campbell: or, The female pirate captain. A tale of the Revolution. By Lieutenant Murray.	1	1844	New York
374938	Ballou, Maturin Murray	Albert Simmons; or, The midshipman\\\'s revenge. A tale of land & sea. By Frank Forester.	1	1845	Boston
374939	Ballou, Maturin Murray	Fanny Campbell, the female pirate captain. A tale of the Revolution. By Lieutenant Murray.	1	1845	Boston
374940	Ballou, Maturin Murray	The naval officer, or, The pirate\\\'s cave : a tale of the last war / by Lieutenant Murray.	1	1845	Boston
374941	Barker, B	Cecilia: or, The white nun of the wilderness. A romance of love and intrigue. By Benjamin Barker.	1	1845	Boston
374942	Barker, B	Emily Elwood, or, The hermit of the crags : A romance of the last war / by Benjamin Barker.	1	1845	Boston
374943	Barker, B	Mary Moreland: or The fortunes and misfortunes of an orphan. By Benjamin Barker.	1	1845	Boston
374945	Ballou, Maturin Murray	The child of the sea, or The smuggler of Colonial times. And The love test. By Lieutenant Murray.	1	1846	Boston
374947	Bradbury, Osgood	Monira; or, The wandering heiress.	1	1845	Boston
374948	Barker, B	Clarilda; or, The female pickpocket. A romance of New York City. By B. Barker.	1	1846	Boston
374949	Ballou, Maturin Murray	The gipsey: or, The robbers of Naples. A story of love and pride. By Lieutenant Murray.	1	1847	Boston
374950	Ballou, Maturin Murray	Roderick the rover: or, The spirit of the wave / by Lieutenant Murray.	1	1847	Boston
374952	Ballou, Maturin Murray	The Spanish musketeer. A tale of military life. By Lieutenant Murray.	1	1847	Boston
374953	Bird, Robert Montgomery	Calavar, or, The knight of the conquest : a romance of Mexico / By R. M. Bird.	2	1847	Philadelphia
374956	Bryant, John D	Pauline Seward. A tale of real life. By John D. Bryant.	2	1847	Baltimore
374957	Ashland, Aria	Dark Sybil: or, The fortunes of the Catherwoods. By Aria Ashland.	1	1848	Boston
374958	Ballou, Maturin Murray	Red Rupert, the American buccaneer. A tale of the Spanish Indies. By Lieutenant Murray.	1	1848	Boston
374959	Bennett, Emerson	Kate Clarendon: or, Necromancy in the wilderness. A tale of the Little Miami. By Emerson Bennett.	1	1848	Cincinnati
374961	Ballou, Maturin Murray	Albert Simmons, or, The midshipman\\\'s revenge : a tale of land and sea / by Lieutenant Murray.	1	1849	Boston
374962	Ballou, Maturin Murray	Roderic the rover; or, the spirit of the wave / by Lieutenant Murray.	1	1849	Boston
374963	Ballou, Maturin Murray	The Spanish musketeer, a tale of military life / By Lieutenant Murray.	1	1849	Boston
375219	Batchelder, Eugene	A romance of the sea serpent, or, The ichthyosaurus. [By Wave, pseud.]  Also, a collection of the ancient and modern authorities, with letters from distinguished merchants and men of science.	1	1849	Cambridge
375220	Briggs, Emily Edson	Ellen Parry; or, Trials of the heart. By Olivia [pseud.].	1	1850	New York
375221	Ballou, Maturin Murray	The naval officer: or, The pirate\\\'s cave : a thrilling story of the last war / by Lieutenant Murray.	1	1852	Boston
375224	Bacon, Delia Salter	Tales of the puritans : The regicides, The fair pilgrim, Castine.	1	1831	New Haven
375225		The Atlantic club-book : being sketches in prose and verse / by various authors. In two volumes.	2	1834	New York
375230	Bache, Anna	The fire-screen, or Domestic sketches / By Mrs. Anna Bache.	1	1841	Philadelphia
375233	Brown, John Walker	Julia of Baiae; or, The days of Nero. A story of the martyrs.	1	1843	New York
375235	Ballou, Maturin Murray	Fanny Campbell: the female pirate captain : a tale of the revolution / by Lieutenant Murray.	1	1849	Boston
375707	Bird, Robert Montgomery	Sheppard Lee. / Written by himself. In two volumes.	2	1836	New York
375791	Brown, Charles Brockden	Arthur Mervyn, or, Memoirs of the year 1793 / by Charles Brockden Brown.	2	1827	Boston
375855	Brackenridge, H. H	Modern chivalry, containing the adventures of a captain, and Teague O\\\'Regan, his servant. / By H. H. Brackenridge.	1	1825	Wilmington :
375929	Botsford	The reign of reform, or Yankee Doodle court / by a lady.	1	1830	Baltimore
376226	Brown, Charles Brockden	Jane Talbot: a novel/ by the author of Arthur Mervyn, Wieland, Ormond, Edgar Huntley, and Clara Howard.	1	1801	Philadelphia
376344	Brown, Charles Brockden	Arthur Mervyn ; or, Memoirs of the year 1793 / by Charles Brockden Brown.	2	1827	Boston
376394	Brown, Charles Brockden	Edgar Huntly, or memoirs of a sleep walker / by Charles Brockden Brown.	1	1827	Boston
376395	Bird, Robert Montgomery	Calavar; or, The knight of the conquest : a romance of Mexico.	2	1834	Philadelphia
376396	Bird, Robert Montgomery	The hawks of hawk-hollow : A tradition of Pennsylvania / In two volumes.	2	1835	Philadelphia
376408	Brown, Charles Brockden	Jane Talbot: a novel/ by the author of Arthur Mervyn, Wieland, Ormond, Edgar Huntley, and Clara Howard.	1	1801	Philadelphia
376409	Bird, Robert Montgomery	The infidel, or, the fall of Mexico. A romance / by the author of ""Calavar""."	2	1835	Philadelphia
376580	Bird, Robert Montgomery	The infidel, or, the fall of Mexico : A romance / by the author of ""Calavar""."	2	1835	Philadelphia
376602		Blackbeard : a page from the colonial history of Philadelphia.	2	1835	New York
376702	Bird, Robert Montgomery	Peter Pilgrim, or, A rambler\\\'s recollections / by the author of ""Calavar,"" ""Nick of the woods,"" &c."	2	1838	Philadelphia
376788	Bird, Robert Montgomery	The adventures of Robin Day.	2	1839	Philadelphia
377334		Adventures in a castle : An original story / written by a citizen of Philadelphia.	1	1806	Harrisburg :
377351	Bradbury, Osgood	The distiller&#x2019;s daughter, or, The power of woman / by the author of The mysteries of Boston.	1	1844	[S.l. :
377362	Brackenridge, H. H	Modern chivalry: containing the adventures of a captain, and Teague O\\\'Regan, his servant / By H. H. Brackenridge. Volume I.	1	1808	Philadelphia
377373	Bloodgood, S. DeWitt	A sketch of the olden time, or, General Lee\\\'s farewell dinner, at New-York ; founded on fact. Being the first of a series of Revolutionary tales / by an antiquary.	1	1829	New York
377404	Bird, Robert Montgomery	The hawks of hawk-hollow : ib A tradition of Pennsylvania / ic In two volumes.	2	1835	Philadelphia
377553	Abeel, David	The missionary convention at Jerusalem, or, An exhibition of the claims of the world to the gospel.	1	1838	New York
377661	Botsford, Edmund	A spiritual voyage : performed in the ship Convert, under the command of Captain Godly-Fear, to the Haven of Felicity, on the continent of Glory. An allegory / by Edmund Botsford.	1	1819	Philadelphia
377728	Hull, Edward	Adsonville: or Marrying out : A narrative tale.	1	1824	Albany
377751	Arthur, T. S	Tired of housekeeping / by T.S. Arthur.	1	1842	New York
377769	Bar, M. Ro	Mary the maniac, or, The mother her own victim ; In eight letters to a young lady at the South / by M. Ro. Bar (Lev.) [pseud.].	1	1844	New York
377773	Arthur, T. S	Lovers and husbands : a story of married life / by T. S. Arthur.	1	1845	New York
377782	Arthur, T. S	The two merchants; or, Solvent and insolvent. / By T.S. Arthur.	1	1843	Philadelphia
377783	Arthur, T. S	The maiden: a story for my young countrywomen. / By T.S. Arthur.	1	1845	Philadelphia
377794	Belknap, Jeremy	The foresters, an American tale : Being a sequal [sic] to the History of John Bull the clotheir. In a series of letters to a friend.	1	1831	Exeter
377800	Arthur, T. S	The heiress, by T.S. Arthur.	1	1845	New York
377812		Annette Warington; or Sequel to The black velvet bracelet. / By the author of \\\'Early impressions,\\\' \\\'Temptation,\\\' &c..	1	1832	Boston
377845	Bourne, George	Lorette : The history of Louise, daughter of a Canadian nun ; exhibiting the interior of female convents.	1	1833	New York
377909	Bickley, Lloyd Wharton	The aristocrat: : an American tale. / By the author of ""Zoe"", &c. In two volumes. Vol. I[-II]."	2	1833	Philadelphia
378217	Brown, Charles Brockden	Clara Howard ; in a series of letters / by the author of Wieland.	1	1801	Philadelphia
378310	Arthur, T. S	Keeping up appearances; or, a tale for the rich and poor. / By T.S. Arthur.	1	1847	New York
378334	Arthur, T. S	Riches have wings; or, A tale for the rich and poor. / By T.S. Arthur, author of ""Keeping up appearances,"" the ""Young music teacher,"" ""Lady at home,"" etc."	1	1847	New York
378344	Arthur, T. S	Debtor and creditor; : a tale of the times. / By T.S. Arthur, author of ""Riches have wings,"" ""Rising in the world,"" ""Keeping up appearances,"" ""Making haste to be rich,"" etc."	1	1848	New York
378355	Arthur, T. S	Making haste to be rich : or, The temptation and fall / by T.S. Arthur.	1	1848	New York
378359	Arthur, T. S	Retiring from business: or, The rich man\\\'s error. / by T.S. Arthur, author of ""Keeping up appearances,"" ""The young music teacher,"" ""Lady at home,"" etc.."	1	1848	New York
378367	Arthur, T. S	Married and single, or, Marriage and celibacy contrasted : in a series of domestic pictures / by T.S. Arthur.	1	1848	Philadelphia
378745	Irving, Washington	A history of New York, from the beginning of the world to the end of the Dutch dynasty, containing among many surprising and curious matters, the unutterable ponderings of Walter the Doubter, the disastrous projects of William the Testy, and the chivalric achievements of Peter the Headstrong, the three Dutch governors of New Amsterdam; being the only authentic history of the times that ever hath been, or ever will be published, by Diedrich Knickerbocker.	2	1809	New York
378748	Rowson, Susanna Haswell	Charlotte Temple : a tale of truth ..	1	1816	Walpole, N.H.
378758	Waterhouse, Benjamin	A journal, of a young man of Massachusetts, late a surgeon on board an American privateer, who was captured at sea by the British ... and was confined first, at Melville island, Halifax, then at Chatham, in England, and last, at Dartmoor prison : Interspered with observations, anecdotes and remarks, tending to illustrate the moral and political characters of three nations. To which is added, a correct engraving of Dartmoor prison, representing the massacre of American prisoners / Written by himself ..	1	1816	Boston
378774	Waln, Robert	The hermit in America on a visit to Philadelphia. Containing some account of the beaux and belles...of that famous city...Edited by Peter Atall, esq. [pseud.]	1	1819	Philadelphia
378819	Foster, Hannah Webster	The coquette; or, The history of Eliza Wharton, a novel founded on fact. By a lady of Massachusetts.	1	1828	Exeter
378851	Hall, James	The soldier\\\'s bride and other tales. By James Hall	1	1833	Philadelphia
378880	Gilman, Caroline Howard	Recollections of a housekeeper, by Mrs. Clarissa Packard.	1	1834	New York
378959	Irving, Washington	The sketch book of Geoffrey Crayon, gent. [pseud.] .	1	1819	New York
378973	Irving, Washington	Bracebridge hall; or, The humorists. By Geoffrey Crayon, gent. [pseud.]	2	1822	London
379016	Irving, Washington	Tales of a traveller. By Geoffrey Crayon, gent. [pseud.]	2	1824	London
379041	Leslie, Eliza	Pencil sketches :  b or, Outlines of character and manners /  c by Miss Leslie.	3	1833	Philadelphia
379054	Dunlap, William	Thirty years ago, or, The memoirs of a water drinker / by the author of ""Memoirs of George Frederick Cooke ..."	2	1836	New York
379061	Smith, Seba	The select letters of Major Jack Downing [pseud.] : of the Dowingville militia, away down East, in the state of Maine / Written by himself ..	1	1834	Philadelphia
379082	Irving, Washington,  d 1783-1859	The Crayon miscellany By the author of the Sketch book .	3	1835	Philadelphia
379084	Sargent, Charles Lenox	The life of Alexander Smith, captain of the island of Pitcairn : one of the mutineers on board His Majesty\\\'s ship Bounty, commanded by Lieut. Wm. Blight / written by Smith himself, on the above island, and bringing the accounts from Pitcairn, down to the year 1815.	1	1819	Boston
379124	Irving, Washington	The sketch book of Geoffrey Crayon [i.e. W. Irving]	2	1824	New York
379125	Dunlap, William	Thirty years ago, or, The memoirs of a water drinker / by the author of ""Memoirs of George Frederick Cooke ..."	2	1836	New York
379150	Cooper, James Fenimore	The spy : a tale of the neutral ground.	2	1824	New York
379157	Brackenridge, H. H	Modern chivalry : containing the adventures of a captain, and Teague O\\\'Regan, his servant / By H. H. Brackenridge ... [pt. 1]	2	1825	Wilmington, (Del.)
379183	Irving, Washington	A chronicle of the conquest of Granada / by Fray Antonio Agapida.	2	1829	Philadelphia
379185	Irving, Washington	The Alhambra : a series of tales and sketches of the Moors and Spaniards / by the author of The sketch book ..	2	1832	Philadelphia
379195	Longfellow, Henry Wadsworth	Outre-mer : a pilgrimage beyond the sea.	2	1835	New York
379297	Cooper, James Fenimore	The Pioneers, or the sources of the Susquehanna : a descriptive tale / By the author of ""Precaution."	2	1825	New York
379700	Bennett, Emerson	The trapper\\\'s bride : or, Spirit of adventure / by the author of The prairie bird. Letter-press Full Work	1	1848	Cincinnati
379764	Ballou, Maturin Murray	Rosalette: or, The flower girl of Paris. : A romance of France. / By Lieutenant Murray, author of \\\'Fanny Campbell,\\\' \\\'The naval officer,\\\' \\\'The gipsey,\\\' \\\'The Spanish musketeer,\\\' \\\'Roderick the rover,\\\' \\\'The adventurer.\\\' etc. etc.	1	1848	Boston
379820	Arthur, T. S	Rising in the world; or, A tale for the rich and poor. / by T.S. Arthur, author of ""Keeping up appearances,"" ""Riches have wings,"" etc. etc."	1	1848	New York
379836	Brackenridge, H. H	Modern chivalry : containing the adventures of a captain, and Teague O\\\'Regan, his servant / By H. H. Brackenridge. Volume I.	1	1804	Philadelphia
379838	Arthur, T. S	Love in a cottage. / By T.S. Arthur, author of ""Insubordination, or The shoemaker\\\'s daughters,"" ""Arthur\\\'s temperance tales,"" ""The maiden,"" ""The wife,"" ""The mother,"" etc."	1	1848	Philadelphia
379858	Averill, Charles E	The pirates of Cape Ann; or, The freebooter\\\'s foe. : A tale of land and water. / By Charles E. Averill, author of The secret service ship, The wreckers, etc., etc., etc..	1	1848	Boston
379884	Arthur, T. S	Temptations: : a story for the reformed, by T.S. Arthur. As originally published in the New-York Organ. Illustrated by seven original engravings by R. Major. With other tales..	1	1848	New York
379944	Averill, Charles E	The Mexican ranchero: or, The maid of the chapparal. : A romance of the Mexican War. / By Charles E. Averill, author of the \\\'Secret Service ships,\\\' ;Corsair King,\\\' &c., &c.	1	1847	Boston
379988	Arthur, T. S	Tales from real life / by T.S. Arthur ; containing Bell Martin, Family pride, Mary Ellis, Alice Melville, Pride and principle	1	1851	Philadelphia
380015	Ballou, Maturin Murray	The gipsey: or, The robbers of Naples. : A story of love and pride. / By Lieutenant Murray, author of \\\'Fanny Campbell,\\\' \\\'The Spanish musketeer,\\\' \\\'Roderick the rover,\\\' etc. etc.	1	1847	Boston
380133	Arthur, T. S	Sketches of life and character. / By T.S. Arthur. Illustrated with sixteen engravings and a portrait of the author.	1	1853	Philadelphia
380167	Olivia, Briggs, Emily Edson	Ellen Parry; or, Trials of the heart. / By Olivia [pseud.].	1	1850	New York
380188	Arthur, T. S	Tales of married life / by T.S. Arthur. Containing ...	1	1850	Philadelphia
380228	Arthur, T. S	The young artist : or, The dream of Italy / by T.S. Arthur.	1	1850	New York
380231	Arthur, T. S	The debtor\\\'s daughter, or, Life and its changes / by T.S. Arthur.	1	1850	Philadelphia
380237	Bradbury, Osgood	The belle of the bowery.	1	1849	New York
380249	Arthur, T. S	Riches have wings; or, a tale for the rich and poor. / By T.S. Arthur. Author of ""Keeping up appearances,"" the ""Young music teacher,"" ""Lady at home,"" etc.."	1	1849	New York
380526	Barnes, Charlotte Mary Sanford	Plays, prose and poetry / by Charlotte M.S. Barnes.	1	1848	Philadelphia
380622	Peppergrass, Paul	Shandy M\\\'Guire, or, Tricks upon travellers / being a story of the north of Ireland / by Paul Peppergrass [i.e. J. Boyce].	1	1848	New York
380625	J. A. B.	Mary Bean: : the factory girl. A domestic story, illustrative of the trials and temptations of factory life. Founded on recent events. / By Miss J.A.B., of Manchester..	1	1850	Boston
380629	Franco, Harry	The adventures of Harry Franco, a tale of the great panic. : In two volumes. Vol. II.	1	1839	New York
380672	Barker, B	Zoraida: or The witch of Naumkeag! : A tale of the olden time. / By Egbert Augustus Cowslip, Esq.	1	1845	Boston
380676	Arthur, T. S	The stolen wife : an American romance / by the author of ""The Tailor\\\'s apprentice"" and ""The little pilgrims."	1	1843	Philadelphia
380729	Arthur, T. S	The wife: a story for my young countrywomen. / By T.S. Arthur.	1	1845	Philadelphia
380752	Allen, Elizabeth	Sketches of Green Mountain life : with an autobiography of the author / By Miss Elizabeth Allen.	1	1846	Lowell [Mass.] :
380846	Batchelder, Eugene	A romance of the sea-serpent, or, The ichthyosaurus. : Also, a collection of the ancient and modern authorities, with letters from distinguished merchants and men of science. / By Eugene Batchelder.	1	1850	Cambridge
427580	Fielding, Henry	The works of Henry Fielding, esq., with An essay on his life and genius/ by Arthur Murphy, Esq.	14	1814	New York
427644	Fielding, Henry	The works of Henry Fielding, esq., with An essay on his life and genius/ by Arthur Murphy, Esq.	14	1814	New York
427785	Fielding, Henry	The works of Henry Fielding, esq., with An essay on his life and genius/ by Arthur Murphy, Esq.	14	1814	New York
427894	Fielding, Henry	The works of Henry Fielding, esq., with An essay on his life and genius/ by Arthur Murphy, Esq.	14	1814	New York
428009	Fielding, Henry	The works of Henry Fielding, esq., with An essay on his life and genius/ by Arthur Murphy, Esq.	14	1815	New York
428027	Fielding, Henry	The works of Henry Fielding, esq., with An essay on his life and genius/ by Arthur Murphy, Esq.	14	1815	New York
428064	Fielding, Henry	The works of Henry Fielding, esq., with An essay on his life and genius/ by Arthur Murphy, Esq.	1	1815	New York
428066	Fielding, Henry	The works of Henry Fielding, esq., with An essay on his life and genius/ by Arthur Murphy, Esq.	1	1815	New York
428071	Fielding, Henry	The works of Henry Fielding, esq., with An essay on his life and genius/ by Arthur Murphy, Esq.	1	1816	New York
428076	Fielding, Henry	The works of Henry Fielding, esq., with An essay on his life and genius/ by Arthur Murphy, Esq.	1	1816	New York
428108	Fielding, Henry	The works of Henry Fielding, esq., with An essay on his life and genius/ by Arthur Murphy, Esq.	1	1816	New York
428124	Fielding, Henry	The works of Henry Fielding, esq., with An essay on his life and genius/ by Arthur Murphy, Esq.	1	1816	New York
428147	Fielding, Henry	The works of Henry Fielding, esq., with An essay on his life and genius/ by Arthur Murphy, Esq.	1	1816	New York
428185	Swift, Jonathan	A tale of a tub : written for the universal improvement of mankind : To which is added an account of a battle between the ancient and modern books in St. James Library : with the author\\\'s apology, and explanatory notes / by W. Wotton, B.D. and others.	1	1811	London
440209	Opie, Amelia	Illustrations of lying, in all its branches.	1	1825	London
440230	Mackenzie, Henry	The man of feeling by Henry Mackenzie	1	1800	Berwick
440246	Bigelow, Jacob	The wars of the gulls : an historical romance : In three chapters ..	1	1812	New York
440270	Lawrence, James	The empire of the Nairs,  or, The rights of women : An Utopian romance, in twelve books / by James Lawrence. In four volumes.	4	1813	London
440290	Wright, Frances,	A few days in Athens, being the translation of a Greek manuscript discovered in Herculaneum. By Frances Wright.	1	1822	London
440294		Adsonville, or, Marrying out: a narrative tale	1	1824	Albany
440295	Hervey, Elizabeth	Amabel, or, Memoirs of a woman of fashion in four volumes. Vol. I-IV / By Mrs. Hervey, author of The Mourtray family, &c.	4	1814	London
440296	Corp, Harriet	An antidote to the miseries of human life : in the history of the widow Placid and her daughter Rachael.	1	1808	New York
440305	Cottin, Madame (Sophie),	Elizabeth, or, the exiles of Siberia	1	1814	London
440308	Lamb, Caroline,	Glenarvon.	3	1816	London
440315	Opie, Amelia	Illustrations of lying, in all its branches /  by Amelia Opie. From the second London ed.	1	1827	Hartford
440316	Opie, Amelia	Illustrations of lying in all its branches by Amelia Opie.	1	1829	Exeter, N. H. : 
440320	Author of The Greeks	Life High and Low  by the author of The greeks, Pigeons, Fashion, To night, Ton, Modern belles, Modern beaux, Dress and address, &c. ; embellished with humorous coloured plates.	1	1819	London
440321		The surprising adventures of Bampfylde Moore Carew, king of the beggars  containing his life, a dictionary of the cant language and many entertaining particulars of that extraordinary man.	1	1812	
440332	Brackenridge, H. H	Modern chivalry: containing the adventures of a captain, and Teague O\\\'Regan, his servant. By H. H. Brackenridge.	1	1825	Wilmington, (Del.)
440333	Opie, Amelia	Simple tales	4	1806	London
440334	Opie, Amelia	New tales by Mrs. Opie	4	1818	London
440354	Wright, Frances,	A few days in Athens, being the translation of a Greek manuscript discovered in Herculaneum. By Frances Wright.	1	1822	London
440357		Adsonville, or, Marrying out: a narrative tale	1	1824	Albany
440358	Hervey, Elizabeth	Amabel, or, Memoirs of a woman of fashion in four volumes. Vol. I-IV / By Mrs. Hervey, author of The Mourtray family, &c.	4	1814	London
440360	Corp, Harriet	An antidote to the miseries of human life : in the history of the widow Placid and her daughter Rachael.	1	1808	New York
440369	Cottin, Madame (Sophie),	Elizabeth, or, the exiles of Siberia	1	1814	London
440372	Lamb, Caroline,	Glenarvon.	3	1816	London
440378	Opie, Amelia	Illustrations of lying, in all its branches /  by Amelia Opie. From the second London ed.	1	1827	Hartford
440379	Opie, Amelia	Illustrations of lying in all its branches by Amelia Opie.	1	1829	Exeter, N. H. : 
440385	Author of The Greeks	Life High and Low  by the author of The greeks, Pigeons, Fashion, To night, Ton, Modern belles, Modern beaux, Dress and address, &c. ; embellished with humorous coloured plates.	1	1819	London
440386		The surprising adventures of Bampfylde Moore Carew, king of the beggars  containing his life, a dictionary of the cant language and many entertaining particulars of that extraordinary man.	1	1812	
440382	Brackenridge, H. H	Modern chivalry: containing the adventures of a captain, and Teague O\\\'Regan, his servant. By H. H. Brackenridge.	1	1825	Wilmington, (Del.)
440394	Opie, Amelia	Simple tales	4	1806	London
440395	Opie, Amelia	New tales by Mrs. Opie	4	1818	London
440400	Bunyan, John	The pilgrim\\\'s progress.	1	1805	Philadelphia
440404	Johnson, Samuel	Rasselas.	1	1831	Boston
440406	Lockhart, J.G. (John Gibson),	Reginald Dalton.  v.1, v.2, v.3	3	1823	Edinburgh
440409	Opie, Amelia	Temper or, Domestic scenes, a tale, in three volumes. by Mrs. Opie.	3	1812	London
440410	Le Sage, Alain-RenÈ	The Adventures of Gil Blas of Santillana v.1, v.2	2	1809	London
440412	Davis, John	The farmer of New Jersey: or, A picture of domestic life. A tale /  |c By the translator of Buonaparte\\\'s campaign, author of Ferdinand and Elizabeth, &c. &c.	1	1800	New York
440417	Bigland, John	The philosophical wanderers or, The history of the Roman tribune, and the priestess of Minerva : exhibiting the vicissitudes that diversify the fortunes of nations and individuals / by John Bigland.	1	1811	London
440419	Lester, Elizabeth B	The Quakers: A tale /  by Elizabeth B. Lester	1	1818	New York
440420	Lester, Elizabeth B	The Quakers a tale / By Elizabeth B. Lester.	1	1817	London
440421	Lester, Elizabeth B	The Quakers : a tale /  By Elizabeth B. Lester.	1	1818	New York
440423	Fielding, Henry	The history of Tom Jones.	4	1818	Philadelphia
440424	More, Hannah	The two wealthy farmers :  or, The history of Mr. Bragwell / [Hannah More]	1	1800	Philadelphia
1295841	Hassal, Mary	Secret history, or, The horrors of St. Domingo / in a series of letters written by a lady at Cape Francois, to Colonel Burr ...	1	1808	Philadelphia
1337190		Rosa; or, American genius and education.	1	1810	New York
1361816	Cooper, James Fenimore	The pioneers, or, the sources of the Susquehana: a descriptive tale / by the author of the Precaution.	2	1823	New York
1361817	Cooper, James Fenimore	The pioneers, or, The sources of the Susquehanna : a descriptive tale / by the author of Precaution.	2	1823	New York
1724557	Cooper, James Fenimore	Precaution : a novel : In two volumes.	2	1820	New York
1740351	Irving, Washington	Bracebridge Hall, or, The humorists : a medley / by Geoffrey Crayon, gent. ; in two volumes.	2	1822	New York
1783632	M\'Henry, James	The wilderness, or, Braddock\\\'s times : A tale of the West.	2	1823	New York
1786548	Hentz, Nicholas Marcellus	Tadeuskund, the last king of the Lenape : An historical tale.	1	1825	Boston
1805125	Neal, John	Errata, or, The works of Will. Adams : a tale / by the author of Logan, Seventy-six and Randolph.	2	1823	New York
194546	M. A. P	The history of Elenor Williams / by the author of the ""Orphan sisters,"" and the ""Old soldier.""      "	1	1820	Boston
2427580	Judah, Samuel B. H	Gotham and the Gothamites : a medley.	1	1823	New York
3573558		Narrative of Emily Graham.	1	1824	Philadelphia
3454989		The templar : To which is added, the Tales of Passaic / By a gentleman of New-York.	1	1822	Hackensack, N.J. [New Jersey]
3455066		Edmund and Margaret; or Sobriety and faithfulness rewarded.	1	1822	Cambridge
3455155		History of Constantius and Pulchera, or, Virtue rewarded.	1	1821	Boston
3455357	Child, Lydia Maria Francis	The rebels, or Boston before the Revolution / By the author of Hobomok. [Four lines of verse from Bryant]	1	1825	Boston
3455848	Clarke, McDonald	The elixir of moonshine : being a collection of prose and poetry / by the mad poet ; A great proportion of which has never before been published.	1	1822	New York
3456688	Cooper, James Fenimore	The spy : a tale of the neutral ground / By the author of ""Precaution"" ; In two volumes."	2	1822	New York
3457680	Cooper, James Fenimore	The pilot : a tale of the sea / By the author of The pioneers, &c. &c. ; In two volumes.	2	1823	New York
3459911	Irving, Washington	Salmagundi, or, the whim-whams and opinions of Launcelot Langstaff, Esq. and others.	2	1820	New York
3464706	Paulding, James Kirke	Koningsmarke, the Long Finne : a story of the New World : In two volumes.	2	1823	New York
3466573	Watterston, George	The L-- family at Washington, or, A winter in the metropolis.	1	1822	Washington
3468177	Tucker, George	The valley of Shenandoah, or, Memoirs of the Graysons. In two volumes.	2	1824	New York
3469522	Child, Lydia Maria Francis	Hobomok : a tale of early times / By an American.	1	1824	Boston
3469776	Cushing, E. L	Yorktown : an historical romance : In two volumes.	2	1826	Boston
3469781	Flint, Timothy	Francis Berrian, or The Mexican patriot : In two volumes.	2	1826	Boston
3469872	Flint, Timothy	George Mason, the young backwoodsman, or, \\\'Don\\\'t give up the ship\\\' : A story of the Mississippi / By the author of \\\'Francis Berrian.\\\'	1	1829	Boston
5911017	Judah, Samuel B. H	The buccaneers : a romance of our own country, in its ancient day; illustrated with divers marvellous histories, and antique and facetious episodes : gathered from the most authentic chronicles & affirmed records extant from the settlement of the Nieuw Nederlandts, until the times of the famous Richard Kid / Carefully collated from the laborious researches, and minute investigations, of that excellent antiquary and sublime philosopher, yclept Terentius Phlogobombos : [Two lines from Shakespeare] : In five books.	2	1827	Boston
3470604	Lummus, Aaron	The life and adventures of Dr. Caleb : who migrated from Egypt, and afterwards practised physic in the land of Canaan and elsewhere : an allegory : designed principally to amuse and edify young people / By Aaron Lummus, evangelii praedicator.	1	1822	Boston
3471348	Neal, John	Keep cool : a novel / written in hot weather, by somebody, M.D.C. &c. &c. &c. author of sundry works of great merit, never published, or read, from his-story ; reviewed by -- himself -- ""Esquire""."	2	1817	Baltimore
3471418	Neal, John	Logan : a family history : In two volumes.	2	1822	Philadelphia
3471487	Neal, John	Rachel Dyer : a North American story / By John Neal.	1	1828	Portland
3478066	Sedgwick, Catharine Maria	Hope Leslie, or Early times in the Massachusetts / By the author of Redwood ; In two volumes.	2	1827	New York
3478155	Sedgwick, Catharine Maria	A New-England tale, or, Sketches of New-England character and manners.	1	1822	New York
3478219	Sedgwick, Catharine Maria	Redwood : a tale : In two volumes.	2	1824	New York
3478569	Seaborn, Adam	Symzonia : a voyage of discovery / by Captain Adam Seaborn.	1	1820	New York
3478620	Tucker, George	A voyage to the moon : with some account of the manners and customs, science and philosophy, of the people of Morosofia, and other Lunarians / By Joseph Atterley.	1	1827	New York
3480400	Watkins, Tobias	Tales of the tripod, or A Delphian evening / By Pertinax Particular.	1	1821	Baltimore
3500094		Lost at sea.	1	1800	Warren, Pa. [Warren, Pennsylvania]
3570636-1	Marks, Richard	The Thatcher\\\'s wife, or, An account of Mary Camps.	1	1824	Philadelphia
3570636-2	Marks, Richard	The Thatcher\\\'s wife, or, An account of Mary Camps.	1	1824	Philadelphia
3570895		The poacher\\\'s daughter.	1	1823	Philadelphia
3571089		The Sunday school children.	1	1822	Philadelphia
3571120	Sherwood	The orphan boy.	1	1823	Philadelphia
3571220-1	Marshall	Ellen : a tale, in three parts / by an American lady.	1	1820	Philadelphia
3571220-2	Marshall	Ellen : a tale, in three parts / by an American lady.	1	1820	Philadelphia
3571236	Richmond, Legh	The dairyman\\\'s daughter : an authentic and interesting narrative in two parts.	2	1819	Philadelphia
3571294	Sabbath school teacher	A visit to a Sabbath evening school : a narrative for children / by a Sabbath school teacher.	1	1818	New York
3573308	Marks, Richard	The cottage girl, or, An account of Ann Edwards.	1	1824	Philadelphia
3573803		Memoirs of Catharine Mason and Julia Mills.	1	1818	Philadelphia
3573994		The poacher\\\'s daughter.	1	1820	Philadelphia
3574011		The Sunday school children.	1	1820	Philadelphia
3574040	Sherwood	The orphan boy.	1	1820	Philadelphia
3574061		Youthful piety, or, Memoirs of Miss Mariam Warner, Miss Eliza McCarty, and Miss Mary Jones : with the Rev. Dr. Dana\\\'s address to Sabbath school children.	1	1821	Hudson
3767898	M\'Call, John C	The witch of New England : a romance.	1	1824	Philadelphia
421748	Apes, William	A son of the forest. The experience of William Apes, a native of the forest. Comprising a notice of the Pequod tribe of Indians. Written by himself.	1	1829	New York
448220	Royall, Anne Newport	The Tennessean : a novel, founded on facts / By Mrs. Anne Royall.	1	1827	New Haven
573051	Brown, Charles Brockden	Edgar Huntly, or, Memoirs of a sleep-walker / by the author of Arthur Mervyn, Wieland,-- Ormond &c.	3	1801	Philadelphia
74927	Rowson	The history of Charlotte Temple : founded on fact / by Mrs. Rowson.	2	1801	New Haven
88576	American	Humanity in Algiers, or, The story of Azem / by an American, late a slave in Algiers.	1	1801	Troy
957218	Davis, John	The first settlers of Virginia : an historical novel, exhibiting a view of the rise and progress of the colony at Jamestown, a picture of Indian manners, the countenance of the country, and its natural productions.	1	1806	New York
1720878	Percival, Thomas	A father\\\'s instructions : consisting of moral tales, fables, and reflections, designed to promote the love of virtue, a taste for knowledge, and an early acquaintance with the works of nature / by Thomas Percival ...	1	1800	Richmond
40573		Choice tales; : consisting of an elegant collection of delightful little pieces for the instruction & amusement of young persons.	1	1800	Philadelphia
6996611	Hart	Letters from the Bahama Islands : written in 1823-4.	1	1827	Philadelphia
1341181	Paulding, James Kirke	A sketch of Old England / by a New-England man. In two volumes.	2	1822	New York
3769976	Darton, William	Little truths better than great fables : containing information on divers subjects, for the instruction of children : Illustrated with copper-plates.	2	1800	Philadelphia
ocm78091842 		Adelaide de Grammont : a romance of the fifteenth century.	1	1804	England
ocm40688589 		Agnes : or, The triumph of principle.	1	1822	London
ocm06756321 		Brambleton hall : a novel, being a sequel to the celebrated expedition of Humphrey Clinker, by Tobias Smollet.	1	1818	London
ocm13313695 	Bray	Fitz of Fitz-Ford; a legend of Devon.	3	1830	London
ocm02861722 	Brunton, Mary	Discipline; a novel by the author of ""Self-control."	3	1814	Edinburgh
ocm06536542 	Brunton, Mary	Self-control: a novel.	3	1811	Edinburgh
ocn486073979	Burney, Sarah Harriet	Traits of nature / by Miss Burney, author of Clarentine, &c.	5	1812	London
ocm52981134 	Burney, Sarah Harriet	Traits of nature, by Miss Burney, author of Clarentine, &c. In five volumes.	5	1813	London
ocn270121854	Chetwode	Blue-stocking hall.	3	1827	London
ocn480433456	Collyer, Mary	The death of Cain : in five books ; according to the manner of The death of Abel by Mr. Gessner.	1	1813	London
ocn123448855	Maintenon	The express : a novel.	3	1819	London
ocm02892878 	Eaton, Charlotte A	Continental adventures : a novel.	3	1826	London
ocm21212908 	Ferrier, Susan	Marriage, a novel. : In three volumes.	3	1818	Edinburgh
ocm00621029 	Ferrier, Susan	The inheritance, by the author of Marriage. In three volumes.	3	1824	Edinburgh
ocn607607606	Galt, John	Lawrie Todd, or, The settlers in the woods / by John Galt.	3	1830	London
ocn940098594	Galt, John	Rothelan : a romance of the English histories / by the author of Annals of the parish; Ringan Gilhaize; The spaewife; &c.	3	1824	Edinburgh
ocm12862142 	Kelty, Mary Ann	Osmond; a tale by the author of ""The favourite of nature."	3	1822	London
ocm06853360 	Kelty, Mary Ann	Trials; a tale. By the author of ""The favourite of nature"" ..."	3	1824	London
ocm04294241 		Caroline Ormsby ; or, The real Lucilla: a tale for the female sex. Interspersed with sketches moral and religious.	1	1810	London
ocn931590936	Kennedy, Grace	Dunallan ; or, Know what you judge : a story / by the author of ""The decision."	3	1825	Edinburgh
ocn228695081	Kennedy, Grace	Philip Colville, or, A covenanter\\\'s story : unfinished / by the Author of ""The decision,"" ""Father Clement,"" &c. &c."	1	1825	Edinburgh
ocm14975239 	Author of Silvanella	Lady Jane\\\'s pocket : a novel / by the author of Silvanella, or, The gipsey.	4	1815	London
ocm13226312 	Lester, Elizabeth B	The Quakers; a tale.	1	1817	London
ocm04739245 	Lewis, M. G	Romantic tales, by M.G. Lewis ...	4	1808	London
ocm37033335 	Lewis, M. G	Tales of wonder. Containing: The castle of enchantment; or, The mysterious deception. The robber\\\'s daughter; or, The magic legacy; and the enchanted knight.	1	1801	London
ocm16348484 		Love and satire: containing the sarcastic correspondence of Julius and Eliza. To which is prefixed, a few brief memoirs of an unfortunate lover [...]	1	1805	London
ocm10847141 	Mant, Alicia Catherine	Caroline Lismore, or, The errors of fashion : a tale / by Alicia Catherine Mant ...	1	1815	Southhampton
ocm29104507 	Mant, Alicia Catherine	Ellen, or, The young godmother : a tale for youth / by a young lady.	1	1812	Southampton
ocm06925160 	Maturin, Charles Robert	The Albigenses, a romance. By the author of ""Bertram,"" a tragedy: ""Woman; or, Pour et contre, "" &c. ..."	4	1824	London
ocm06929107 	Maturin, Charles Robert	Fatal revenge ; or, The family of Montorio. : a romance. / by Dennis Jasper Murphy. ; In three volumes.	3	1807	London
ocm20682925 	Maturin, Charles Robert	The wild Irish boy; a novel, by the author of Fatal Revenge ... etc.	4	1824	London
ocn810531182		Women : or, Pour et contre: a tale, by the author of \\\'Bertram\\\' &c. ... In three volumes ...	3	1818	Edinburgh
ocm02060360 	Jackson, Daniel	The asylum; or, Alonzo and Melissa. An American tale, founded on fact. By I. Mitchell.	2	1811	Poughkeepsie,
ocm09838110 	Lamb, Charles	Mrs. Leicester\\\'s school, or, The history of several young ladies : related by themselves.	1	1810	London
ocm06959518 	O\'Keeffe, Adelaide	Zenobia, queen of Palmyra; a narrative, founded on history ... By the author of Patriarchal times ...	2	1824	London
ocm04300840 	Peacock, Thomas Love	The misfortunes of Elphin, by the author of Headlong Hall.	1	1829	London
ocm08438237 	Peacock, Thomas Love	Headlong hall.	1	1816	London
ocm02494528 	Peacock, Thomas Love	Maid Marian / by the author of Headlong Hall [i.e. Thomas Love Peacock].	1	1822	London
ocm06968795 	Peacock, Thomas Love	Nightmare Abbey: / by the author of Headlong Hall.	1	1818	London
ocm10503613 	Picard, L.-B	The Gil Blas of the Revolution / by L.-B. Picard.	3	1825	London
ocm14032243 	Porter, Anna Maria	Don Sebastian; or, The House of Braganza an historical romance ... by Miss Anna Maria Porter.	4	1809	London
ocm03596752 	Porter, Anna Maria	The fast of St. Magdalen : a romance / by Anna Maria Porter.	3	1818	London
ocm06989179 	Porter, Anna Maria	Honor O\\\'Hara. A novel ... By Miss A.M. Porter ...	3	1826	London
ocm06977684 	Porter, Anna Maria	The Hungarian brothers ... By Miss Anna Maria Porter ...	3	1807	London
ocm01336923 	Porter, Anna Maria	The knight of St. John, a romance, by Miss Anna Maria Porter ...	3	1817	London
ocm06977863 	Porter, Anna Maria	The lake of Killarney: a novel ... By Anna Maria Porter ...	3	1804	London
ocm06972377 	Porter, Anna Maria	The recluse of Norway. By Miss Anna Maria Porter ...	4	1814	London
ocm06976739 	Porter, Anna Maria	Roche-blanche; or, The hunters of the Pyrenees. A romance. By Miss Anna Maria Porter ...	3	1822	London
ocm06972448 	Porter, Anna Maria	The village of Mariendorpt. A tale. By Miss Anna Maria Porter ...	4	1821	London
ocm63548219 	Porter, Anna Maria	The village of Mariendorpt : a tale / by Miss Anna Maria Porter.	2	1821	New York
ocm47896198 	Radcliffe, Ann Ward	Manfroné; or, The one-handed monk. A romance.	4	1819	London
ocm48799180 	Robinson, Mary	Angelina : a novel / by Mary Robinson.	3	1813	London
ocm07026767 	Roche, Regina Maria	The children of the abbey : a tale.	5	1807	Paris
ocm07026880 	Roche, Regina Maria	Contrast / by Regina Maria Roche.	3	1828	London
ocm07032000 	Roche, Regina Maria	The Munster cottage boy. A tale ... By Regina Maria Roche ...	4	1820	London
ocn482476225	Roche, Regina Maria	Nocturnal visit : a tale / By Maria Regina Roche.	4	1800	London
ocm10448517 	Roche, Regina Maria	Trecothick bower; or, The lady of the west country. A tale ... By Regina Maria Roche ...	2	1816	Philadelphia
ocn482470676	Roche, Regina Maria	The vicar of Lansdowne, or, Country quarters / by Regina Maria Roche.	2	1802	Baltimore
ocm18056772	Ross	The balance of comfort, or, The old maid and married woman : a novel / by Mrs. Ross.	3	1817	London
ocm07027666 	Ross	The Marchioness!!! or, ""The matured enchantress"" By Lady."	3	1813	London
ocm13310562 	Sargant, J. A	Ringstead Abbey, or, The stranger\\\'s grave : with other tales / by J.A. Sargant.	1	1830	London
ocn892596217	Sarrazin, Adrien de	Bardouc, or, The goat-herd of Mount Taurus : an Eastern tale / translated from the French of Adrien de Sarrazin.	1	1815	London
ocm50917140 	Satchel, John	Thornton Abbey : a series of letters on religious subjects.	3	1806	London
ocm13312753 	Scargill, William Pitt	Truckleborough hall; a novel.	3	1827	London
ocm07032578 	Scott, Maria	Winter tales: or, European nights\\\' entertainments. Edited by Maria Scott ...	1	1825	London
ocm38981912 	Scott, Walter	The fortunes of Nigel / by the author of ""Waverley, Kenilworth,"" &c."	3	1822	Edinburgh
ocn191257087	Scott, Walter	The fortunes of Nigel. / By the author of ""Waverley, Kenilworth,"" &c. ; [One line from Poetry of the Anti-Jacobin] ; Complete in one volume."	1	1822	Boston
ocm25074779 	Scott, Walter	The fortunes of Nigel. / by the author of ""Waverley,"" ""Kenilworth,"" etc. ; in three volumes.."	3	1822	Paris
ocm04635045 	Scott, Walter	The fortunes of Nigel, a romance / by the author of Waverley, Ivanhoe, &c.	2	1822	Philadelphia
ocm08634631 	Sidney, Philip Francis	The ruling passion : a comic story of the sixteenth century / revived, revised, and edited by Philip Francis Sidney.	3	1821	York
ocm65625364 	Smith	A family story / by Mr. Smith.	3	1800	London
ocm31393385 	Smith, Charlotte	The letters of a solitary wanderer : containing narratives of various description / by Charlotte Smith.	5	1800	London
ocm07071452 	Smith, Charlotte	The republican\\\'s mistress; a novel founded upon facts. By Charlotte Smith ...	3	1821	London
ocm00965816 		Tales of terror : with an introductory dialogue.	1	1801	London
ocm00742172 	Lewis, M. G	Tales of wonder; / written and collected by M.G. Lewis ... ; In two volumes.	2	1801	London
ocm13379341 	Tempest, Basil	The vallies; or, Scenes and thoughts from secluded life.	2	1827	London
ocm09930143 	Temple, Edmond	The life of Pill Garlick; rather a whimsical sort of fellow.	1	1813	London
ocn187451781	Charlotte Elizabeth	The Rockite : an Irish story / by Charlotte Elizabeth.	1	1829	London
ocm70516068 	Trelawney, Anne	Characters at Brighton : a novel in four volumes / by Anne Trelawney, author of The Offspring of Mortimer, & c &c.	4	1808	London
ocm10377134 	Walker, George	The vagabond : a novel / by George Walker.	1	1800	Boston
ocm01180901 	Ward, Catherine G	The cottage on the cliff : a sea-side story / by Catherine G. Ward.	1	1823	London
ocm78001274 	Ward, Catherine G	The daughter of St. Omar : a novel in two volumes / by Catharine G. Ward.	2	1810	London
ocn187453083	Ward, Catherine G	The fisher\\\'s daughter, or The wanderings of Wolf, and the fortunes of Alfred : being the sequel to that so greatly admired and popular work, entitled, the cottage on the cliff, or A seaside story / by Mrs. Catherine G. Ward.	1	1824	London
ocm22774772 	Ward, Catherine G	The forest girl, or, The mountain hut : an original and interesting domestic tale / by Catherine G. Ward.	1	1826	London
ocm21618027 	West, Jane	The advantages of education, or, The history of Maria Williams : a tale for very young ladies / by the author of A gossip\\\'s story, A tale of the times, &c.	2	1803	London
ocm59222208 		The Woman of genius.	3	1821	London
ocm43388336 	Wyss, Johann David	The Swiss family Robinson ; or, Adventures of a father and mother and four sons in a desert island : the genuine progress of the story forming a clear illustration of the first principles of natural history, and many branches of science which most immediately apply to the business of life. : To which are added, notes of reference, explanatory of the subjects treated of. : With plates, and a map of the island.	1	1824	London
429311	Johnson, R.	The blossoms of morality : intended for the amusement and instruction of young ladies and gentlemen / by the editor of The looking-glass for the mind.	1	1810	London
435903	Malory, Thomas	The history of the renowned Prince Arthur, king of Britain; with his life and death, and all his glorious battles.  Likewise, the noble acts and heroic deeds of his valiant knights of the Round Table.	2	1816	London
436163		The Irish emigrant. An historical tale founded on fact, by an Hibernian [pseud.]	2	1817	Winchester, VA.
437873	Ashe, Thomas	The spirit of "The book", or, Memoirs of Caroline princess of Hasburgh : a political and amatory romance : in one volume / edited by Thomas Ashe.	1	1812	Philadelphia
438976	Scott, Walter	Paul\\\'s letters to his kinsfolk.	1	1816	Edinburgh
